slug,header,subheader,location
manutencao-ar-condicionado-albufeira,Manutenção de ar condicionado em Albufeira,Oferecemos serviços de manutenção de ar condicionado para garantir o funcionamento eficiente do seu sistema. Entre em contato conosco para agendar uma visita.,Albufeira
manutencao-de-ar-condicionado-albufeira,Manutenção de ar condicionado em Albufeira,Oferecemos serviços de manutenção de ar condicionado para garantir o perfeito funcionamento do seu sistema de climatização.,Albufeira
ar-condicionado-manutencao-albufeira,Manutenção de ar condicionado em Albufeira,"Oferecemos serviços de manutenção para garantir o funcionamento ideal do seu sistema de ar condicionado, atendendo tanto residências como empresas.",Albufeira
manutencao-em-ar-condicionado-albufeira,Manutenção em ar condicionado em Albufeira,"Oferecemos serviços de manutenção de ar condicionado para garantir o seu conforto e eficiência, tanto em instalações residenciais como comerciais.",Albufeira
empresa-de-manutencao-de-ar-condicionado-albufeira,Empresa de manutenção de ar condicionado em Albufeira,"Oferecemos serviços de manutenção e reparação de ar condicionado para residências e empresas, garantindo o funcionamento ideal do seu equipamento.",Albufeira
manutencao-preventiva-ar-condicionado-albufeira,Manutenção preventiva de ar condicionado em Albufeira,"Oferecemos serviços de manutenção preventiva para garantir o funcionamento eficiente do seu ar condicionado, seja para sua residência ou empresa.",Albufeira
manutencao-ar-condicionado-residencial-albufeira,Manutenção de ar condicionado residencial em Albufeira,Oferecemos serviços de manutenção de ar condicionado residencial para garantir que o seu sistema funcione de forma eficiente e confiável. Entre em contato conosco para uma avaliação e serviço de qualidade.,Albufeira
instalacao-e-manutencao-de-ar-condicionado-albufeira,Instalação e manutenção de ar condicionado em Albufeira,"Oferecemos serviços de instalação e manutenção de ar condicionado para residências e empresas em Albufeira. Trabalhamos com todas as principais marcas como LG, Daikin e Samsung.",Albufeira
manutencao-de-ar-condicionado-residencial-albufeira,Manutenção de ar condicionado residencial em Albufeira,Oferecemos serviços de manutenção de ar condicionado residencial para garantir o seu conforto e eficiência.,Albufeira
manutencao-de-ar-condicionado-split-albufeira,Manutenção de ar condicionado split em Albufeira,"Oferecemos serviços de manutenção especializada para ar condicionado split, garantindo conforto e eficiência em sua casa ou empresa.",Albufeira
manutencao-ar-condicionado-perto-de-mim-albufeira,Manutenção de ar condicionado perto de mim,"Oferecemos serviços de manutenção de ar condicionado em Albufeira, garantindo o desempenho ideal do seu sistema de climatização.",Albufeira
manutencao-ar-condicionado-split-albufeira,Manutenção de ar condicionado split em Albufeira,"Oferecemos serviços de manutenção especializada para sistemas de ar condicionado split, garantindo o desempenho ideal e a eficiência do seu equipamento.",Albufeira
manutencao-preventiva-de-ar-condicionado-albufeira,Manutenção preventiva de ar condicionado em Albufeira,Oferecemos serviços de manutenção preventiva para garantir o funcionamento eficaz e duradouro do seu ar condicionado.,Albufeira
empresa-manutencao-ar-condicionado-albufeira,Empresa de manutenção de ar condicionado em Albufeira,"Oferecemos serviços de manutenção para sistemas de ar condicionado, garantindo o seu funcionamento eficaz e prolongando a sua vida útil.",Albufeira
manutencao-e-instalacao-de-ar-condicionado-albufeira,Manutenção e instalação de ar condicionado em Albufeira,"Oferecemos serviços profissionais de manutenção e instalação de ar condicionado para residências e empresas, garantindo conforto e eficiência.",Albufeira
manutencao-em-ar-condicionado-residencial-albufeira,Manutenção em ar condicionado residencial em Albufeira,"Oferecemos serviços de manutenção para sistemas de ar condicionado residenciais, garantindo conforto e eficiência em sua casa.",Albufeira
manutencao-ar-condicionado-lg-albufeira,Manutenção de ar condicionado LG em Albufeira,"Oferecemos serviços de manutenção para sistemas de ar condicionado da marca LG, garantindo que seu equipamento funcione perfeitamente. Também realizamos manutenção para todas as principais marcas.",Albufeira
manutencao-ar-condicionado-portatil-albufeira,Manutenção de ar condicionado portátil em Albufeira,"Oferecemos serviços de manutenção especializados para garantir o bom funcionamento do seu ar condicionado portátil, tanto para residências como para empresas.",Albufeira
manutencao-ar-condicionado-daikin-albufeira,Manutenção de ar condicionado Daikin em Albufeira,"Oferecemos serviços de manutenção especializados para sistemas de ar condicionado Daikin, garantindo o seu conforto e eficiência.",Albufeira
manutencao-do-ar-condicionado-albufeira,Manutenção do ar condicionado em Albufeira,"Oferecemos serviços de manutenção de ar condicionado para garantir o seu funcionamento ideal, tanto para residências como para empresas.",Albufeira
manutencao-de-ar-condicionado-portatil-albufeira,Manutenção de ar condicionado portátil em Albufeira,"Oferecemos serviços de manutenção especializados para ar condicionado portátil, garantindo que seu aparelho funcione de forma eficiente e eficaz.",Albufeira
servico-de-manutencao-de-ar-condicionado-albufeira,Serviço de manutenção de ar condicionado em Albufeira,"Oferecemos serviços de manutenção para todos os tipos de sistemas de ar condicionado, garantindo o seu funcionamento eficiente e duradouro.",Albufeira
manutencao-de-ar-condicionado-central-albufeira,Manutenção de ar condicionado central em Albufeira,"Oferecemos serviços de manutenção eficiente para sistemas de ar condicionado central em residências e empresas, garantindo o funcionamento ideal do seu equipamento.",Albufeira
ar-condicionado-instalacao-e-manutencao-albufeira,Instalação e manutenção de ar condicionado em Albufeira,"Oferecemos serviços de instalação e manutenção de sistemas de ar condicionado para residências e empresas, garantindo conforto e eficiência.",Albufeira
higienizacao-ar-condicionado-split-albufeira,Higienização de ar condicionado split em Albufeira,Garanta a eficiência e a qualidade do seu ar condicionado split com nossos serviços de higienização profissional.,Albufeira
manutencao-de-ar-albufeira,Manutenção de ar condicionado em Albufeira,"Oferecemos serviços de manutenção de ar condicionado para garantir o funcionamento eficiente e duradouro do seu sistema, seja em residências ou empresas.",Albufeira
refrigeracao-manutencao-albufeira,Manutenção de refrigeração em Albufeira,"Oferecemos serviços de manutenção para sistemas de refrigeração, garantindo que o seu equipamento funcione de forma eficiente e confiável.",Albufeira
manutencao-de-ar-condicionado-industrial-albufeira,Manutenção de ar condicionado industrial em Albufeira,Oferecemos serviços de manutenção de ar condicionado industrial para garantir o funcionamento eficiente e duradouro do seu equipamento.,Albufeira
empresas-que-fazem-manutencao-de-ar-condicionado-albufeira,Empresa de ar condicionado em Albufeira,"Oferecemos serviços de manutenção de ar condicionado para residências e empresas, garantindo o melhor desempenho do seu sistema.",Albufeira
manutencao-ar-condicionado-samsung-albufeira,Manutenção de ar condicionado Samsung em Albufeira,"Oferecemos serviços de manutenção especializados para o seu ar condicionado Samsung, garantindo um funcionamento eficiente e duradouro.",Albufeira
ar-condicionado-manutencao-preventiva-albufeira,Manutenção preventiva de ar condicionado em Albufeira,Garanta o funcionamento eficiente do seu ar condicionado com nossos serviços de manutenção preventiva em Albufeira. Estamos à disposição para atender tanto residências quanto empresas.,Albufeira
assistencia-tecnica-ar-condicionado-fujitsu-albufeira,Assistência técnica de ar condicionado Fujitsu em Albufeira,"Oferecemos serviços de reparação e manutenção de ar condicionado Fujitsu, garantindo que você tenha o conforto que precisa em sua casa ou empresa.",Albufeira
ar-condicionado-assistencia-albufeira,Assistência de ar condicionado em Albufeira,"Oferecemos serviços de assistência técnica para qualquer marca de ar condicionado, garantindo conforto e qualidade no seu ambiente.",Albufeira
empresa-de-manutencao-ar-condicionado-albufeira,Empresa de manutenção de ar condicionado em Albufeira,"Oferecemos serviços de manutenção para todos os tipos de sistemas de ar condicionado, garantindo eficiência e conforto para sua casa ou empresa.",Albufeira
manutencao-em-ar-condicionado-split-albufeira,Manutenção em ar condicionado split em Albufeira,"Oferecemos serviços profissionais de manutenção para ar condicionado split, garantindo o seu funcionamento eficiente em ambientes residenciais e comerciais.",Albufeira
manutencao-ar-condicionado-fujitsu-albufeira,Manutenção de ar condicionado Fujitsu em Albufeira,"Oferecemos serviços de manutenção especializada para sistemas de ar condicionado Fujitsu, garantindo um desempenho ideal e conforto em sua casa ou empresa.",Albufeira
ar-condicionado-manutencao-e-instalacao-albufeira,Manutenção e instalação de ar condicionado em Albufeira,"Oferecemos serviços de manutenção e instalação de sistemas de ar condicionado, garantindo conforto e eficiência para sua casa ou empresa.",Albufeira
manutencao-ar-condicionado-24-horas-albufeira,Manutenção de ar condicionado 24 horas em Albufeira,"Oferecemos serviços de manutenção de ar condicionado 24 horas para garantir que o seu sistema funcione perfeitamente, esteja você em casa ou no seu negócio.",Albufeira
orcamento-de-manutencao-de-ar-condicionado-albufeira,Orçamento de manutenção de ar condicionado em Albufeira,"Oferecemos serviços de manutenção de ar condicionado para residências e empresas, garantindo o funcionamento eficiente do seu sistema.",Albufeira
manutencao-corretiva-ar-condicionado-albufeira,Manutenção corretiva de ar condicionado em Albufeira,"Oferecemos serviços de manutenção corretiva para garantir o funcionamento eficiente do seu ar condicionado, tanto em instalações residenciais como comerciais.",Albufeira
empresa-manutencao-de-ar-condicionado-albufeira,Empresa de manutenção de ar condicionado em Albufeira,"Oferecemos serviços de manutenção de ar condicionado para residências e empresas, garantindo conforto e eficiência no seu sistema.",Albufeira
ar-condicionado-split-manutencao-albufeira,Manutenção de ar condicionado split em Albufeira,"Oferecemos serviços de manutenção de ar condicionado split para garantir o seu funcionamento ideal, tanto para residências como para empresas.",Albufeira
manutencao-de-ar-condicionado-perto-de-mim-albufeira,Manutenção de ar condicionado em Albufeira,Oferecemos serviços de manutenção de ar condicionado para residências e empresas em Albufeira. A nossa equipe está pronta para garantir que o seu sistema de ar condicionado funcione de forma eficiente.,Albufeira
manutencao-split-albufeira,Manutenção de ar condicionado split em Albufeira,"Oferecemos serviços de manutenção de sistemas de ar condicionado split, garantindo o máximo desempenho e conforto para sua casa ou empresa.",Albufeira
daikin-manutencao-albufeira,Manutenção de ar condicionado Daikin em Albufeira,"Oferecemos serviços de manutenção especializados para sistemas de ar condicionado Daikin, garantindo o melhor desempenho e eficiência do seu equipamento.",Albufeira
manutencao-ar-condicionado-lg-dual-inverter-albufeira,Manutenção de ar condicionado LG Dual Inverter em Albufeira,"Oferecemos serviços de manutenção especializados para o seu ar condicionado LG Dual Inverter, garantindo performance e eficiência para o seu conforto.",Albufeira
revisao-de-ar-condicionado-albufeira,Revisão de ar condicionado em Albufeira,Mantenha o seu ar condicionado em ótimo estado com os nossos serviços de revisão especializados.,Albufeira
manutencao-preventiva-em-ar-condicionado-albufeira,Manutenção preventiva em ar condicionado em Albufeira,Oferecemos serviços de manutenção preventiva para garantir o perfeito funcionamento do seu ar condicionado em residências e empresas.,Albufeira
manutencao-ar-condicionado-janela-albufeira,Manutenção de ar condicionado de janela em Albufeira,"Oferecemos serviços de manutenção especializados para ar condicionado de janela, garantindo um funcionamento eficiente e duradouro em sua casa ou empresa.",Albufeira
manutencao-em-ar-condicionado-industrial-albufeira,Manutenção em ar condicionado industrial em Albufeira,"Oferecemos serviços de manutenção especializados para sistemas de ar condicionado industrial, garantindo o melhor desempenho e eficiência para a sua empresa.",Albufeira
manutencao-preventiva-e-corretiva-ar-condicionado-albufeira,Manutenção preventiva e corretiva de ar condicionado em Albufeira,Oferecemos serviços de manutenção preventiva e corretiva para garantir o funcionamento ideal do seu ar condicionado em residências e empresas.,Albufeira
manutencao-ar-condicionado-central-albufeira,Manutenção de ar condicionado central em Albufeira,"Oferecemos serviços de manutenção especializada para sistemas de ar condicionado central, garantindo o melhor desempenho e eficiência energética.",Albufeira
manutencao-ar-condicionado-industrial-albufeira,Manutenção de ar condicionado industrial em Albufeira,"Oferecemos serviços de manutenção para sistemas de ar condicionado industrial, garantindo eficiência e durabilidade em suas instalações.",Albufeira
manutencao-ar-condicionado-de-janela-albufeira,Manutenção de ar condicionado de janela em Albufeira,"Oferecemos serviços de manutenção para ar condicionado de janela, garantindo conforto e eficiência energética na sua casa ou empresa.",Albufeira
preventiva-de-ar-condicionado-albufeira,Manutenção preventiva de ar condicionado em Albufeira,"Oferecemos serviços de manutenção preventiva para garantir o melhor desempenho do seu ar condicionado, tanto em residências como em empresas.",Albufeira
manutencao-de-ar-condicionado-lg-albufeira,Manutenção de ar condicionado LG em Albufeira,"Oferecemos serviços de manutenção para sistemas de ar condicionado LG e de todas as marcas, garantindo o melhor desempenho do seu equipamento.",Albufeira
assistencia-de-ar-condicionado-albufeira,Assistência de ar condicionado em Albufeira,"Oferecemos serviços de assistência técnica para todos os tipos de ar condicionados, garantindo o seu conforto em Albufeira.",Albufeira
manutencao-de-ar-condicionado-de-janela-albufeira,Manutenção de ar condicionado de janela em Albufeira,Oferecemos serviços de manutenção de ar condicionado de janela para garantir que o seu aparelho funcione de forma eficiente e duradoura.,Albufeira
ar-condicionado-residencial-manutencao-albufeira,Manutenção de ar condicionado residencial em Albufeira,Oferecemos serviços de manutenção para garantir o funcionamento eficiente do seu ar condicionado residencial.,Albufeira
preventiva-ar-condicionado-albufeira,Manutenção preventiva de ar condicionado em Albufeira,Garanta o desempenho ideal do seu sistema de ar condicionado com nossos serviços de manutenção preventiva em Albufeira. Oferecemos soluções para residências e empresas.,Albufeira
manutencao-de-split-albufeira,Manutenção de ar condicionado split em Albufeira,Oferecemos serviços de manutenção de ar condicionado split para garantir o desempenho ideal do seu equipamento.,Albufeira
empresa-de-manutencao-em-ar-condicionado-albufeira,Empresa de manutenção em ar condicionado em Albufeira,Oferecemos serviços de manutenção e reparação de ar condicionado para residências e empresas em Albufeira.,Albufeira
manutencao-ar-condicionado-springer-albufeira,Manutenção de ar condicionado Springer em Albufeira,"Oferecemos serviços de manutenção profissional para sistemas de ar condicionado Springer, garantindo que o seu equipamento funcione de forma eficiente e confiável.",Albufeira
manutencao-para-ar-condicionado-albufeira,Manutenção para ar condicionado em Albufeira,"Oferecemos serviços de manutenção para ar condicionado, garantindo um funcionamento eficiente dos seus sistemas, tanto em instalações residenciais como comerciais.",Albufeira
manutencao-ar-split-albufeira,Manutenção de ar condicionado split em Albufeira,Oferecemos serviços de manutenção para garantir o funcionamento eficiente do seu ar condicionado split. Entre em contato para uma avaliação!,Albufeira
manutencao-preventiva-e-corretiva-de-ar-condicionado-albufeira,Manutenção preventiva e corretiva de ar condicionado em Albufeira,"Oferecemos serviços completos de manutenção preventiva e corretiva para garantir o ótimo funcionamento do seu sistema de ar condicionado, seja em residências ou empresas.",Albufeira
empresa-de-higienizacao-de-ar-condicionado-albufeira,Empresa de higienização de ar condicionado em Albufeira,"Oferecemos serviços de higienização para ar condicionado, garantindo a qualidade do ar e eficiência do seu equipamento.",Albufeira
air-systems-manutencao-de-ar-condicionado-albufeira,Manutenção de ar condicionado em Albufeira,"Oferecemos serviços de manutenção para sistemas de ar condicionado, garantindo que o seu sistema funcione de maneira eficiente e prolongando a sua vida útil.",Albufeira
ar-condicionado-carrier-manutencao-albufeira,Manutenção de ar condicionado Carrier em Albufeira,"Oferecemos serviços de manutenção especializados para unidades de ar condicionado Carrier, garantindo que seu sistema funcione de maneira eficiente e prolongue a sua vida útil.",Albufeira
ar-condicionado-central-manutencao-albufeira,Manutenção de ar condicionado central em Albufeira,"Oferecemos serviços de manutenção completos para sistemas de ar condicionado central, garantindo que o seu equipamento funcione de forma eficiente e duradouro.",Albufeira
ar-condicionado-daikin-manutencao-albufeira,Manutenção de ar condicionado Daikin em Albufeira,"Oferecemos serviços de manutenção especializados para sistemas de ar condicionado Daikin, garantindo que o seu equipamento funcione de forma eficiente e duradoura.",Albufeira
ar-condicionado-de-janela-manutencao-albufeira,Manutenção de ar condicionado de janela em Albufeira,"Oferecemos serviços de manutenção especializados para ar condicionado de janela, assegurando que o seu sistema funcione de forma eficiente e eficaz.",Albufeira
ar-condicionado-empresas-de-manutencao-albufeira,Empresa de ar condicionado em Albufeira,"Oferecemos serviços de manutenção de sistemas de ar condicionado para residências e empresas, garantindo o seu conforto e eficiência.",Albufeira
ar-condicionado-fujitsu-manutencao-albufeira,Manutenção de ar condicionado Fujitsu em Albufeira,"Oferecemos serviços de manutenção de ar condicionado Fujitsu, garantindo que o seu sistema funcione de forma eficiente e prolongando a sua vida útil.",Albufeira
ar-condicionado-instalacao-manutencao-albufeira,Instalação e manutenção de ar condicionado em Albufeira,"Oferecemos serviços de instalação e manutenção de sistemas de ar condicionado para residências e empresas. Trabalhamos com todas as principais marcas, garantindo eficiência e conforto.",Albufeira
ar-condicionado-inverter-manutencao-albufeira,Manutenção de ar condicionado inverter em Albufeira,"Oferecemos serviços de manutenção especializada para sistemas de ar condicionado inverter, garantindo o seu funcionamento eficiente e prolongando a sua vida útil.",Albufeira
ar-condicionado-janela-manutencao-albufeira,Manutenção de ar condicionado de janela em Albufeira,"Oferecemos serviços de manutenção profissional para o seu ar condicionado de janela, garantindo o funcionamento eficiente e prolongando a sua vida útil.",Albufeira
ar-condicionado-lg-manutencao-albufeira,Manutenção de ar condicionado LG em Albufeira,"Oferecemos serviços de manutenção para o seu ar condicionado LG, garantindo que o seu equipamento funcione de forma eficiente e duradoura.",Albufeira
ar-condicionado-portatil-manutencao-albufeira,Manutenção de ar condicionado portátil em Albufeira,Oferecemos serviços de manutenção para garantir que o seu ar condicionado portátil funcione sempre em ótimas condições.,Albufeira
ar-condicionado-precisa-de-manutencao-albufeira,Manutenção de ar condicionado em Albufeira,Oferecemos serviços de manutenção de ar condicionado para garantir que seu aparelho funcione de forma eficiente e duradoura.,Albufeira
ar-condicionado-samsung-manutencao-albufeira,Manutenção de ar condicionado Samsung em Albufeira,"Oferecemos serviços de manutenção especializada para o seu ar condicionado Samsung, garantindo o melhor desempenho e conforto no seu espaço.",Albufeira
ar-condicionado-springer-manutencao-albufeira,Manutenção de ar condicionado Springer em Albufeira,"Oferecemos serviços de manutenção especializados para sistemas de ar condicionado Springer, garantindo o seu funcionamento eficiente e prolongando a sua vida útil.",Albufeira
ar-ice-clean-manutencao-higienizacao-e-instalacao-de-ar-condicionado-albufeira,"Manutenção, higienização e instalação de ar condicionado em Albufeira","Oferecemos serviços completos de instalação, manutenção e higienização de sistemas de ar condicionado para residências e empresas, garantindo eficiência e conforto.",Albufeira
ar-manutencao-albufeira,Manutenção de ar condicionado em Albufeira,Oferecemos serviços de manutenção de ar condicionado para garantir o seu bom funcionamento e prolongar a vida útil do seu equipamento.,Albufeira
arcotec-ar-condicionado-instalacao-e-manutencao-albufeira,Instalação e manutenção de ar condicionado Arcotec em Albufeira,Oferecemos serviços de instalação e manutenção para sistemas de ar condicionado Arcotec e todas as principais marcas em Albufeira. Entre em contato conosco para garantir um ambiente confortável.,Albufeira
assistencia-em-ar-condicionado-albufeira,Assistência em ar condicionado em Albufeira,"Oferecemos serviços de assistência técnica, incluindo reparação e manutenção de sistemas de ar condicionado para residências e empresas.",Albufeira
assistencia-tecnica-ar-albufeira,Assistência técnica de ar em Albufeira,"Oferecemos serviços de assistência técnica para ar condicionado, garantindo conforto e eficiência em sua casa ou empresa.",Albufeira
assistencia-tecnica-ar-condicionado-hitachi-albufeira,Assistência técnica de ar condicionado Hitachi em Albufeira,"Oferecemos serviços de reparação e manutenção de unidades Hitachi, garantindo o funcionamento ideal do seu sistema de climatização.",Albufeira
assistencia-tecnica-em-ar-condicionado-albufeira,Assistência técnica em ar condicionado em Albufeira,Oferecemos serviços de reparação e manutenção de ar condicionado para residências e empresas em Albufeira.,Albufeira
carrier-manutencao-ar-condicionado-albufeira,Manutenção de ar condicionado Carrier em Albufeira,"Oferecemos serviços de manutenção para sistemas de ar condicionado Carrier, garantindo o seu funcionamento ideal e aumentando a durabilidade do equipamento.",Albufeira
empresa-de-ar-condicionado-manutencao-albufeira,Empresa de ar condicionado em Albufeira,Oferecemos serviços de manutenção especializada em sistemas de ar condicionado para residências e empresas.,Albufeira
empresa-de-instalacao-e-manutencao-de-ar-condicionado-albufeira,Empresa de instalação e manutenção de ar condicionado em Albufeira,"Oferecemos serviços de instalação e manutenção de sistemas de ar condicionado para residências e empresas, garantindo conforto em qualquer espaço.",Albufeira
empresas-de-instalacao-e-manutencao-de-ar-condicionado-albufeira,Empresa de instalação e manutenção de ar condicionado em Albufeira,"Oferecemos serviços profissionais de instalação e manutenção de ar condicionado para residências e empresas em Albufeira. Trabalhamos com todas as principais marcas como LG, Daikin e Samsung, garantindo conforto e qualidade.",Albufeira
fan-coil-manutencao-albufeira,Manutenção de fan coil em Albufeira,"Oferecemos serviços de manutenção para fan coils, garantindo o seu funcionamento eficiente e duradouro.",Albufeira
fujitsu-ar-condicionado-assistencia-tecnica-albufeira,Assistência técnica de ar condicionado Fujitsu em Albufeira,"Oferecemos serviços de instalação, reparação e manutenção de ar condicionado Fujitsu, garantindo que seu sistema funcione sempre na melhor condição.",Albufeira
fujitsu-ar-condicionado-manutencao-albufeira,Manutenção de ar condicionado Fujitsu em Albufeira,"Oferecemos serviços de manutenção especializados para sistemas de ar condicionado Fujitsu, garantindo eficiência e conforto em sua residência ou empresa.",Albufeira
higienizar-ar-condicionado-split-albufeira,Higienização de ar condicionado split em Albufeira,"Oferecemos serviços de higienização profissional para unidades de ar condicionado split, garantindo um ambiente saudável e agradável na sua casa ou empresa.",Albufeira
higienizacao-de-ar-condicionado-de-janela-albufeira,Higienização de ar condicionado de janela em Albufeira,"Oferecemos serviços de higienização eficientes para o seu ar condicionado de janela, garantindo um ambiente mais saudável and confortável em sua casa ou escritório.",Albufeira
instalacao-de-ar-condicionado-e-manutencao-albufeira,Instalação de ar condicionado e manutenção em Albufeira,"Oferecemos serviços de instalação e manutenção de ar condicionado para residências e empresas, garantindo conforto e qualidade no seu ambiente.",Albufeira
instalacao-e-manutencao-ar-condicionado-albufeira,Instalação e manutenção de ar condicionado em Albufeira,"Oferecemos serviços completos de instalação e manutenção para sistemas de ar condicionado, garantindo conforto e eficiência para residências e empresas.",Albufeira
instalacao-e-manutencao-de-ar-condicionado-split-albufeira,Instalação e manutenção de ar condicionado split em Albufeira,"Oferecemos serviços completos de instalação e manutenção de sistemas de ar condicionado split, garantindo conforto e eficiência para sua casa ou empresa.",Albufeira
instalacao-e-manutencao-de-split-albufeira,Instalação e manutenção de ar condicionado split em Albufeira,"Oferecemos serviços de instalação e manutenção para sistemas de ar condicionado split, garantindo conforto e eficiência energética para residências e empresas.",Albufeira
instalacao-e-manutencao-em-ar-condicionado-albufeira,Instalação e manutenção de ar condicionado em Albufeira,Oferecemos serviços de instalação e manutenção de ar condicionado tanto para residências como para empresas em Albufeira. Entre em contato para garantir o conforto no seu ambiente.,Albufeira
instalacao-manutencao-ar-condicionado-albufeira,Instalação e manutenção de ar condicionado em Albufeira,"Oferecemos serviços de instalação e manutenção de ar condicionado para residências e empresas, trabalhando com todas as principais marcas como LG, Daikin e Samsung.",Albufeira
manutencao-ar-albufeira,Manutenção de ar condicionado em Albufeira,"Oferecemos serviços de manutenção para todos os tipos de sistemas de ar condicionado, garantindo o seu funcionamento eficiente e duradouro.",Albufeira
manutencao-ar-cond-albufeira,Manutenção de ar condicionado em Albufeira,"Oferecemos serviços de manutenção de ar condicionado para garantir o funcionamento eficiente do seu equipamento, seja em residências ou empresas.",Albufeira
manutencao-de-ar-split-albufeira,Manutenção de ar condicionado split em Albufeira,"Oferecemos serviços de manutenção de ar condicionado split para garantir que o seu sistema funcione sempre em perfeitas condições, atendendo a residências e empresas.",Albufeira
manutencao-em-ar-albufeira,Manutenção de ar condicionado em Albufeira,"Oferecemos serviços completos de manutenção para o seu sistema de ar condicionado, garantindo o seu perfeito funcionamento e eficiência.",Albufeira
manutencao-ar-condicionado-carrier-albufeira,Manutenção de ar condicionado Carrier em Albufeira,"Oferecemos serviços de manutenção especializados para sistemas de ar condicionado Carrier, garantindo um funcionamento eficiente e prolongando a vida útil do seu equipamento.",Albufeira
manutencao-ar-condicionado-comfee-albufeira,Manutenção de ar condicionado Comfee em Albufeira,"Oferecemos serviços de manutenção especializada para seus sistemas Comfee, garantindo o desempenho ideal do seu ar condicionado.",Albufeira
manutencao-ar-condicionado-delonghi-albufeira,Manutenção de ar condicionado Delonghi em Albufeira,"Oferecemos serviços de manutenção para o seu ar condicionado Delonghi, garantindo o seu ideal funcionamento e conforto.",Albufeira
manutencao-ar-condicionado-gree-albufeira,Manutenção de ar condicionado Gree em Albufeira,"Oferecemos serviços de manutenção especializados para ar condicionado Gree, garantindo que o seu sistema funcione de forma eficiente e prolongando a sua vida útil.",Albufeira
manutencao-ar-condicionado-hitachi-albufeira,Manutenção de ar condicionado Hitachi em Albufeira,"Oferecemos serviços de manutenção especializados para sistemas de ar condicionado Hitachi, garantindo o perfeito funcionamento do seu equipamento.",Albufeira
manutencao-ar-condicionado-inverter-albufeira,Manutenção de ar condicionado inverter em Albufeira,"Oferecemos serviços de manutenção especializados para sistemas de ar condicionado inverter, garantindo o seu funcionamento eficiente e prolongando a sua vida útil.",Albufeira
manutencao-ar-condicionado-k7-albufeira,Manutenção de ar condicionado K7 em Albufeira,"Oferecemos serviços de manutenção para sistemas de ar condicionado K7, garantindo um funcionamento eficiente e duradouro.",Albufeira
manutencao-ar-condicionado-lg-inverter-albufeira,Manutenção de ar condicionado LG Inverter em Albufeira,"Oferecemos serviços de manutenção especializados para sistemas de ar condicionado LG Inverter, garantindo o funcionamento eficiente e prolongando a vida útil do seu equipamento.",Albufeira
manutencao-ar-condicionado-portatil-delonghi-albufeira,Manutenção de ar condicionado portátil Delonghi em Albufeira,"Oferecemos serviços completos de manutenção para o seu ar condicionado portátil Delonghi, garantindo que ele funcione de forma eficiente e prolongue a sua vida útil.",Albufeira
manutencao-ar-condicionado-portatil-midea-albufeira,Manutenção de ar condicionado portátil Midea em Albufeira,"Oferecemos serviços de manutenção para o seu ar condicionado portátil Midea, garantindo o seu funcionamento ideal durante todo o ano.",Albufeira
manutencao-ar-condicionado-samsung-inverter-albufeira,Manutenção de ar condicionado Samsung inverter em Albufeira,"Garantimos um serviço de qualidade para manter o seu ar condicionado Samsung inverter em perfeito estado, seja para uso residencial ou comercial.",Albufeira
manutencao-ar-condicionado-split-gree-albufeira,Manutenção de ar condicionado split Gree em Albufeira,"Oferecemos serviços de manutenção para o seu ar condicionado split Gree, garantindo um funcionamento eficiente e prolongando a vida útil do seu equipamento em Albufeira.",Albufeira
manutencao-ar-condicionado-split-samsung-albufeira,Manutenção de ar condicionado split Samsung em Albufeira,"Oferecemos serviços de manutenção especializados para o seu ar condicionado split Samsung, garantindo o seu funcionamento eficiente e prolongando a sua vida útil.",Albufeira
manutencao-ar-condicionado-springer-carrier-albufeira,Manutenção de ar condicionado Springer e Carrier em Albufeira,"Oferecemos serviços de manutenção para os sistemas de ar condicionado das marcas Springer e Carrier, garantindo que seu equipamento funcione de forma eficiente e duradoura.",Albufeira
manutencao-ar-portatil-albufeira,Manutenção de ar portátil em Albufeira,"Oferecemos serviços de manutenção especializada para o seu ar condicionado portátil, garantindo o seu funcionamento eficaz e duradouro.",Albufeira
manutencao-avac-albufeira,Manutenção de AVAC em Albufeira,"Oferecemos serviços de manutenção para sistemas de climatização, garantindo o funcionamento eficiente e duradouro do seu equipamento.",Albufeira
manutencao-central-de-ar-albufeira,Manutenção de central de ar em Albufeira,Oferecemos serviços de manutenção de sistemas de ar condicionado central para garantir o seu funcionamento eficiente e prolongar a sua vida útil.,Albufeira
manutencao-climatizador-springer-albufeira,Manutenção de climatizador Springer em Albufeira,"Oferecemos serviços especializados de manutenção para climatizadores Springer, garantindo eficiência e conforto em sua casa ou empresa.",Albufeira
manutencao-condicionador-de-ar-albufeira,Manutenção de condicionador de ar em Albufeira,"Oferecemos serviços de manutenção para todos os tipos de condicionadores de ar, garantindo o seu funcionamento eficiente em ambientes residenciais e comerciais.",Albufeira
manutencao-corretiva-de-ar-condicionado-albufeira,Manutenção corretiva de ar condicionado em Albufeira,Oferecemos serviços de manutenção corretiva para garantir o funcionamento otimizado do seu ar condicionado. Trabalhamos com todas as marcas e asseguramos a qualidade do nosso trabalho.,Albufeira
manutencao-corretiva-e-preventiva-de-ar-condicionado-albufeira,Manutenção corretiva e preventiva de ar condicionado em Albufeira,"Oferecemos serviços de manutenção corretiva e preventiva de ar condicionado para garantir o funcionamento ideal do seu sistema, seja em residências ou empresas.",Albufeira
manutencao-corretiva-em-ar-condicionado-albufeira,Manutenção corretiva em ar condicionado em Albufeira,"Oferecemos serviços de manutenção corretiva para garantir o funcionamento eficiente do seu ar condicionado, seja em ambientes residenciais ou comerciais.",Albufeira
manutencao-de-aparelhos-de-ar-condicionado-albufeira,Manutenção de aparelhos de ar condicionado em Albufeira,"Oferecemos serviços de manutenção completos para aparelhos de ar condicionado, garantindo o seu funcionamento eficiente e prolongando a sua vida útil.",Albufeira
manutencao-de-ar-central-albufeira,Manutenção de ar condicionado central em Albufeira,"Oferecemos serviços de manutenção de ar condicionado central para garantir o funcionamento eficiente do seu sistema, tanto em residências como em empresas.",Albufeira
manutencao-de-ar-condicionado-24-horas-albufeira,Manutenção de ar condicionado 24 horas em Albufeira,"Oferecemos serviços de manutenção de ar condicionado disponíveis 24 horas, para garantir que seu ambiente esteja sempre confortável.",Albufeira
manutencao-de-ar-condicionado-carrier-albufeira,Manutenção de ar condicionado Carrier em Albufeira,Oferecemos serviços de manutenção especializados para sistemas de ar condicionado Carrier e todas as principais marcas. Garantimos um desempenho eficiente e confiável.,Albufeira
manutencao-de-ar-condicionado-comercial-albufeira,Manutenção de ar condicionado comercial em Albufeira,"Oferecemos serviços de manutenção para sistemas de ar condicionado comerciais, garantindo eficiência e conforto para o seu negócio.",Albufeira
manutencao-de-ar-condicionado-daikin-albufeira,Manutenção de ar condicionado Daikin em Albufeira,"Oferecemos serviços de manutenção para sistemas de ar condicionado Daikin, garantindo o seu perfeito funcionamento e conforto em sua casa ou empresa.",Albufeira
manutencao-de-ar-condicionado-de-parede-albufeira,Manutenção de ar condicionado de parede em Albufeira,Oferecemos serviços de manutenção de ar condicionado de parede para garantir o seu funcionamento eficiente e prolongar a sua vida útil. Entre em contacto connosco para um serviço rápido e de qualidade.,Albufeira
manutencao-de-ar-condicionado-elgin-albufeira,Manutenção de ar condicionado Elgin em Albufeira,"Oferecemos serviços de manutenção eficientes e de qualidade para o seu ar condicionado Elgin, garantindo que o seu sistema funcione de forma otimizada.",Albufeira
manutencao-de-ar-condicionado-fujitsu-albufeira,Manutenção de ar condicionado Fujitsu em Albufeira,Oferecemos serviços de manutenção especializados para garantir o ótimo funcionamento do seu ar condicionado Fujitsu em Albufeira.,Albufeira
manutencao-de-ar-condicionado-gree-albufeira,Manutenção de ar condicionado Gree em Albufeira,"Oferecemos serviços de manutenção para sistemas de ar condicionado Gree, garantindo o seu funcionamento eficaz e prolongando a sua vida útil.",Albufeira
manutencao-de-ar-condicionado-inverter-albufeira,Manutenção de ar condicionado inverter em Albufeira,"Oferecemos serviços de manutenção especializada para sistemas de ar condicionado inverter, garantindo um desempenho eficiente e prolongando a vida útil do seu equipamento.",Albufeira
manutencao-de-ar-condicionado-janela-albufeira,Manutenção de ar condicionado de janela em Albufeira,Oferecemos serviços de manutenção de ar condicionado de janela para garantir o funcionamento eficiente e duradouro do seu sistema.,Albufeira
manutencao-de-ar-condicionado-mais-proximo-albufeira,Manutenção de ar condicionado mais próximo em Albufeira,"Oferecemos serviços de manutenção de ar condicionado para residências e empresas, garantindo o melhor desempenho do seu sistema.",Albufeira
manutencao-de-ar-condicionado-midea-albufeira,Manutenção de ar condicionado Midea em Albufeira,"Oferecemos serviços de manutenção para a sua unidade Midea, garantindo o funcionamento eficiente e prolongando a sua vida útil.",Albufeira
manutencao-de-ar-condicionado-portatil-springer-albufeira,Manutenção de ar condicionado portátil Springer em Albufeira,"Oferecemos serviços de manutenção especializados para o seu ar condicionado portátil Springer, garantindo o seu funcionamento eficiente e prolongando a sua vida útil.",Albufeira
manutencao-de-ar-condicionado-predial-albufeira,Manutenção de ar condicionado predial em Albufeira,"Oferecemos serviços de manutenção para sistemas de ar condicionado predial, garantindo o desempenho ideal e a durabilidade do seu equipamento.",Albufeira
manutencao-de-ar-condicionado-samsung-albufeira,Manutenção de ar condicionado Samsung em Albufeira,"Oferecemos serviços de manutenção profissional para o seu ar condicionado Samsung, garantindo que o seu sistema funcione perfeitamente durante todo o ano.",Albufeira
manutencao-de-ar-condicionado-springer-albufeira,Manutenção de ar condicionado Springer em Albufeira,"Oferecemos serviços de manutenção especializada para unidades Springer, garantindo o ótimo funcionamento do seu ar condicionado.",Albufeira
manutencao-de-ares-condicionados-albufeira,Manutenção de ares condicionados em Albufeira,Oferecemos serviços de manutenção especializados para garantir o funcionamento eficiente do seu ar condicionado em qualquer ambiente.,Albufeira
manutencao-de-central-de-ar-albufeira,Manutenção de central de ar em Albufeira,"Oferecemos serviços completos de manutenção de centrais de ar, garantindo o funcionamento eficiente e duradouro do seu sistema.",Albufeira
manutencao-de-central-de-ar-condicionado-albufeira,Manutenção de central de ar condicionado em Albufeira,"Oferecemos serviços de manutenção profissional para centrais de ar condicionado, garantindo o seu correto funcionamento e eficiência.",Albufeira
manutencao-de-condicionador-de-ar-albufeira,Manutenção de condicionador de ar em Albufeira,"Oferecemos serviços de manutenção para condicionadores de ar, garantindo que o seu sistema funcione de forma eficiente e confiável.",Albufeira
manutencao-de-fan-coil-albufeira,Manutenção de fan coil em Albufeira,Oferecemos serviços de manutenção de fan coil para garantir que seu sistema de climatização funcione de forma eficiente e sem problemas.,Albufeira
manutencao-de-placa-de-ar-condicionado-albufeira,Manutenção de placa de ar condicionado em Albufeira,Oferecemos serviços de manutenção de placas de ar condicionado para garantir o perfeito funcionamento do seu equipamento.,Albufeira
manutencao-do-ar-albufeira,Manutenção do ar em Albufeira,"Oferecemos serviços de manutenção de sistemas de ar condicionado em residências e empresas, garantindo o seu funcionamento eficiente e prolongando a vida útil do seu equipamento.",Albufeira
manutencao-do-ar-condicionado-split-albufeira,Manutenção do ar condicionado split em Albufeira,"Oferecemos serviços de manutenção especializados para ar condicionado split, garantindo o seu funcionamento ideal e prolongando a sua vida útil.",Albufeira
manutencao-dos-ar-condicionados-albufeira,Manutenção dos ar condicionados em Albufeira,"Oferecemos serviços de manutenção de ar condicionados para residências e empresas, garantindo o seu funcionamento eficiente e prolongando a sua vida útil.",Albufeira
manutencao-e-higienizacao-de-ar-condicionado-albufeira,Manutenção e higienização de ar condicionado em Albufeira,Oferecemos serviços de manutenção e higienização de ar condicionado para garantir o máximo desempenho e eficiência do seu equipamento.,Albufeira
manutencao-e-instalacao-de-ar-condicionado-split-albufeira,Manutenção e instalação de ar condicionado split em Albufeira,"Oferecemos serviços de instalação, manutenção e reparação de sistemas de ar condicionado split para residências e empresas.",Albufeira
manutencao-e-preventiva-ar-condicionados-albufeira,Manutenção e preventiva de ar condicionados em Albufeira,"Oferecemos serviços de manutenção e preventiva para ar condicionados, garantindo que o seu sistema funcione de forma eficiente e prolongando a sua vida útil.",Albufeira
manutencao-em-ar-condicionado-de-janela-albufeira,Manutenção em ar condicionado de janela em Albufeira,"Oferecemos serviços de manutenção para ar condicionado de janela, garantindo o seu funcionamento ideal e prolongando a sua vida útil.",Albufeira
manutencao-em-ar-condicionado-portatil-albufeira,Manutenção de ar condicionado portátil em Albufeira,"Oferecemos serviços de manutenção especializados para o seu ar condicionado portátil, garantindo que ele funcione de forma eficiente e confiável.",Albufeira
manutencao-em-central-de-ar-albufeira,Manutenção em central de ar em Albufeira,"Oferecemos serviços de manutenção especializada em sistemas de ar condicionado central, garantindo o seu funcionamento eficiente e duradouro.",Albufeira
manutencao-em-refrigeracao-comercial-albufeira,Manutenção em refrigeração comercial em Albufeira,"Oferecemos serviços de manutenção de sistemas de refrigeração comercial, garantindo eficiência e funcionalidade para o seu negócio.",Albufeira
manutencao-fan-coil-albufeira,Manutenção de fan coil em Albufeira,"Oferecemos serviços especializados de manutenção para sistemas de fan coil, garantindo que seu ar condicionado funcione de forma eficiente e eficaz em sua residência ou empresa.",Albufeira
manutencao-lg-dual-inverter-albufeira,Manutenção de ar condicionado LG Dual Inverter em Albufeira,"Oferecemos serviços de manutenção especializada para o seu ar condicionado LG Dual Inverter, garantindo o seu funcionamento eficiente e prolongando sua vida útil.",Albufeira
manutencao-no-ar-condicionado-albufeira,Manutenção no ar condicionado em Albufeira,Oferecemos serviços de manutenção de ar condicionado para garantir o funcionamento eficiente e prolongar a vida útil do seu equipamento.,Albufeira
manutencao-periodica-ar-condicionado-albufeira,Manutenção periódica de ar condicionado em Albufeira,"Oferecemos serviços de manutenção periódica para garantir o funcionamento ideal do seu ar condicionado, tanto em residências como em empresas.",Albufeira
manutencao-periodica-de-ar-condicionado-albufeira,Manutenção periódica de ar condicionado em Albufeira,Oferecemos serviços de manutenção periódica para garantir o funcionamento eficiente do seu sistema de ar condicionado em residências e empresas.,Albufeira
manutencao-preditiva-ar-condicionado-albufeira,Manutenção preditiva de ar condicionado em Albufeira,Oferecemos serviços de manutenção preditiva para garantir que o seu sistema de ar condicionado opere de forma eficiente e confiável.,Albufeira
manutencao-preditiva-de-ar-condicionado-albufeira,Manutenção preditiva de ar condicionado em Albufeira,Oferecemos serviços de manutenção preditiva para garantir o ótimo funcionamento do seu ar condicionado. Contamos com uma equipa especializada para atender tanto residências como empresas.,Albufeira
manutencao-preventiva-ar-condicionado-split-albufeira,Manutenção preventiva de ar condicionado split em Albufeira,Garanta o bom funcionamento e a eficiência do seu ar condicionado split com os nossos serviços de manutenção preventiva em Albufeira. Estamos aqui para ajudar na manutenção e reparação.,Albufeira
manutencao-preventiva-condicionada-albufeira,Manutenção preventiva de ar condicionado em Albufeira,"Oferecemos serviços de manutenção preventiva para garantir o funcionamento eficiente do seu sistema de ar condicionado, proporcionando conforto e economia de energia.",Albufeira
manutencao-preventiva-de-ar-condicionado-split-albufeira,Manutenção preventiva de ar condicionado split em Albufeira,"Oferecemos serviços de manutenção preventiva para o seu ar condicionado split, garantindo o seu funcionamento eficiente e prolongando a sua vida útil.",Albufeira
manutencao-preventiva-do-ar-condicionado-albufeira,Manutenção preventiva do ar condicionado em Albufeira,"Oferecemos serviços de manutenção preventiva para garantir o bom funcionamento do seu ar condicionado, tanto em residências como em empresas.",Albufeira
manutencao-preventiva-fan-coil-albufeira,Manutenção preventiva de fan coil em Albufeira,"Oferecemos serviços de manutenção preventiva para sistemas de fan coil, garantindo que o seu equipamento funcione sempre em ótimas condições.",Albufeira
manutencao-preventiva-refrigeracao-albufeira,Manutenção preventiva de refrigeração em Albufeira,"Oferecemos serviços de manutenção preventiva para sistemas de refrigeração, garantindo eficiência e durabilidade para sua instalação.",Albufeira
manutencao-preventiva-split-albufeira,Manutenção preventiva de ar condicionado split em Albufeira,Assegure o bom funcionamento do seu ar condicionado com a nossa manutenção preventiva especializada.,Albufeira
manutencao-refrigeracao-comercial-albufeira,Manutenção de refrigeração comercial em Albufeira,Oferecemos serviços de manutenção de sistemas de refrigeração comercial para garantir o funcionamento eficiente do seu negócio.,Albufeira
manutencao-sistemas-avac-albufeira,Manutenção de sistemas AVAC em Albufeira,Oferecemos serviços de manutenção de sistemas AVAC para garantir o melhor funcionamento e eficiência do seu equipamento.,Albufeira
manutencao-split-inverter-albufeira,Manutenção de ar condicionado split inverter em Albufeira,"Oferecemos serviços de manutenção para sistemas de ar condicionado split inverter, garantindo um desempenho eficiente e prolongando a vida útil do seu equipamento.",Albufeira
manutencao-springer-ar-condicionado-albufeira,Manutenção de ar condicionado Springer em Albufeira,"Oferecemos serviços de manutenção especializada para sistemas de ar condicionado Springer, garantindo o seu funcionamento eficiente e duradouro em Albufeira.",Albufeira
montagem-e-manutencao-de-ar-condicionado-albufeira,Montagem e manutenção de ar condicionado em Albufeira,"Oferecemos serviços de montagem e manutenção de sistemas de ar condicionado para residências e empresas, garantindo conforto e eficiência.",Albufeira
oficina-de-manutencao-de-ar-condicionado-albufeira,Oficina de manutenção de ar condicionado em Albufeira,Oferecemos serviços de manutenção e reparação de ar condicionado para garantir o conforto do seu espaço.,Albufeira
orcamento-manutencao-ar-condicionado-albufeira,Orçamento para manutenção de ar condicionado em Albufeira,"Oferecemos serviços de manutenção para garantir o perfeito funcionamento do seu ar condicionado, seja em residências ou empresas. Entre em contato para um orçamento personalizado.",Albufeira
orcamento-manutencao-de-ar-condicionado-albufeira,Orçamento para manutenção de ar condicionado em Albufeira,"Oferecemos serviços de manutenção de ar condicionado para residencial e comercial, garantindo o funcionamento ideal do seu equipamento.",Albufeira
orcamento-para-manutencao-de-ar-condicionado-albufeira,Orçamento para manutenção de ar condicionado em Albufeira,"Oferecemos serviços de manutenção de ar condicionado para residências e empresas, garantindo que o seu equipamento funcione de forma eficiente.",Albufeira
preventiva-em-ar-condicionado-albufeira,Manutenção preventiva em ar condicionado em Albufeira,Oferecemos serviços de manutenção preventiva para garantir que o seu sistema de ar condicionado funcione de forma eficiente e prolongue a sua vida útil.,Albufeira
refrigeracao-e-manutencao-albufeira,Refrigeração e manutenção em Albufeira,"Oferecemos serviços de refrigeração e manutenção para residências e empresas, garantindo um ambiente confortável durante todo o ano.",Albufeira
servico-de-manutencao-ar-condicionado-albufeira,Serviço de manutenção de ar condicionado em Albufeira,"Oferecemos serviços de manutenção para garantir o funcionamento ideal do seu ar condicionado, seja em ambientes residenciais ou comerciais.",Albufeira
servicos-de-manutencao-preventiva-e-corretiva-de-ar-condicionado-albufeira,Serviços de manutenção preventiva e corretiva de ar condicionado em Albufeira,"Oferecemos serviços de manutenção que garantem o funcionamento ótimo do seu ar condicionado, tanto para residências como para empresas.",Albufeira
split-manutencao-albufeira,Manutenção de ar condicionado split em Albufeira,"Oferecemos serviços de manutenção profissionais para sistemas de ar condicionado split, garantindo o seu perfeito funcionamento.",Albufeira
manutencao-ar-condicionado-boliqueime,Manutenção de ar condicionado em Boliqueime,Oferecemos serviços de manutenção de ar condicionado para garantir o funcionamento eficiente do seu sistema. Entre em contato conosco para agendar uma visita.,Boliqueime
manutencao-de-ar-condicionado-boliqueime,Manutenção de ar condicionado em Boliqueime,Oferecemos serviços de manutenção de ar condicionado para garantir o perfeito funcionamento do seu sistema de climatização.,Boliqueime
ar-condicionado-manutencao-boliqueime,Manutenção de ar condicionado em Boliqueime,"Oferecemos serviços de manutenção para garantir o funcionamento ideal do seu sistema de ar condicionado, atendendo tanto residências como empresas.",Boliqueime
manutencao-em-ar-condicionado-boliqueime,Manutenção em ar condicionado em Boliqueime,"Oferecemos serviços de manutenção de ar condicionado para garantir o seu conforto e eficiência, tanto em instalações residenciais como comerciais.",Boliqueime
empresa-de-manutencao-de-ar-condicionado-boliqueime,Empresa de manutenção de ar condicionado em Boliqueime,"Oferecemos serviços de manutenção e reparação de ar condicionado para residências e empresas, garantindo o funcionamento ideal do seu equipamento.",Boliqueime
manutencao-preventiva-ar-condicionado-boliqueime,Manutenção preventiva de ar condicionado em Boliqueime,"Oferecemos serviços de manutenção preventiva para garantir o funcionamento eficiente do seu ar condicionado, seja para sua residência ou empresa.",Boliqueime
manutencao-ar-condicionado-residencial-boliqueime,Manutenção de ar condicionado residencial em Boliqueime,Oferecemos serviços de manutenção de ar condicionado residencial para garantir que o seu sistema funcione de forma eficiente e confiável. Entre em contato conosco para uma avaliação e serviço de qualidade.,Boliqueime
instalacao-e-manutencao-de-ar-condicionado-boliqueime,Instalação e manutenção de ar condicionado em Boliqueime,"Oferecemos serviços de instalação e manutenção de ar condicionado para residências e empresas em Boliqueime. Trabalhamos com todas as principais marcas como LG, Daikin e Samsung.",Boliqueime
manutencao-de-ar-condicionado-residencial-boliqueime,Manutenção de ar condicionado residencial em Boliqueime,Oferecemos serviços de manutenção de ar condicionado residencial para garantir o seu conforto e eficiência.,Boliqueime
manutencao-de-ar-condicionado-split-boliqueime,Manutenção de ar condicionado split em Boliqueime,"Oferecemos serviços de manutenção especializada para ar condicionado split, garantindo conforto e eficiência em sua casa ou empresa.",Boliqueime
manutencao-ar-condicionado-perto-de-mim-boliqueime,Manutenção de ar condicionado perto de mim,"Oferecemos serviços de manutenção de ar condicionado em Boliqueime, garantindo o desempenho ideal do seu sistema de climatização.",Boliqueime
manutencao-ar-condicionado-split-boliqueime,Manutenção de ar condicionado split em Boliqueime,"Oferecemos serviços de manutenção especializada para sistemas de ar condicionado split, garantindo o desempenho ideal e a eficiência do seu equipamento.",Boliqueime
manutencao-preventiva-de-ar-condicionado-boliqueime,Manutenção preventiva de ar condicionado em Boliqueime,Oferecemos serviços de manutenção preventiva para garantir o funcionamento eficaz e duradouro do seu ar condicionado.,Boliqueime
empresa-manutencao-ar-condicionado-boliqueime,Empresa de manutenção de ar condicionado em Boliqueime,"Oferecemos serviços de manutenção para sistemas de ar condicionado, garantindo o seu funcionamento eficaz e prolongando a sua vida útil.",Boliqueime
manutencao-e-instalacao-de-ar-condicionado-boliqueime,Manutenção e instalação de ar condicionado em Boliqueime,"Oferecemos serviços profissionais de manutenção e instalação de ar condicionado para residências e empresas, garantindo conforto e eficiência.",Boliqueime
manutencao-em-ar-condicionado-residencial-boliqueime,Manutenção em ar condicionado residencial em Boliqueime,"Oferecemos serviços de manutenção para sistemas de ar condicionado residenciais, garantindo conforto e eficiência em sua casa.",Boliqueime
manutencao-ar-condicionado-lg-boliqueime,Manutenção de ar condicionado LG em Boliqueime,"Oferecemos serviços de manutenção para sistemas de ar condicionado da marca LG, garantindo que seu equipamento funcione perfeitamente. Também realizamos manutenção para todas as principais marcas.",Boliqueime
manutencao-ar-condicionado-portatil-boliqueime,Manutenção de ar condicionado portátil em Boliqueime,"Oferecemos serviços de manutenção especializados para garantir o bom funcionamento do seu ar condicionado portátil, tanto para residências como para empresas.",Boliqueime
manutencao-ar-condicionado-daikin-boliqueime,Manutenção de ar condicionado Daikin em Boliqueime,"Oferecemos serviços de manutenção especializados para sistemas de ar condicionado Daikin, garantindo o seu conforto e eficiência.",Boliqueime
manutencao-do-ar-condicionado-boliqueime,Manutenção do ar condicionado em Boliqueime,"Oferecemos serviços de manutenção de ar condicionado para garantir o seu funcionamento ideal, tanto para residências como para empresas.",Boliqueime
manutencao-de-ar-condicionado-portatil-boliqueime,Manutenção de ar condicionado portátil em Boliqueime,"Oferecemos serviços de manutenção especializados para ar condicionado portátil, garantindo que seu aparelho funcione de forma eficiente e eficaz.",Boliqueime
servico-de-manutencao-de-ar-condicionado-boliqueime,Serviço de manutenção de ar condicionado em Boliqueime,"Oferecemos serviços de manutenção para todos os tipos de sistemas de ar condicionado, garantindo o seu funcionamento eficiente e duradouro.",Boliqueime
manutencao-de-ar-condicionado-central-boliqueime,Manutenção de ar condicionado central em Boliqueime,"Oferecemos serviços de manutenção eficiente para sistemas de ar condicionado central em residências e empresas, garantindo o funcionamento ideal do seu equipamento.",Boliqueime
ar-condicionado-instalacao-e-manutencao-boliqueime,Instalação e manutenção de ar condicionado em Boliqueime,"Oferecemos serviços de instalação e manutenção de sistemas de ar condicionado para residências e empresas, garantindo conforto e eficiência.",Boliqueime
higienizacao-ar-condicionado-split-boliqueime,Higienização de ar condicionado split em Boliqueime,Garanta a eficiência e a qualidade do seu ar condicionado split com nossos serviços de higienização profissional.,Boliqueime
manutencao-de-ar-boliqueime,Manutenção de ar condicionado em Boliqueime,"Oferecemos serviços de manutenção de ar condicionado para garantir o funcionamento eficiente e duradouro do seu sistema, seja em residências ou empresas.",Boliqueime
refrigeracao-manutencao-boliqueime,Manutenção de refrigeração em Boliqueime,"Oferecemos serviços de manutenção para sistemas de refrigeração, garantindo que o seu equipamento funcione de forma eficiente e confiável.",Boliqueime
manutencao-de-ar-condicionado-industrial-boliqueime,Manutenção de ar condicionado industrial em Boliqueime,Oferecemos serviços de manutenção de ar condicionado industrial para garantir o funcionamento eficiente e duradouro do seu equipamento.,Boliqueime
empresas-que-fazem-manutencao-de-ar-condicionado-boliqueime,Empresa de ar condicionado em Boliqueime,"Oferecemos serviços de manutenção de ar condicionado para residências e empresas, garantindo o melhor desempenho do seu sistema.",Boliqueime
manutencao-ar-condicionado-samsung-boliqueime,Manutenção de ar condicionado Samsung em Boliqueime,"Oferecemos serviços de manutenção especializados para o seu ar condicionado Samsung, garantindo um funcionamento eficiente e duradouro.",Boliqueime
ar-condicionado-manutencao-preventiva-boliqueime,Manutenção preventiva de ar condicionado em Boliqueime,Garanta o funcionamento eficiente do seu ar condicionado com nossos serviços de manutenção preventiva em Boliqueime. Estamos à disposição para atender tanto residências quanto empresas.,Boliqueime
assistencia-tecnica-ar-condicionado-fujitsu-boliqueime,Assistência técnica de ar condicionado Fujitsu em Boliqueime,"Oferecemos serviços de reparação e manutenção de ar condicionado Fujitsu, garantindo que você tenha o conforto que precisa em sua casa ou empresa.",Boliqueime
ar-condicionado-assistencia-boliqueime,Assistência de ar condicionado em Boliqueime,"Oferecemos serviços de assistência técnica para qualquer marca de ar condicionado, garantindo conforto e qualidade no seu ambiente.",Boliqueime
empresa-de-manutencao-ar-condicionado-boliqueime,Empresa de manutenção de ar condicionado em Boliqueime,"Oferecemos serviços de manutenção para todos os tipos de sistemas de ar condicionado, garantindo eficiência e conforto para sua casa ou empresa.",Boliqueime
manutencao-em-ar-condicionado-split-boliqueime,Manutenção em ar condicionado split em Boliqueime,"Oferecemos serviços profissionais de manutenção para ar condicionado split, garantindo o seu funcionamento eficiente em ambientes residenciais e comerciais.",Boliqueime
manutencao-ar-condicionado-fujitsu-boliqueime,Manutenção de ar condicionado Fujitsu em Boliqueime,"Oferecemos serviços de manutenção especializada para sistemas de ar condicionado Fujitsu, garantindo um desempenho ideal e conforto em sua casa ou empresa.",Boliqueime
ar-condicionado-manutencao-e-instalacao-boliqueime,Manutenção e instalação de ar condicionado em Boliqueime,"Oferecemos serviços de manutenção e instalação de sistemas de ar condicionado, garantindo conforto e eficiência para sua casa ou empresa.",Boliqueime
manutencao-ar-condicionado-24-horas-boliqueime,Manutenção de ar condicionado 24 horas em Boliqueime,"Oferecemos serviços de manutenção de ar condicionado 24 horas para garantir que o seu sistema funcione perfeitamente, esteja você em casa ou no seu negócio.",Boliqueime
orcamento-de-manutencao-de-ar-condicionado-boliqueime,Orçamento de manutenção de ar condicionado em Boliqueime,"Oferecemos serviços de manutenção de ar condicionado para residências e empresas, garantindo o funcionamento eficiente do seu sistema.",Boliqueime
manutencao-corretiva-ar-condicionado-boliqueime,Manutenção corretiva de ar condicionado em Boliqueime,"Oferecemos serviços de manutenção corretiva para garantir o funcionamento eficiente do seu ar condicionado, tanto em instalações residenciais como comerciais.",Boliqueime
empresa-manutencao-de-ar-condicionado-boliqueime,Empresa de manutenção de ar condicionado em Boliqueime,"Oferecemos serviços de manutenção de ar condicionado para residências e empresas, garantindo conforto e eficiência no seu sistema.",Boliqueime
ar-condicionado-split-manutencao-boliqueime,Manutenção de ar condicionado split em Boliqueime,"Oferecemos serviços de manutenção de ar condicionado split para garantir o seu funcionamento ideal, tanto para residências como para empresas.",Boliqueime
manutencao-de-ar-condicionado-perto-de-mim-boliqueime,Manutenção de ar condicionado em Boliqueime,Oferecemos serviços de manutenção de ar condicionado para residências e empresas em Boliqueime. A nossa equipe está pronta para garantir que o seu sistema de ar condicionado funcione de forma eficiente.,Boliqueime
manutencao-split-boliqueime,Manutenção de ar condicionado split em Boliqueime,"Oferecemos serviços de manutenção de sistemas de ar condicionado split, garantindo o máximo desempenho e conforto para sua casa ou empresa.",Boliqueime
daikin-manutencao-boliqueime,Manutenção de ar condicionado Daikin em Boliqueime,"Oferecemos serviços de manutenção especializados para sistemas de ar condicionado Daikin, garantindo o melhor desempenho e eficiência do seu equipamento.",Boliqueime
manutencao-ar-condicionado-lg-dual-inverter-boliqueime,Manutenção de ar condicionado LG Dual Inverter em Boliqueime,"Oferecemos serviços de manutenção especializados para o seu ar condicionado LG Dual Inverter, garantindo performance e eficiência para o seu conforto.",Boliqueime
revisao-de-ar-condicionado-boliqueime,Revisão de ar condicionado em Boliqueime,Mantenha o seu ar condicionado em ótimo estado com os nossos serviços de revisão especializados.,Boliqueime
manutencao-preventiva-em-ar-condicionado-boliqueime,Manutenção preventiva em ar condicionado em Boliqueime,Oferecemos serviços de manutenção preventiva para garantir o perfeito funcionamento do seu ar condicionado em residências e empresas.,Boliqueime
manutencao-ar-condicionado-janela-boliqueime,Manutenção de ar condicionado de janela em Boliqueime,"Oferecemos serviços de manutenção especializados para ar condicionado de janela, garantindo um funcionamento eficiente e duradouro em sua casa ou empresa.",Boliqueime
manutencao-em-ar-condicionado-industrial-boliqueime,Manutenção em ar condicionado industrial em Boliqueime,"Oferecemos serviços de manutenção especializados para sistemas de ar condicionado industrial, garantindo o melhor desempenho e eficiência para a sua empresa.",Boliqueime
manutencao-preventiva-e-corretiva-ar-condicionado-boliqueime,Manutenção preventiva e corretiva de ar condicionado em Boliqueime,Oferecemos serviços de manutenção preventiva e corretiva para garantir o funcionamento ideal do seu ar condicionado em residências e empresas.,Boliqueime
manutencao-ar-condicionado-central-boliqueime,Manutenção de ar condicionado central em Boliqueime,"Oferecemos serviços de manutenção especializada para sistemas de ar condicionado central, garantindo o melhor desempenho e eficiência energética.",Boliqueime
manutencao-ar-condicionado-industrial-boliqueime,Manutenção de ar condicionado industrial em Boliqueime,"Oferecemos serviços de manutenção para sistemas de ar condicionado industrial, garantindo eficiência e durabilidade em suas instalações.",Boliqueime
manutencao-ar-condicionado-de-janela-boliqueime,Manutenção de ar condicionado de janela em Boliqueime,"Oferecemos serviços de manutenção para ar condicionado de janela, garantindo conforto e eficiência energética na sua casa ou empresa.",Boliqueime
preventiva-de-ar-condicionado-boliqueime,Manutenção preventiva de ar condicionado em Boliqueime,"Oferecemos serviços de manutenção preventiva para garantir o melhor desempenho do seu ar condicionado, tanto em residências como em empresas.",Boliqueime
manutencao-de-ar-condicionado-lg-boliqueime,Manutenção de ar condicionado LG em Boliqueime,"Oferecemos serviços de manutenção para sistemas de ar condicionado LG e de todas as marcas, garantindo o melhor desempenho do seu equipamento.",Boliqueime
assistencia-de-ar-condicionado-boliqueime,Assistência de ar condicionado em Boliqueime,"Oferecemos serviços de assistência técnica para todos os tipos de ar condicionados, garantindo o seu conforto em Boliqueime.",Boliqueime
manutencao-de-ar-condicionado-de-janela-boliqueime,Manutenção de ar condicionado de janela em Boliqueime,Oferecemos serviços de manutenção de ar condicionado de janela para garantir que o seu aparelho funcione de forma eficiente e duradoura.,Boliqueime
ar-condicionado-residencial-manutencao-boliqueime,Manutenção de ar condicionado residencial em Boliqueime,Oferecemos serviços de manutenção para garantir o funcionamento eficiente do seu ar condicionado residencial.,Boliqueime
preventiva-ar-condicionado-boliqueime,Manutenção preventiva de ar condicionado em Boliqueime,Garanta o desempenho ideal do seu sistema de ar condicionado com nossos serviços de manutenção preventiva em Boliqueime. Oferecemos soluções para residências e empresas.,Boliqueime
manutencao-de-split-boliqueime,Manutenção de ar condicionado split em Boliqueime,Oferecemos serviços de manutenção de ar condicionado split para garantir o desempenho ideal do seu equipamento.,Boliqueime
empresa-de-manutencao-em-ar-condicionado-boliqueime,Empresa de manutenção em ar condicionado em Boliqueime,Oferecemos serviços de manutenção e reparação de ar condicionado para residências e empresas em Boliqueime.,Boliqueime
manutencao-ar-condicionado-springer-boliqueime,Manutenção de ar condicionado Springer em Boliqueime,"Oferecemos serviços de manutenção profissional para sistemas de ar condicionado Springer, garantindo que o seu equipamento funcione de forma eficiente e confiável.",Boliqueime
manutencao-para-ar-condicionado-boliqueime,Manutenção para ar condicionado em Boliqueime,"Oferecemos serviços de manutenção para ar condicionado, garantindo um funcionamento eficiente dos seus sistemas, tanto em instalações residenciais como comerciais.",Boliqueime
manutencao-ar-split-boliqueime,Manutenção de ar condicionado split em Boliqueime,Oferecemos serviços de manutenção para garantir o funcionamento eficiente do seu ar condicionado split. Entre em contato para uma avaliação!,Boliqueime
manutencao-preventiva-e-corretiva-de-ar-condicionado-boliqueime,Manutenção preventiva e corretiva de ar condicionado em Boliqueime,"Oferecemos serviços completos de manutenção preventiva e corretiva para garantir o ótimo funcionamento do seu sistema de ar condicionado, seja em residências ou empresas.",Boliqueime
empresa-de-higienizacao-de-ar-condicionado-boliqueime,Empresa de higienização de ar condicionado em Boliqueime,"Oferecemos serviços de higienização para ar condicionado, garantindo a qualidade do ar e eficiência do seu equipamento.",Boliqueime
air-systems-manutencao-de-ar-condicionado-boliqueime,Manutenção de ar condicionado em Boliqueime,"Oferecemos serviços de manutenção para sistemas de ar condicionado, garantindo que o seu sistema funcione de maneira eficiente e prolongando a sua vida útil.",Boliqueime
ar-condicionado-carrier-manutencao-boliqueime,Manutenção de ar condicionado Carrier em Boliqueime,"Oferecemos serviços de manutenção especializados para unidades de ar condicionado Carrier, garantindo que seu sistema funcione de maneira eficiente e prolongue a sua vida útil.",Boliqueime
ar-condicionado-central-manutencao-boliqueime,Manutenção de ar condicionado central em Boliqueime,"Oferecemos serviços de manutenção completos para sistemas de ar condicionado central, garantindo que o seu equipamento funcione de forma eficiente e duradouro.",Boliqueime
ar-condicionado-daikin-manutencao-boliqueime,Manutenção de ar condicionado Daikin em Boliqueime,"Oferecemos serviços de manutenção especializados para sistemas de ar condicionado Daikin, garantindo que o seu equipamento funcione de forma eficiente e duradoura.",Boliqueime
ar-condicionado-de-janela-manutencao-boliqueime,Manutenção de ar condicionado de janela em Boliqueime,"Oferecemos serviços de manutenção especializados para ar condicionado de janela, assegurando que o seu sistema funcione de forma eficiente e eficaz.",Boliqueime
ar-condicionado-empresas-de-manutencao-boliqueime,Empresa de ar condicionado em Boliqueime,"Oferecemos serviços de manutenção de sistemas de ar condicionado para residências e empresas, garantindo o seu conforto e eficiência.",Boliqueime
ar-condicionado-fujitsu-manutencao-boliqueime,Manutenção de ar condicionado Fujitsu em Boliqueime,"Oferecemos serviços de manutenção de ar condicionado Fujitsu, garantindo que o seu sistema funcione de forma eficiente e prolongando a sua vida útil.",Boliqueime
ar-condicionado-instalacao-manutencao-boliqueime,Instalação e manutenção de ar condicionado em Boliqueime,"Oferecemos serviços de instalação e manutenção de sistemas de ar condicionado para residências e empresas. Trabalhamos com todas as principais marcas, garantindo eficiência e conforto.",Boliqueime
ar-condicionado-inverter-manutencao-boliqueime,Manutenção de ar condicionado inverter em Boliqueime,"Oferecemos serviços de manutenção especializada para sistemas de ar condicionado inverter, garantindo o seu funcionamento eficiente e prolongando a sua vida útil.",Boliqueime
ar-condicionado-janela-manutencao-boliqueime,Manutenção de ar condicionado de janela em Boliqueime,"Oferecemos serviços de manutenção profissional para o seu ar condicionado de janela, garantindo o funcionamento eficiente e prolongando a sua vida útil.",Boliqueime
ar-condicionado-lg-manutencao-boliqueime,Manutenção de ar condicionado LG em Boliqueime,"Oferecemos serviços de manutenção para o seu ar condicionado LG, garantindo que o seu equipamento funcione de forma eficiente e duradoura.",Boliqueime
ar-condicionado-portatil-manutencao-boliqueime,Manutenção de ar condicionado portátil em Boliqueime,Oferecemos serviços de manutenção para garantir que o seu ar condicionado portátil funcione sempre em ótimas condições.,Boliqueime
ar-condicionado-precisa-de-manutencao-boliqueime,Manutenção de ar condicionado em Boliqueime,Oferecemos serviços de manutenção de ar condicionado para garantir que seu aparelho funcione de forma eficiente e duradoura.,Boliqueime
ar-condicionado-samsung-manutencao-boliqueime,Manutenção de ar condicionado Samsung em Boliqueime,"Oferecemos serviços de manutenção especializada para o seu ar condicionado Samsung, garantindo o melhor desempenho e conforto no seu espaço.",Boliqueime
ar-condicionado-springer-manutencao-boliqueime,Manutenção de ar condicionado Springer em Boliqueime,"Oferecemos serviços de manutenção especializados para sistemas de ar condicionado Springer, garantindo o seu funcionamento eficiente e prolongando a sua vida útil.",Boliqueime
ar-ice-clean-manutencao-higienizacao-e-instalacao-de-ar-condicionado-boliqueime,"Manutenção, higienização e instalação de ar condicionado em Boliqueime","Oferecemos serviços completos de instalação, manutenção e higienização de sistemas de ar condicionado para residências e empresas, garantindo eficiência e conforto.",Boliqueime
ar-manutencao-boliqueime,Manutenção de ar condicionado em Boliqueime,Oferecemos serviços de manutenção de ar condicionado para garantir o seu bom funcionamento e prolongar a vida útil do seu equipamento.,Boliqueime
arcotec-ar-condicionado-instalacao-e-manutencao-boliqueime,Instalação e manutenção de ar condicionado Arcotec em Boliqueime,Oferecemos serviços de instalação e manutenção para sistemas de ar condicionado Arcotec e todas as principais marcas em Boliqueime. Entre em contato conosco para garantir um ambiente confortável.,Boliqueime
assistencia-em-ar-condicionado-boliqueime,Assistência em ar condicionado em Boliqueime,"Oferecemos serviços de assistência técnica, incluindo reparação e manutenção de sistemas de ar condicionado para residências e empresas.",Boliqueime
assistencia-tecnica-ar-boliqueime,Assistência técnica de ar em Boliqueime,"Oferecemos serviços de assistência técnica para ar condicionado, garantindo conforto e eficiência em sua casa ou empresa.",Boliqueime
assistencia-tecnica-ar-condicionado-hitachi-boliqueime,Assistência técnica de ar condicionado Hitachi em Boliqueime,"Oferecemos serviços de reparação e manutenção de unidades Hitachi, garantindo o funcionamento ideal do seu sistema de climatização.",Boliqueime
assistencia-tecnica-em-ar-condicionado-boliqueime,Assistência técnica em ar condicionado em Boliqueime,Oferecemos serviços de reparação e manutenção de ar condicionado para residências e empresas em Boliqueime.,Boliqueime
carrier-manutencao-ar-condicionado-boliqueime,Manutenção de ar condicionado Carrier em Boliqueime,"Oferecemos serviços de manutenção para sistemas de ar condicionado Carrier, garantindo o seu funcionamento ideal e aumentando a durabilidade do equipamento.",Boliqueime
empresa-de-ar-condicionado-manutencao-boliqueime,Empresa de ar condicionado em Boliqueime,Oferecemos serviços de manutenção especializada em sistemas de ar condicionado para residências e empresas.,Boliqueime
empresa-de-instalacao-e-manutencao-de-ar-condicionado-boliqueime,Empresa de instalação e manutenção de ar condicionado em Boliqueime,"Oferecemos serviços de instalação e manutenção de sistemas de ar condicionado para residências e empresas, garantindo conforto em qualquer espaço.",Boliqueime
empresas-de-instalacao-e-manutencao-de-ar-condicionado-boliqueime,Empresa de instalação e manutenção de ar condicionado em Boliqueime,"Oferecemos serviços profissionais de instalação e manutenção de ar condicionado para residências e empresas em Boliqueime. Trabalhamos com todas as principais marcas como LG, Daikin e Samsung, garantindo conforto e qualidade.",Boliqueime
fan-coil-manutencao-boliqueime,Manutenção de fan coil em Boliqueime,"Oferecemos serviços de manutenção para fan coils, garantindo o seu funcionamento eficiente e duradouro.",Boliqueime
fujitsu-ar-condicionado-assistencia-tecnica-boliqueime,Assistência técnica de ar condicionado Fujitsu em Boliqueime,"Oferecemos serviços de instalação, reparação e manutenção de ar condicionado Fujitsu, garantindo que seu sistema funcione sempre na melhor condição.",Boliqueime
fujitsu-ar-condicionado-manutencao-boliqueime,Manutenção de ar condicionado Fujitsu em Boliqueime,"Oferecemos serviços de manutenção especializados para sistemas de ar condicionado Fujitsu, garantindo eficiência e conforto em sua residência ou empresa.",Boliqueime
higienizar-ar-condicionado-split-boliqueime,Higienização de ar condicionado split em Boliqueime,"Oferecemos serviços de higienização profissional para unidades de ar condicionado split, garantindo um ambiente saudável e agradável na sua casa ou empresa.",Boliqueime
higienizacao-de-ar-condicionado-de-janela-boliqueime,Higienização de ar condicionado de janela em Boliqueime,"Oferecemos serviços de higienização eficientes para o seu ar condicionado de janela, garantindo um ambiente mais saudável and confortável em sua casa ou escritório.",Boliqueime
instalacao-de-ar-condicionado-e-manutencao-boliqueime,Instalação de ar condicionado e manutenção em Boliqueime,"Oferecemos serviços de instalação e manutenção de ar condicionado para residências e empresas, garantindo conforto e qualidade no seu ambiente.",Boliqueime
instalacao-e-manutencao-ar-condicionado-boliqueime,Instalação e manutenção de ar condicionado em Boliqueime,"Oferecemos serviços completos de instalação e manutenção para sistemas de ar condicionado, garantindo conforto e eficiência para residências e empresas.",Boliqueime
instalacao-e-manutencao-de-ar-condicionado-split-boliqueime,Instalação e manutenção de ar condicionado split em Boliqueime,"Oferecemos serviços completos de instalação e manutenção de sistemas de ar condicionado split, garantindo conforto e eficiência para sua casa ou empresa.",Boliqueime
instalacao-e-manutencao-de-split-boliqueime,Instalação e manutenção de ar condicionado split em Boliqueime,"Oferecemos serviços de instalação e manutenção para sistemas de ar condicionado split, garantindo conforto e eficiência energética para residências e empresas.",Boliqueime
instalacao-e-manutencao-em-ar-condicionado-boliqueime,Instalação e manutenção de ar condicionado em Boliqueime,Oferecemos serviços de instalação e manutenção de ar condicionado tanto para residências como para empresas em Boliqueime. Entre em contato para garantir o conforto no seu ambiente.,Boliqueime
instalacao-manutencao-ar-condicionado-boliqueime,Instalação e manutenção de ar condicionado em Boliqueime,"Oferecemos serviços de instalação e manutenção de ar condicionado para residências e empresas, trabalhando com todas as principais marcas como LG, Daikin e Samsung.",Boliqueime
manutencao-ar-boliqueime,Manutenção de ar condicionado em Boliqueime,"Oferecemos serviços de manutenção para todos os tipos de sistemas de ar condicionado, garantindo o seu funcionamento eficiente e duradouro.",Boliqueime
manutencao-ar-cond-boliqueime,Manutenção de ar condicionado em Boliqueime,"Oferecemos serviços de manutenção de ar condicionado para garantir o funcionamento eficiente do seu equipamento, seja em residências ou empresas.",Boliqueime
manutencao-de-ar-split-boliqueime,Manutenção de ar condicionado split em Boliqueime,"Oferecemos serviços de manutenção de ar condicionado split para garantir que o seu sistema funcione sempre em perfeitas condições, atendendo a residências e empresas.",Boliqueime
manutencao-em-ar-boliqueime,Manutenção de ar condicionado em Boliqueime,"Oferecemos serviços completos de manutenção para o seu sistema de ar condicionado, garantindo o seu perfeito funcionamento e eficiência.",Boliqueime
manutencao-ar-condicionado-carrier-boliqueime,Manutenção de ar condicionado Carrier em Boliqueime,"Oferecemos serviços de manutenção especializados para sistemas de ar condicionado Carrier, garantindo um funcionamento eficiente e prolongando a vida útil do seu equipamento.",Boliqueime
manutencao-ar-condicionado-comfee-boliqueime,Manutenção de ar condicionado Comfee em Boliqueime,"Oferecemos serviços de manutenção especializada para seus sistemas Comfee, garantindo o desempenho ideal do seu ar condicionado.",Boliqueime
manutencao-ar-condicionado-delonghi-boliqueime,Manutenção de ar condicionado Delonghi em Boliqueime,"Oferecemos serviços de manutenção para o seu ar condicionado Delonghi, garantindo o seu ideal funcionamento e conforto.",Boliqueime
manutencao-ar-condicionado-gree-boliqueime,Manutenção de ar condicionado Gree em Boliqueime,"Oferecemos serviços de manutenção especializados para ar condicionado Gree, garantindo que o seu sistema funcione de forma eficiente e prolongando a sua vida útil.",Boliqueime
manutencao-ar-condicionado-hitachi-boliqueime,Manutenção de ar condicionado Hitachi em Boliqueime,"Oferecemos serviços de manutenção especializados para sistemas de ar condicionado Hitachi, garantindo o perfeito funcionamento do seu equipamento.",Boliqueime
manutencao-ar-condicionado-inverter-boliqueime,Manutenção de ar condicionado inverter em Boliqueime,"Oferecemos serviços de manutenção especializados para sistemas de ar condicionado inverter, garantindo o seu funcionamento eficiente e prolongando a sua vida útil.",Boliqueime
manutencao-ar-condicionado-k7-boliqueime,Manutenção de ar condicionado K7 em Boliqueime,"Oferecemos serviços de manutenção para sistemas de ar condicionado K7, garantindo um funcionamento eficiente e duradouro.",Boliqueime
manutencao-ar-condicionado-lg-inverter-boliqueime,Manutenção de ar condicionado LG Inverter em Boliqueime,"Oferecemos serviços de manutenção especializados para sistemas de ar condicionado LG Inverter, garantindo o funcionamento eficiente e prolongando a vida útil do seu equipamento.",Boliqueime
manutencao-ar-condicionado-portatil-delonghi-boliqueime,Manutenção de ar condicionado portátil Delonghi em Boliqueime,"Oferecemos serviços completos de manutenção para o seu ar condicionado portátil Delonghi, garantindo que ele funcione de forma eficiente e prolongue a sua vida útil.",Boliqueime
manutencao-ar-condicionado-portatil-midea-boliqueime,Manutenção de ar condicionado portátil Midea em Boliqueime,"Oferecemos serviços de manutenção para o seu ar condicionado portátil Midea, garantindo o seu funcionamento ideal durante todo o ano.",Boliqueime
manutencao-ar-condicionado-samsung-inverter-boliqueime,Manutenção de ar condicionado Samsung inverter em Boliqueime,"Garantimos um serviço de qualidade para manter o seu ar condicionado Samsung inverter em perfeito estado, seja para uso residencial ou comercial.",Boliqueime
manutencao-ar-condicionado-split-gree-boliqueime,Manutenção de ar condicionado split Gree em Boliqueime,"Oferecemos serviços de manutenção para o seu ar condicionado split Gree, garantindo um funcionamento eficiente e prolongando a vida útil do seu equipamento em Boliqueime.",Boliqueime
manutencao-ar-condicionado-split-samsung-boliqueime,Manutenção de ar condicionado split Samsung em Boliqueime,"Oferecemos serviços de manutenção especializados para o seu ar condicionado split Samsung, garantindo o seu funcionamento eficiente e prolongando a sua vida útil.",Boliqueime
manutencao-ar-condicionado-springer-carrier-boliqueime,Manutenção de ar condicionado Springer e Carrier em Boliqueime,"Oferecemos serviços de manutenção para os sistemas de ar condicionado das marcas Springer e Carrier, garantindo que seu equipamento funcione de forma eficiente e duradoura.",Boliqueime
manutencao-ar-portatil-boliqueime,Manutenção de ar portátil em Boliqueime,"Oferecemos serviços de manutenção especializada para o seu ar condicionado portátil, garantindo o seu funcionamento eficaz e duradouro.",Boliqueime
manutencao-avac-boliqueime,Manutenção de AVAC em Boliqueime,"Oferecemos serviços de manutenção para sistemas de climatização, garantindo o funcionamento eficiente e duradouro do seu equipamento.",Boliqueime
manutencao-central-de-ar-boliqueime,Manutenção de central de ar em Boliqueime,Oferecemos serviços de manutenção de sistemas de ar condicionado central para garantir o seu funcionamento eficiente e prolongar a sua vida útil.,Boliqueime
manutencao-climatizador-springer-boliqueime,Manutenção de climatizador Springer em Boliqueime,"Oferecemos serviços especializados de manutenção para climatizadores Springer, garantindo eficiência e conforto em sua casa ou empresa.",Boliqueime
manutencao-condicionador-de-ar-boliqueime,Manutenção de condicionador de ar em Boliqueime,"Oferecemos serviços de manutenção para todos os tipos de condicionadores de ar, garantindo o seu funcionamento eficiente em ambientes residenciais e comerciais.",Boliqueime
manutencao-corretiva-de-ar-condicionado-boliqueime,Manutenção corretiva de ar condicionado em Boliqueime,Oferecemos serviços de manutenção corretiva para garantir o funcionamento otimizado do seu ar condicionado. Trabalhamos com todas as marcas e asseguramos a qualidade do nosso trabalho.,Boliqueime
manutencao-corretiva-e-preventiva-de-ar-condicionado-boliqueime,Manutenção corretiva e preventiva de ar condicionado em Boliqueime,"Oferecemos serviços de manutenção corretiva e preventiva de ar condicionado para garantir o funcionamento ideal do seu sistema, seja em residências ou empresas.",Boliqueime
manutencao-corretiva-em-ar-condicionado-boliqueime,Manutenção corretiva em ar condicionado em Boliqueime,"Oferecemos serviços de manutenção corretiva para garantir o funcionamento eficiente do seu ar condicionado, seja em ambientes residenciais ou comerciais.",Boliqueime
manutencao-de-aparelhos-de-ar-condicionado-boliqueime,Manutenção de aparelhos de ar condicionado em Boliqueime,"Oferecemos serviços de manutenção completos para aparelhos de ar condicionado, garantindo o seu funcionamento eficiente e prolongando a sua vida útil.",Boliqueime
manutencao-de-ar-central-boliqueime,Manutenção de ar condicionado central em Boliqueime,"Oferecemos serviços de manutenção de ar condicionado central para garantir o funcionamento eficiente do seu sistema, tanto em residências como em empresas.",Boliqueime
manutencao-de-ar-condicionado-24-horas-boliqueime,Manutenção de ar condicionado 24 horas em Boliqueime,"Oferecemos serviços de manutenção de ar condicionado disponíveis 24 horas, para garantir que seu ambiente esteja sempre confortável.",Boliqueime
manutencao-de-ar-condicionado-carrier-boliqueime,Manutenção de ar condicionado Carrier em Boliqueime,Oferecemos serviços de manutenção especializados para sistemas de ar condicionado Carrier e todas as principais marcas. Garantimos um desempenho eficiente e confiável.,Boliqueime
manutencao-de-ar-condicionado-comercial-boliqueime,Manutenção de ar condicionado comercial em Boliqueime,"Oferecemos serviços de manutenção para sistemas de ar condicionado comerciais, garantindo eficiência e conforto para o seu negócio.",Boliqueime
manutencao-de-ar-condicionado-daikin-boliqueime,Manutenção de ar condicionado Daikin em Boliqueime,"Oferecemos serviços de manutenção para sistemas de ar condicionado Daikin, garantindo o seu perfeito funcionamento e conforto em sua casa ou empresa.",Boliqueime
manutencao-de-ar-condicionado-de-parede-boliqueime,Manutenção de ar condicionado de parede em Boliqueime,Oferecemos serviços de manutenção de ar condicionado de parede para garantir o seu funcionamento eficiente e prolongar a sua vida útil. Entre em contacto connosco para um serviço rápido e de qualidade.,Boliqueime
manutencao-de-ar-condicionado-elgin-boliqueime,Manutenção de ar condicionado Elgin em Boliqueime,"Oferecemos serviços de manutenção eficientes e de qualidade para o seu ar condicionado Elgin, garantindo que o seu sistema funcione de forma otimizada.",Boliqueime
manutencao-de-ar-condicionado-fujitsu-boliqueime,Manutenção de ar condicionado Fujitsu em Boliqueime,Oferecemos serviços de manutenção especializados para garantir o ótimo funcionamento do seu ar condicionado Fujitsu em Boliqueime.,Boliqueime
manutencao-de-ar-condicionado-gree-boliqueime,Manutenção de ar condicionado Gree em Boliqueime,"Oferecemos serviços de manutenção para sistemas de ar condicionado Gree, garantindo o seu funcionamento eficaz e prolongando a sua vida útil.",Boliqueime
manutencao-de-ar-condicionado-inverter-boliqueime,Manutenção de ar condicionado inverter em Boliqueime,"Oferecemos serviços de manutenção especializada para sistemas de ar condicionado inverter, garantindo um desempenho eficiente e prolongando a vida útil do seu equipamento.",Boliqueime
manutencao-de-ar-condicionado-janela-boliqueime,Manutenção de ar condicionado de janela em Boliqueime,Oferecemos serviços de manutenção de ar condicionado de janela para garantir o funcionamento eficiente e duradouro do seu sistema.,Boliqueime
manutencao-de-ar-condicionado-mais-proximo-boliqueime,Manutenção de ar condicionado mais próximo em Boliqueime,"Oferecemos serviços de manutenção de ar condicionado para residências e empresas, garantindo o melhor desempenho do seu sistema.",Boliqueime
manutencao-de-ar-condicionado-midea-boliqueime,Manutenção de ar condicionado Midea em Boliqueime,"Oferecemos serviços de manutenção para a sua unidade Midea, garantindo o funcionamento eficiente e prolongando a sua vida útil.",Boliqueime
manutencao-de-ar-condicionado-portatil-springer-boliqueime,Manutenção de ar condicionado portátil Springer em Boliqueime,"Oferecemos serviços de manutenção especializados para o seu ar condicionado portátil Springer, garantindo o seu funcionamento eficiente e prolongando a sua vida útil.",Boliqueime
manutencao-de-ar-condicionado-predial-boliqueime,Manutenção de ar condicionado predial em Boliqueime,"Oferecemos serviços de manutenção para sistemas de ar condicionado predial, garantindo o desempenho ideal e a durabilidade do seu equipamento.",Boliqueime
manutencao-de-ar-condicionado-samsung-boliqueime,Manutenção de ar condicionado Samsung em Boliqueime,"Oferecemos serviços de manutenção profissional para o seu ar condicionado Samsung, garantindo que o seu sistema funcione perfeitamente durante todo o ano.",Boliqueime
manutencao-de-ar-condicionado-springer-boliqueime,Manutenção de ar condicionado Springer em Boliqueime,"Oferecemos serviços de manutenção especializada para unidades Springer, garantindo o ótimo funcionamento do seu ar condicionado.",Boliqueime
manutencao-de-ares-condicionados-boliqueime,Manutenção de ares condicionados em Boliqueime,Oferecemos serviços de manutenção especializados para garantir o funcionamento eficiente do seu ar condicionado em qualquer ambiente.,Boliqueime
manutencao-de-central-de-ar-boliqueime,Manutenção de central de ar em Boliqueime,"Oferecemos serviços completos de manutenção de centrais de ar, garantindo o funcionamento eficiente e duradouro do seu sistema.",Boliqueime
manutencao-de-central-de-ar-condicionado-boliqueime,Manutenção de central de ar condicionado em Boliqueime,"Oferecemos serviços de manutenção profissional para centrais de ar condicionado, garantindo o seu correto funcionamento e eficiência.",Boliqueime
manutencao-de-condicionador-de-ar-boliqueime,Manutenção de condicionador de ar em Boliqueime,"Oferecemos serviços de manutenção para condicionadores de ar, garantindo que o seu sistema funcione de forma eficiente e confiável.",Boliqueime
manutencao-de-fan-coil-boliqueime,Manutenção de fan coil em Boliqueime,Oferecemos serviços de manutenção de fan coil para garantir que seu sistema de climatização funcione de forma eficiente e sem problemas.,Boliqueime
manutencao-de-placa-de-ar-condicionado-boliqueime,Manutenção de placa de ar condicionado em Boliqueime,Oferecemos serviços de manutenção de placas de ar condicionado para garantir o perfeito funcionamento do seu equipamento.,Boliqueime
manutencao-do-ar-boliqueime,Manutenção do ar em Boliqueime,"Oferecemos serviços de manutenção de sistemas de ar condicionado em residências e empresas, garantindo o seu funcionamento eficiente e prolongando a vida útil do seu equipamento.",Boliqueime
manutencao-do-ar-condicionado-split-boliqueime,Manutenção do ar condicionado split em Boliqueime,"Oferecemos serviços de manutenção especializados para ar condicionado split, garantindo o seu funcionamento ideal e prolongando a sua vida útil.",Boliqueime
manutencao-dos-ar-condicionados-boliqueime,Manutenção dos ar condicionados em Boliqueime,"Oferecemos serviços de manutenção de ar condicionados para residências e empresas, garantindo o seu funcionamento eficiente e prolongando a sua vida útil.",Boliqueime
manutencao-e-higienizacao-de-ar-condicionado-boliqueime,Manutenção e higienização de ar condicionado em Boliqueime,Oferecemos serviços de manutenção e higienização de ar condicionado para garantir o máximo desempenho e eficiência do seu equipamento.,Boliqueime
manutencao-e-instalacao-de-ar-condicionado-split-boliqueime,Manutenção e instalação de ar condicionado split em Boliqueime,"Oferecemos serviços de instalação, manutenção e reparação de sistemas de ar condicionado split para residências e empresas.",Boliqueime
manutencao-e-preventiva-ar-condicionados-boliqueime,Manutenção e preventiva de ar condicionados em Boliqueime,"Oferecemos serviços de manutenção e preventiva para ar condicionados, garantindo que o seu sistema funcione de forma eficiente e prolongando a sua vida útil.",Boliqueime
manutencao-em-ar-condicionado-de-janela-boliqueime,Manutenção em ar condicionado de janela em Boliqueime,"Oferecemos serviços de manutenção para ar condicionado de janela, garantindo o seu funcionamento ideal e prolongando a sua vida útil.",Boliqueime
manutencao-em-ar-condicionado-portatil-boliqueime,Manutenção de ar condicionado portátil em Boliqueime,"Oferecemos serviços de manutenção especializados para o seu ar condicionado portátil, garantindo que ele funcione de forma eficiente e confiável.",Boliqueime
manutencao-em-central-de-ar-boliqueime,Manutenção em central de ar em Boliqueime,"Oferecemos serviços de manutenção especializada em sistemas de ar condicionado central, garantindo o seu funcionamento eficiente e duradouro.",Boliqueime
manutencao-em-refrigeracao-comercial-boliqueime,Manutenção em refrigeração comercial em Boliqueime,"Oferecemos serviços de manutenção de sistemas de refrigeração comercial, garantindo eficiência e funcionalidade para o seu negócio.",Boliqueime
manutencao-fan-coil-boliqueime,Manutenção de fan coil em Boliqueime,"Oferecemos serviços especializados de manutenção para sistemas de fan coil, garantindo que seu ar condicionado funcione de forma eficiente e eficaz em sua residência ou empresa.",Boliqueime
manutencao-lg-dual-inverter-boliqueime,Manutenção de ar condicionado LG Dual Inverter em Boliqueime,"Oferecemos serviços de manutenção especializada para o seu ar condicionado LG Dual Inverter, garantindo o seu funcionamento eficiente e prolongando sua vida útil.",Boliqueime
manutencao-no-ar-condicionado-boliqueime,Manutenção no ar condicionado em Boliqueime,Oferecemos serviços de manutenção de ar condicionado para garantir o funcionamento eficiente e prolongar a vida útil do seu equipamento.,Boliqueime
manutencao-periodica-ar-condicionado-boliqueime,Manutenção periódica de ar condicionado em Boliqueime,"Oferecemos serviços de manutenção periódica para garantir o funcionamento ideal do seu ar condicionado, tanto em residências como em empresas.",Boliqueime
manutencao-periodica-de-ar-condicionado-boliqueime,Manutenção periódica de ar condicionado em Boliqueime,Oferecemos serviços de manutenção periódica para garantir o funcionamento eficiente do seu sistema de ar condicionado em residências e empresas.,Boliqueime
manutencao-preditiva-ar-condicionado-boliqueime,Manutenção preditiva de ar condicionado em Boliqueime,Oferecemos serviços de manutenção preditiva para garantir que o seu sistema de ar condicionado opere de forma eficiente e confiável.,Boliqueime
manutencao-preditiva-de-ar-condicionado-boliqueime,Manutenção preditiva de ar condicionado em Boliqueime,Oferecemos serviços de manutenção preditiva para garantir o ótimo funcionamento do seu ar condicionado. Contamos com uma equipa especializada para atender tanto residências como empresas.,Boliqueime
manutencao-preventiva-ar-condicionado-split-boliqueime,Manutenção preventiva de ar condicionado split em Boliqueime,Garanta o bom funcionamento e a eficiência do seu ar condicionado split com os nossos serviços de manutenção preventiva em Boliqueime. Estamos aqui para ajudar na manutenção e reparação.,Boliqueime
manutencao-preventiva-condicionada-boliqueime,Manutenção preventiva de ar condicionado em Boliqueime,"Oferecemos serviços de manutenção preventiva para garantir o funcionamento eficiente do seu sistema de ar condicionado, proporcionando conforto e economia de energia.",Boliqueime
manutencao-preventiva-de-ar-condicionado-split-boliqueime,Manutenção preventiva de ar condicionado split em Boliqueime,"Oferecemos serviços de manutenção preventiva para o seu ar condicionado split, garantindo o seu funcionamento eficiente e prolongando a sua vida útil.",Boliqueime
manutencao-preventiva-do-ar-condicionado-boliqueime,Manutenção preventiva do ar condicionado em Boliqueime,"Oferecemos serviços de manutenção preventiva para garantir o bom funcionamento do seu ar condicionado, tanto em residências como em empresas.",Boliqueime
manutencao-preventiva-fan-coil-boliqueime,Manutenção preventiva de fan coil em Boliqueime,"Oferecemos serviços de manutenção preventiva para sistemas de fan coil, garantindo que o seu equipamento funcione sempre em ótimas condições.",Boliqueime
manutencao-preventiva-refrigeracao-boliqueime,Manutenção preventiva de refrigeração em Boliqueime,"Oferecemos serviços de manutenção preventiva para sistemas de refrigeração, garantindo eficiência e durabilidade para sua instalação.",Boliqueime
manutencao-preventiva-split-boliqueime,Manutenção preventiva de ar condicionado split em Boliqueime,Assegure o bom funcionamento do seu ar condicionado com a nossa manutenção preventiva especializada.,Boliqueime
manutencao-refrigeracao-comercial-boliqueime,Manutenção de refrigeração comercial em Boliqueime,Oferecemos serviços de manutenção de sistemas de refrigeração comercial para garantir o funcionamento eficiente do seu negócio.,Boliqueime
manutencao-sistemas-avac-boliqueime,Manutenção de sistemas AVAC em Boliqueime,Oferecemos serviços de manutenção de sistemas AVAC para garantir o melhor funcionamento e eficiência do seu equipamento.,Boliqueime
manutencao-split-inverter-boliqueime,Manutenção de ar condicionado split inverter em Boliqueime,"Oferecemos serviços de manutenção para sistemas de ar condicionado split inverter, garantindo um desempenho eficiente e prolongando a vida útil do seu equipamento.",Boliqueime
manutencao-springer-ar-condicionado-boliqueime,Manutenção de ar condicionado Springer em Boliqueime,"Oferecemos serviços de manutenção especializada para sistemas de ar condicionado Springer, garantindo o seu funcionamento eficiente e duradouro em Boliqueime.",Boliqueime
montagem-e-manutencao-de-ar-condicionado-boliqueime,Montagem e manutenção de ar condicionado em Boliqueime,"Oferecemos serviços de montagem e manutenção de sistemas de ar condicionado para residências e empresas, garantindo conforto e eficiência.",Boliqueime
oficina-de-manutencao-de-ar-condicionado-boliqueime,Oficina de manutenção de ar condicionado em Boliqueime,Oferecemos serviços de manutenção e reparação de ar condicionado para garantir o conforto do seu espaço.,Boliqueime
orcamento-manutencao-ar-condicionado-boliqueime,Orçamento para manutenção de ar condicionado em Boliqueime,"Oferecemos serviços de manutenção para garantir o perfeito funcionamento do seu ar condicionado, seja em residências ou empresas. Entre em contato para um orçamento personalizado.",Boliqueime
orcamento-manutencao-de-ar-condicionado-boliqueime,Orçamento para manutenção de ar condicionado em Boliqueime,"Oferecemos serviços de manutenção de ar condicionado para residencial e comercial, garantindo o funcionamento ideal do seu equipamento.",Boliqueime
orcamento-para-manutencao-de-ar-condicionado-boliqueime,Orçamento para manutenção de ar condicionado em Boliqueime,"Oferecemos serviços de manutenção de ar condicionado para residências e empresas, garantindo que o seu equipamento funcione de forma eficiente.",Boliqueime
preventiva-em-ar-condicionado-boliqueime,Manutenção preventiva em ar condicionado em Boliqueime,Oferecemos serviços de manutenção preventiva para garantir que o seu sistema de ar condicionado funcione de forma eficiente e prolongue a sua vida útil.,Boliqueime
refrigeracao-e-manutencao-boliqueime,Refrigeração e manutenção em Boliqueime,"Oferecemos serviços de refrigeração e manutenção para residências e empresas, garantindo um ambiente confortável durante todo o ano.",Boliqueime
servico-de-manutencao-ar-condicionado-boliqueime,Serviço de manutenção de ar condicionado em Boliqueime,"Oferecemos serviços de manutenção para garantir o funcionamento ideal do seu ar condicionado, seja em ambientes residenciais ou comerciais.",Boliqueime
servicos-de-manutencao-preventiva-e-corretiva-de-ar-condicionado-boliqueime,Serviços de manutenção preventiva e corretiva de ar condicionado em Boliqueime,"Oferecemos serviços de manutenção que garantem o funcionamento ótimo do seu ar condicionado, tanto para residências como para empresas.",Boliqueime
split-manutencao-boliqueime,Manutenção de ar condicionado split em Boliqueime,"Oferecemos serviços de manutenção profissionais para sistemas de ar condicionado split, garantindo o seu perfeito funcionamento.",Boliqueime
manutencao-ar-condicionado-faro,Manutenção de ar condicionado em Faro,Oferecemos serviços de manutenção de ar condicionado para garantir o funcionamento eficiente do seu sistema. Entre em contato conosco para agendar uma visita.,Faro
manutencao-de-ar-condicionado-faro,Manutenção de ar condicionado em Faro,Oferecemos serviços de manutenção de ar condicionado para garantir o perfeito funcionamento do seu sistema de climatização.,Faro
ar-condicionado-manutencao-faro,Manutenção de ar condicionado em Faro,"Oferecemos serviços de manutenção para garantir o funcionamento ideal do seu sistema de ar condicionado, atendendo tanto residências como empresas.",Faro
manutencao-em-ar-condicionado-faro,Manutenção em ar condicionado em Faro,"Oferecemos serviços de manutenção de ar condicionado para garantir o seu conforto e eficiência, tanto em instalações residenciais como comerciais.",Faro
empresa-de-manutencao-de-ar-condicionado-faro,Empresa de manutenção de ar condicionado em Faro,"Oferecemos serviços de manutenção e reparação de ar condicionado para residências e empresas, garantindo o funcionamento ideal do seu equipamento.",Faro
manutencao-preventiva-ar-condicionado-faro,Manutenção preventiva de ar condicionado em Faro,"Oferecemos serviços de manutenção preventiva para garantir o funcionamento eficiente do seu ar condicionado, seja para sua residência ou empresa.",Faro
manutencao-ar-condicionado-residencial-faro,Manutenção de ar condicionado residencial em Faro,Oferecemos serviços de manutenção de ar condicionado residencial para garantir que o seu sistema funcione de forma eficiente e confiável. Entre em contato conosco para uma avaliação e serviço de qualidade.,Faro
instalacao-e-manutencao-de-ar-condicionado-faro,Instalação e manutenção de ar condicionado em Faro,"Oferecemos serviços de instalação e manutenção de ar condicionado para residências e empresas em Faro. Trabalhamos com todas as principais marcas como LG, Daikin e Samsung.",Faro
manutencao-de-ar-condicionado-residencial-faro,Manutenção de ar condicionado residencial em Faro,Oferecemos serviços de manutenção de ar condicionado residencial para garantir o seu conforto e eficiência.,Faro
manutencao-de-ar-condicionado-split-faro,Manutenção de ar condicionado split em Faro,"Oferecemos serviços de manutenção especializada para ar condicionado split, garantindo conforto e eficiência em sua casa ou empresa.",Faro
manutencao-ar-condicionado-perto-de-mim-faro,Manutenção de ar condicionado perto de mim,"Oferecemos serviços de manutenção de ar condicionado em Faro, garantindo o desempenho ideal do seu sistema de climatização.",Faro
manutencao-ar-condicionado-split-faro,Manutenção de ar condicionado split em Faro,"Oferecemos serviços de manutenção especializada para sistemas de ar condicionado split, garantindo o desempenho ideal e a eficiência do seu equipamento.",Faro
manutencao-preventiva-de-ar-condicionado-faro,Manutenção preventiva de ar condicionado em Faro,Oferecemos serviços de manutenção preventiva para garantir o funcionamento eficaz e duradouro do seu ar condicionado.,Faro
empresa-manutencao-ar-condicionado-faro,Empresa de manutenção de ar condicionado em Faro,"Oferecemos serviços de manutenção para sistemas de ar condicionado, garantindo o seu funcionamento eficaz e prolongando a sua vida útil.",Faro
manutencao-e-instalacao-de-ar-condicionado-faro,Manutenção e instalação de ar condicionado em Faro,"Oferecemos serviços profissionais de manutenção e instalação de ar condicionado para residências e empresas, garantindo conforto e eficiência.",Faro
manutencao-em-ar-condicionado-residencial-faro,Manutenção em ar condicionado residencial em Faro,"Oferecemos serviços de manutenção para sistemas de ar condicionado residenciais, garantindo conforto e eficiência em sua casa.",Faro
manutencao-ar-condicionado-lg-faro,Manutenção de ar condicionado LG em Faro,"Oferecemos serviços de manutenção para sistemas de ar condicionado da marca LG, garantindo que seu equipamento funcione perfeitamente. Também realizamos manutenção para todas as principais marcas.",Faro
manutencao-ar-condicionado-portatil-faro,Manutenção de ar condicionado portátil em Faro,"Oferecemos serviços de manutenção especializados para garantir o bom funcionamento do seu ar condicionado portátil, tanto para residências como para empresas.",Faro
manutencao-ar-condicionado-daikin-faro,Manutenção de ar condicionado Daikin em Faro,"Oferecemos serviços de manutenção especializados para sistemas de ar condicionado Daikin, garantindo o seu conforto e eficiência.",Faro
manutencao-do-ar-condicionado-faro,Manutenção do ar condicionado em Faro,"Oferecemos serviços de manutenção de ar condicionado para garantir o seu funcionamento ideal, tanto para residências como para empresas.",Faro
manutencao-de-ar-condicionado-portatil-faro,Manutenção de ar condicionado portátil em Faro,"Oferecemos serviços de manutenção especializados para ar condicionado portátil, garantindo que seu aparelho funcione de forma eficiente e eficaz.",Faro
servico-de-manutencao-de-ar-condicionado-faro,Serviço de manutenção de ar condicionado em Faro,"Oferecemos serviços de manutenção para todos os tipos de sistemas de ar condicionado, garantindo o seu funcionamento eficiente e duradouro.",Faro
manutencao-de-ar-condicionado-central-faro,Manutenção de ar condicionado central em Faro,"Oferecemos serviços de manutenção eficiente para sistemas de ar condicionado central em residências e empresas, garantindo o funcionamento ideal do seu equipamento.",Faro
ar-condicionado-instalacao-e-manutencao-faro,Instalação e manutenção de ar condicionado em Faro,"Oferecemos serviços de instalação e manutenção de sistemas de ar condicionado para residências e empresas, garantindo conforto e eficiência.",Faro
higienizacao-ar-condicionado-split-faro,Higienização de ar condicionado split em Faro,Garanta a eficiência e a qualidade do seu ar condicionado split com nossos serviços de higienização profissional.,Faro
manutencao-de-ar-faro,Manutenção de ar condicionado em Faro,"Oferecemos serviços de manutenção de ar condicionado para garantir o funcionamento eficiente e duradouro do seu sistema, seja em residências ou empresas.",Faro
refrigeracao-manutencao-faro,Manutenção de refrigeração em Faro,"Oferecemos serviços de manutenção para sistemas de refrigeração, garantindo que o seu equipamento funcione de forma eficiente e confiável.",Faro
manutencao-de-ar-condicionado-industrial-faro,Manutenção de ar condicionado industrial em Faro,Oferecemos serviços de manutenção de ar condicionado industrial para garantir o funcionamento eficiente e duradouro do seu equipamento.,Faro
empresas-que-fazem-manutencao-de-ar-condicionado-faro,Empresa de ar condicionado em Faro,"Oferecemos serviços de manutenção de ar condicionado para residências e empresas, garantindo o melhor desempenho do seu sistema.",Faro
manutencao-ar-condicionado-samsung-faro,Manutenção de ar condicionado Samsung em Faro,"Oferecemos serviços de manutenção especializados para o seu ar condicionado Samsung, garantindo um funcionamento eficiente e duradouro.",Faro
ar-condicionado-manutencao-preventiva-faro,Manutenção preventiva de ar condicionado em Faro,Garanta o funcionamento eficiente do seu ar condicionado com nossos serviços de manutenção preventiva em Faro. Estamos à disposição para atender tanto residências quanto empresas.,Faro
assistencia-tecnica-ar-condicionado-fujitsu-faro,Assistência técnica de ar condicionado Fujitsu em Faro,"Oferecemos serviços de reparação e manutenção de ar condicionado Fujitsu, garantindo que você tenha o conforto que precisa em sua casa ou empresa.",Faro
ar-condicionado-assistencia-faro,Assistência de ar condicionado em Faro,"Oferecemos serviços de assistência técnica para qualquer marca de ar condicionado, garantindo conforto e qualidade no seu ambiente.",Faro
empresa-de-manutencao-ar-condicionado-faro,Empresa de manutenção de ar condicionado em Faro,"Oferecemos serviços de manutenção para todos os tipos de sistemas de ar condicionado, garantindo eficiência e conforto para sua casa ou empresa.",Faro
manutencao-em-ar-condicionado-split-faro,Manutenção em ar condicionado split em Faro,"Oferecemos serviços profissionais de manutenção para ar condicionado split, garantindo o seu funcionamento eficiente em ambientes residenciais e comerciais.",Faro
manutencao-ar-condicionado-fujitsu-faro,Manutenção de ar condicionado Fujitsu em Faro,"Oferecemos serviços de manutenção especializada para sistemas de ar condicionado Fujitsu, garantindo um desempenho ideal e conforto em sua casa ou empresa.",Faro
ar-condicionado-manutencao-e-instalacao-faro,Manutenção e instalação de ar condicionado em Faro,"Oferecemos serviços de manutenção e instalação de sistemas de ar condicionado, garantindo conforto e eficiência para sua casa ou empresa.",Faro
manutencao-ar-condicionado-24-horas-faro,Manutenção de ar condicionado 24 horas em Faro,"Oferecemos serviços de manutenção de ar condicionado 24 horas para garantir que o seu sistema funcione perfeitamente, esteja você em casa ou no seu negócio.",Faro
orcamento-de-manutencao-de-ar-condicionado-faro,Orçamento de manutenção de ar condicionado em Faro,"Oferecemos serviços de manutenção de ar condicionado para residências e empresas, garantindo o funcionamento eficiente do seu sistema.",Faro
manutencao-corretiva-ar-condicionado-faro,Manutenção corretiva de ar condicionado em Faro,"Oferecemos serviços de manutenção corretiva para garantir o funcionamento eficiente do seu ar condicionado, tanto em instalações residenciais como comerciais.",Faro
empresa-manutencao-de-ar-condicionado-faro,Empresa de manutenção de ar condicionado em Faro,"Oferecemos serviços de manutenção de ar condicionado para residências e empresas, garantindo conforto e eficiência no seu sistema.",Faro
ar-condicionado-split-manutencao-faro,Manutenção de ar condicionado split em Faro,"Oferecemos serviços de manutenção de ar condicionado split para garantir o seu funcionamento ideal, tanto para residências como para empresas.",Faro
manutencao-de-ar-condicionado-perto-de-mim-faro,Manutenção de ar condicionado em Faro,Oferecemos serviços de manutenção de ar condicionado para residências e empresas em Faro. A nossa equipe está pronta para garantir que o seu sistema de ar condicionado funcione de forma eficiente.,Faro
manutencao-split-faro,Manutenção de ar condicionado split em Faro,"Oferecemos serviços de manutenção de sistemas de ar condicionado split, garantindo o máximo desempenho e conforto para sua casa ou empresa.",Faro
daikin-manutencao-faro,Manutenção de ar condicionado Daikin em Faro,"Oferecemos serviços de manutenção especializados para sistemas de ar condicionado Daikin, garantindo o melhor desempenho e eficiência do seu equipamento.",Faro
manutencao-ar-condicionado-lg-dual-inverter-faro,Manutenção de ar condicionado LG Dual Inverter em Faro,"Oferecemos serviços de manutenção especializados para o seu ar condicionado LG Dual Inverter, garantindo performance e eficiência para o seu conforto.",Faro
revisao-de-ar-condicionado-faro,Revisão de ar condicionado em Faro,Mantenha o seu ar condicionado em ótimo estado com os nossos serviços de revisão especializados.,Faro
manutencao-preventiva-em-ar-condicionado-faro,Manutenção preventiva em ar condicionado em Faro,Oferecemos serviços de manutenção preventiva para garantir o perfeito funcionamento do seu ar condicionado em residências e empresas.,Faro
manutencao-ar-condicionado-janela-faro,Manutenção de ar condicionado de janela em Faro,"Oferecemos serviços de manutenção especializados para ar condicionado de janela, garantindo um funcionamento eficiente e duradouro em sua casa ou empresa.",Faro
manutencao-em-ar-condicionado-industrial-faro,Manutenção em ar condicionado industrial em Faro,"Oferecemos serviços de manutenção especializados para sistemas de ar condicionado industrial, garantindo o melhor desempenho e eficiência para a sua empresa.",Faro
manutencao-preventiva-e-corretiva-ar-condicionado-faro,Manutenção preventiva e corretiva de ar condicionado em Faro,Oferecemos serviços de manutenção preventiva e corretiva para garantir o funcionamento ideal do seu ar condicionado em residências e empresas.,Faro
manutencao-ar-condicionado-central-faro,Manutenção de ar condicionado central em Faro,"Oferecemos serviços de manutenção especializada para sistemas de ar condicionado central, garantindo o melhor desempenho e eficiência energética.",Faro
manutencao-ar-condicionado-industrial-faro,Manutenção de ar condicionado industrial em Faro,"Oferecemos serviços de manutenção para sistemas de ar condicionado industrial, garantindo eficiência e durabilidade em suas instalações.",Faro
manutencao-ar-condicionado-de-janela-faro,Manutenção de ar condicionado de janela em Faro,"Oferecemos serviços de manutenção para ar condicionado de janela, garantindo conforto e eficiência energética na sua casa ou empresa.",Faro
preventiva-de-ar-condicionado-faro,Manutenção preventiva de ar condicionado em Faro,"Oferecemos serviços de manutenção preventiva para garantir o melhor desempenho do seu ar condicionado, tanto em residências como em empresas.",Faro
manutencao-de-ar-condicionado-lg-faro,Manutenção de ar condicionado LG em Faro,"Oferecemos serviços de manutenção para sistemas de ar condicionado LG e de todas as marcas, garantindo o melhor desempenho do seu equipamento.",Faro
assistencia-de-ar-condicionado-faro,Assistência de ar condicionado em Faro,"Oferecemos serviços de assistência técnica para todos os tipos de ar condicionados, garantindo o seu conforto em Faro.",Faro
manutencao-de-ar-condicionado-de-janela-faro,Manutenção de ar condicionado de janela em Faro,Oferecemos serviços de manutenção de ar condicionado de janela para garantir que o seu aparelho funcione de forma eficiente e duradoura.,Faro
ar-condicionado-residencial-manutencao-faro,Manutenção de ar condicionado residencial em Faro,Oferecemos serviços de manutenção para garantir o funcionamento eficiente do seu ar condicionado residencial.,Faro
preventiva-ar-condicionado-faro,Manutenção preventiva de ar condicionado em Faro,Garanta o desempenho ideal do seu sistema de ar condicionado com nossos serviços de manutenção preventiva em Faro. Oferecemos soluções para residências e empresas.,Faro
manutencao-de-split-faro,Manutenção de ar condicionado split em Faro,Oferecemos serviços de manutenção de ar condicionado split para garantir o desempenho ideal do seu equipamento.,Faro
empresa-de-manutencao-em-ar-condicionado-faro,Empresa de manutenção em ar condicionado em Faro,Oferecemos serviços de manutenção e reparação de ar condicionado para residências e empresas em Faro.,Faro
manutencao-ar-condicionado-springer-faro,Manutenção de ar condicionado Springer em Faro,"Oferecemos serviços de manutenção profissional para sistemas de ar condicionado Springer, garantindo que o seu equipamento funcione de forma eficiente e confiável.",Faro
manutencao-para-ar-condicionado-faro,Manutenção para ar condicionado em Faro,"Oferecemos serviços de manutenção para ar condicionado, garantindo um funcionamento eficiente dos seus sistemas, tanto em instalações residenciais como comerciais.",Faro
manutencao-ar-split-faro,Manutenção de ar condicionado split em Faro,Oferecemos serviços de manutenção para garantir o funcionamento eficiente do seu ar condicionado split. Entre em contato para uma avaliação!,Faro
manutencao-preventiva-e-corretiva-de-ar-condicionado-faro,Manutenção preventiva e corretiva de ar condicionado em Faro,"Oferecemos serviços completos de manutenção preventiva e corretiva para garantir o ótimo funcionamento do seu sistema de ar condicionado, seja em residências ou empresas.",Faro
empresa-de-higienizacao-de-ar-condicionado-faro,Empresa de higienização de ar condicionado em Faro,"Oferecemos serviços de higienização para ar condicionado, garantindo a qualidade do ar e eficiência do seu equipamento.",Faro
air-systems-manutencao-de-ar-condicionado-faro,Manutenção de ar condicionado em Faro,"Oferecemos serviços de manutenção para sistemas de ar condicionado, garantindo que o seu sistema funcione de maneira eficiente e prolongando a sua vida útil.",Faro
ar-condicionado-carrier-manutencao-faro,Manutenção de ar condicionado Carrier em Faro,"Oferecemos serviços de manutenção especializados para unidades de ar condicionado Carrier, garantindo que seu sistema funcione de maneira eficiente e prolongue a sua vida útil.",Faro
ar-condicionado-central-manutencao-faro,Manutenção de ar condicionado central em Faro,"Oferecemos serviços de manutenção completos para sistemas de ar condicionado central, garantindo que o seu equipamento funcione de forma eficiente e duradouro.",Faro
ar-condicionado-daikin-manutencao-faro,Manutenção de ar condicionado Daikin em Faro,"Oferecemos serviços de manutenção especializados para sistemas de ar condicionado Daikin, garantindo que o seu equipamento funcione de forma eficiente e duradoura.",Faro
ar-condicionado-de-janela-manutencao-faro,Manutenção de ar condicionado de janela em Faro,"Oferecemos serviços de manutenção especializados para ar condicionado de janela, assegurando que o seu sistema funcione de forma eficiente e eficaz.",Faro
ar-condicionado-empresas-de-manutencao-faro,Empresa de ar condicionado em Faro,"Oferecemos serviços de manutenção de sistemas de ar condicionado para residências e empresas, garantindo o seu conforto e eficiência.",Faro
ar-condicionado-fujitsu-manutencao-faro,Manutenção de ar condicionado Fujitsu em Faro,"Oferecemos serviços de manutenção de ar condicionado Fujitsu, garantindo que o seu sistema funcione de forma eficiente e prolongando a sua vida útil.",Faro
ar-condicionado-instalacao-manutencao-faro,Instalação e manutenção de ar condicionado em Faro,"Oferecemos serviços de instalação e manutenção de sistemas de ar condicionado para residências e empresas. Trabalhamos com todas as principais marcas, garantindo eficiência e conforto.",Faro
ar-condicionado-inverter-manutencao-faro,Manutenção de ar condicionado inverter em Faro,"Oferecemos serviços de manutenção especializada para sistemas de ar condicionado inverter, garantindo o seu funcionamento eficiente e prolongando a sua vida útil.",Faro
ar-condicionado-janela-manutencao-faro,Manutenção de ar condicionado de janela em Faro,"Oferecemos serviços de manutenção profissional para o seu ar condicionado de janela, garantindo o funcionamento eficiente e prolongando a sua vida útil.",Faro
ar-condicionado-lg-manutencao-faro,Manutenção de ar condicionado LG em Faro,"Oferecemos serviços de manutenção para o seu ar condicionado LG, garantindo que o seu equipamento funcione de forma eficiente e duradoura.",Faro
ar-condicionado-portatil-manutencao-faro,Manutenção de ar condicionado portátil em Faro,Oferecemos serviços de manutenção para garantir que o seu ar condicionado portátil funcione sempre em ótimas condições.,Faro
ar-condicionado-precisa-de-manutencao-faro,Manutenção de ar condicionado em Faro,Oferecemos serviços de manutenção de ar condicionado para garantir que seu aparelho funcione de forma eficiente e duradoura.,Faro
ar-condicionado-samsung-manutencao-faro,Manutenção de ar condicionado Samsung em Faro,"Oferecemos serviços de manutenção especializada para o seu ar condicionado Samsung, garantindo o melhor desempenho e conforto no seu espaço.",Faro
ar-condicionado-springer-manutencao-faro,Manutenção de ar condicionado Springer em Faro,"Oferecemos serviços de manutenção especializados para sistemas de ar condicionado Springer, garantindo o seu funcionamento eficiente e prolongando a sua vida útil.",Faro
ar-ice-clean-manutencao-higienizacao-e-instalacao-de-ar-condicionado-faro,"Manutenção, higienização e instalação de ar condicionado em Faro","Oferecemos serviços completos de instalação, manutenção e higienização de sistemas de ar condicionado para residências e empresas, garantindo eficiência e conforto.",Faro
ar-manutencao-faro,Manutenção de ar condicionado em Faro,Oferecemos serviços de manutenção de ar condicionado para garantir o seu bom funcionamento e prolongar a vida útil do seu equipamento.,Faro
arcotec-ar-condicionado-instalacao-e-manutencao-faro,Instalação e manutenção de ar condicionado Arcotec em Faro,Oferecemos serviços de instalação e manutenção para sistemas de ar condicionado Arcotec e todas as principais marcas em Faro. Entre em contato conosco para garantir um ambiente confortável.,Faro
assistencia-em-ar-condicionado-faro,Assistência em ar condicionado em Faro,"Oferecemos serviços de assistência técnica, incluindo reparação e manutenção de sistemas de ar condicionado para residências e empresas.",Faro
assistencia-tecnica-ar-faro,Assistência técnica de ar em Faro,"Oferecemos serviços de assistência técnica para ar condicionado, garantindo conforto e eficiência em sua casa ou empresa.",Faro
assistencia-tecnica-ar-condicionado-hitachi-faro,Assistência técnica de ar condicionado Hitachi em Faro,"Oferecemos serviços de reparação e manutenção de unidades Hitachi, garantindo o funcionamento ideal do seu sistema de climatização.",Faro
assistencia-tecnica-em-ar-condicionado-faro,Assistência técnica em ar condicionado em Faro,Oferecemos serviços de reparação e manutenção de ar condicionado para residências e empresas em Faro.,Faro
carrier-manutencao-ar-condicionado-faro,Manutenção de ar condicionado Carrier em Faro,"Oferecemos serviços de manutenção para sistemas de ar condicionado Carrier, garantindo o seu funcionamento ideal e aumentando a durabilidade do equipamento.",Faro
empresa-de-ar-condicionado-manutencao-faro,Empresa de ar condicionado em Faro,Oferecemos serviços de manutenção especializada em sistemas de ar condicionado para residências e empresas.,Faro
empresa-de-instalacao-e-manutencao-de-ar-condicionado-faro,Empresa de instalação e manutenção de ar condicionado em Faro,"Oferecemos serviços de instalação e manutenção de sistemas de ar condicionado para residências e empresas, garantindo conforto em qualquer espaço.",Faro
empresas-de-instalacao-e-manutencao-de-ar-condicionado-faro,Empresa de instalação e manutenção de ar condicionado em Faro,"Oferecemos serviços profissionais de instalação e manutenção de ar condicionado para residências e empresas em Faro. Trabalhamos com todas as principais marcas como LG, Daikin e Samsung, garantindo conforto e qualidade.",Faro
fan-coil-manutencao-faro,Manutenção de fan coil em Faro,"Oferecemos serviços de manutenção para fan coils, garantindo o seu funcionamento eficiente e duradouro.",Faro
fujitsu-ar-condicionado-assistencia-tecnica-faro,Assistência técnica de ar condicionado Fujitsu em Faro,"Oferecemos serviços de instalação, reparação e manutenção de ar condicionado Fujitsu, garantindo que seu sistema funcione sempre na melhor condição.",Faro
fujitsu-ar-condicionado-manutencao-faro,Manutenção de ar condicionado Fujitsu em Faro,"Oferecemos serviços de manutenção especializados para sistemas de ar condicionado Fujitsu, garantindo eficiência e conforto em sua residência ou empresa.",Faro
higienizar-ar-condicionado-split-faro,Higienização de ar condicionado split em Faro,"Oferecemos serviços de higienização profissional para unidades de ar condicionado split, garantindo um ambiente saudável e agradável na sua casa ou empresa.",Faro
higienizacao-de-ar-condicionado-de-janela-faro,Higienização de ar condicionado de janela em Faro,"Oferecemos serviços de higienização eficientes para o seu ar condicionado de janela, garantindo um ambiente mais saudável and confortável em sua casa ou escritório.",Faro
instalacao-de-ar-condicionado-e-manutencao-faro,Instalação de ar condicionado e manutenção em Faro,"Oferecemos serviços de instalação e manutenção de ar condicionado para residências e empresas, garantindo conforto e qualidade no seu ambiente.",Faro
instalacao-e-manutencao-ar-condicionado-faro,Instalação e manutenção de ar condicionado em Faro,"Oferecemos serviços completos de instalação e manutenção para sistemas de ar condicionado, garantindo conforto e eficiência para residências e empresas.",Faro
instalacao-e-manutencao-de-ar-condicionado-split-faro,Instalação e manutenção de ar condicionado split em Faro,"Oferecemos serviços completos de instalação e manutenção de sistemas de ar condicionado split, garantindo conforto e eficiência para sua casa ou empresa.",Faro
instalacao-e-manutencao-de-split-faro,Instalação e manutenção de ar condicionado split em Faro,"Oferecemos serviços de instalação e manutenção para sistemas de ar condicionado split, garantindo conforto e eficiência energética para residências e empresas.",Faro
instalacao-e-manutencao-em-ar-condicionado-faro,Instalação e manutenção de ar condicionado em Faro,Oferecemos serviços de instalação e manutenção de ar condicionado tanto para residências como para empresas em Faro. Entre em contato para garantir o conforto no seu ambiente.,Faro
instalacao-manutencao-ar-condicionado-faro,Instalação e manutenção de ar condicionado em Faro,"Oferecemos serviços de instalação e manutenção de ar condicionado para residências e empresas, trabalhando com todas as principais marcas como LG, Daikin e Samsung.",Faro
manutencao-ar-faro,Manutenção de ar condicionado em Faro,"Oferecemos serviços de manutenção para todos os tipos de sistemas de ar condicionado, garantindo o seu funcionamento eficiente e duradouro.",Faro
manutencao-ar-cond-faro,Manutenção de ar condicionado em Faro,"Oferecemos serviços de manutenção de ar condicionado para garantir o funcionamento eficiente do seu equipamento, seja em residências ou empresas.",Faro
manutencao-de-ar-split-faro,Manutenção de ar condicionado split em Faro,"Oferecemos serviços de manutenção de ar condicionado split para garantir que o seu sistema funcione sempre em perfeitas condições, atendendo a residências e empresas.",Faro
manutencao-em-ar-faro,Manutenção de ar condicionado em Faro,"Oferecemos serviços completos de manutenção para o seu sistema de ar condicionado, garantindo o seu perfeito funcionamento e eficiência.",Faro
manutencao-ar-condicionado-carrier-faro,Manutenção de ar condicionado Carrier em Faro,"Oferecemos serviços de manutenção especializados para sistemas de ar condicionado Carrier, garantindo um funcionamento eficiente e prolongando a vida útil do seu equipamento.",Faro
manutencao-ar-condicionado-comfee-faro,Manutenção de ar condicionado Comfee em Faro,"Oferecemos serviços de manutenção especializada para seus sistemas Comfee, garantindo o desempenho ideal do seu ar condicionado.",Faro
manutencao-ar-condicionado-delonghi-faro,Manutenção de ar condicionado Delonghi em Faro,"Oferecemos serviços de manutenção para o seu ar condicionado Delonghi, garantindo o seu ideal funcionamento e conforto.",Faro
manutencao-ar-condicionado-gree-faro,Manutenção de ar condicionado Gree em Faro,"Oferecemos serviços de manutenção especializados para ar condicionado Gree, garantindo que o seu sistema funcione de forma eficiente e prolongando a sua vida útil.",Faro
manutencao-ar-condicionado-hitachi-faro,Manutenção de ar condicionado Hitachi em Faro,"Oferecemos serviços de manutenção especializados para sistemas de ar condicionado Hitachi, garantindo o perfeito funcionamento do seu equipamento.",Faro
manutencao-ar-condicionado-inverter-faro,Manutenção de ar condicionado inverter em Faro,"Oferecemos serviços de manutenção especializados para sistemas de ar condicionado inverter, garantindo o seu funcionamento eficiente e prolongando a sua vida útil.",Faro
manutencao-ar-condicionado-k7-faro,Manutenção de ar condicionado K7 em Faro,"Oferecemos serviços de manutenção para sistemas de ar condicionado K7, garantindo um funcionamento eficiente e duradouro.",Faro
manutencao-ar-condicionado-lg-inverter-faro,Manutenção de ar condicionado LG Inverter em Faro,"Oferecemos serviços de manutenção especializados para sistemas de ar condicionado LG Inverter, garantindo o funcionamento eficiente e prolongando a vida útil do seu equipamento.",Faro
manutencao-ar-condicionado-portatil-delonghi-faro,Manutenção de ar condicionado portátil Delonghi em Faro,"Oferecemos serviços completos de manutenção para o seu ar condicionado portátil Delonghi, garantindo que ele funcione de forma eficiente e prolongue a sua vida útil.",Faro
manutencao-ar-condicionado-portatil-midea-faro,Manutenção de ar condicionado portátil Midea em Faro,"Oferecemos serviços de manutenção para o seu ar condicionado portátil Midea, garantindo o seu funcionamento ideal durante todo o ano.",Faro
manutencao-ar-condicionado-samsung-inverter-faro,Manutenção de ar condicionado Samsung inverter em Faro,"Garantimos um serviço de qualidade para manter o seu ar condicionado Samsung inverter em perfeito estado, seja para uso residencial ou comercial.",Faro
manutencao-ar-condicionado-split-gree-faro,Manutenção de ar condicionado split Gree em Faro,"Oferecemos serviços de manutenção para o seu ar condicionado split Gree, garantindo um funcionamento eficiente e prolongando a vida útil do seu equipamento em Faro.",Faro
manutencao-ar-condicionado-split-samsung-faro,Manutenção de ar condicionado split Samsung em Faro,"Oferecemos serviços de manutenção especializados para o seu ar condicionado split Samsung, garantindo o seu funcionamento eficiente e prolongando a sua vida útil.",Faro
manutencao-ar-condicionado-springer-carrier-faro,Manutenção de ar condicionado Springer e Carrier em Faro,"Oferecemos serviços de manutenção para os sistemas de ar condicionado das marcas Springer e Carrier, garantindo que seu equipamento funcione de forma eficiente e duradoura.",Faro
manutencao-ar-portatil-faro,Manutenção de ar portátil em Faro,"Oferecemos serviços de manutenção especializada para o seu ar condicionado portátil, garantindo o seu funcionamento eficaz e duradouro.",Faro
manutencao-avac-faro,Manutenção de AVAC em Faro,"Oferecemos serviços de manutenção para sistemas de climatização, garantindo o funcionamento eficiente e duradouro do seu equipamento.",Faro
manutencao-central-de-ar-faro,Manutenção de central de ar em Faro,Oferecemos serviços de manutenção de sistemas de ar condicionado central para garantir o seu funcionamento eficiente e prolongar a sua vida útil.,Faro
manutencao-climatizador-springer-faro,Manutenção de climatizador Springer em Faro,"Oferecemos serviços especializados de manutenção para climatizadores Springer, garantindo eficiência e conforto em sua casa ou empresa.",Faro
manutencao-condicionador-de-ar-faro,Manutenção de condicionador de ar em Faro,"Oferecemos serviços de manutenção para todos os tipos de condicionadores de ar, garantindo o seu funcionamento eficiente em ambientes residenciais e comerciais.",Faro
manutencao-corretiva-de-ar-condicionado-faro,Manutenção corretiva de ar condicionado em Faro,Oferecemos serviços de manutenção corretiva para garantir o funcionamento otimizado do seu ar condicionado. Trabalhamos com todas as marcas e asseguramos a qualidade do nosso trabalho.,Faro
manutencao-corretiva-e-preventiva-de-ar-condicionado-faro,Manutenção corretiva e preventiva de ar condicionado em Faro,"Oferecemos serviços de manutenção corretiva e preventiva de ar condicionado para garantir o funcionamento ideal do seu sistema, seja em residências ou empresas.",Faro
manutencao-corretiva-em-ar-condicionado-faro,Manutenção corretiva em ar condicionado em Faro,"Oferecemos serviços de manutenção corretiva para garantir o funcionamento eficiente do seu ar condicionado, seja em ambientes residenciais ou comerciais.",Faro
manutencao-de-aparelhos-de-ar-condicionado-faro,Manutenção de aparelhos de ar condicionado em Faro,"Oferecemos serviços de manutenção completos para aparelhos de ar condicionado, garantindo o seu funcionamento eficiente e prolongando a sua vida útil.",Faro
manutencao-de-ar-central-faro,Manutenção de ar condicionado central em Faro,"Oferecemos serviços de manutenção de ar condicionado central para garantir o funcionamento eficiente do seu sistema, tanto em residências como em empresas.",Faro
manutencao-de-ar-condicionado-24-horas-faro,Manutenção de ar condicionado 24 horas em Faro,"Oferecemos serviços de manutenção de ar condicionado disponíveis 24 horas, para garantir que seu ambiente esteja sempre confortável.",Faro
manutencao-de-ar-condicionado-carrier-faro,Manutenção de ar condicionado Carrier em Faro,Oferecemos serviços de manutenção especializados para sistemas de ar condicionado Carrier e todas as principais marcas. Garantimos um desempenho eficiente e confiável.,Faro
manutencao-de-ar-condicionado-comercial-faro,Manutenção de ar condicionado comercial em Faro,"Oferecemos serviços de manutenção para sistemas de ar condicionado comerciais, garantindo eficiência e conforto para o seu negócio.",Faro
manutencao-de-ar-condicionado-daikin-faro,Manutenção de ar condicionado Daikin em Faro,"Oferecemos serviços de manutenção para sistemas de ar condicionado Daikin, garantindo o seu perfeito funcionamento e conforto em sua casa ou empresa.",Faro
manutencao-de-ar-condicionado-de-parede-faro,Manutenção de ar condicionado de parede em Faro,Oferecemos serviços de manutenção de ar condicionado de parede para garantir o seu funcionamento eficiente e prolongar a sua vida útil. Entre em contacto connosco para um serviço rápido e de qualidade.,Faro
manutencao-de-ar-condicionado-elgin-faro,Manutenção de ar condicionado Elgin em Faro,"Oferecemos serviços de manutenção eficientes e de qualidade para o seu ar condicionado Elgin, garantindo que o seu sistema funcione de forma otimizada.",Faro
manutencao-de-ar-condicionado-fujitsu-faro,Manutenção de ar condicionado Fujitsu em Faro,Oferecemos serviços de manutenção especializados para garantir o ótimo funcionamento do seu ar condicionado Fujitsu em Faro.,Faro
manutencao-de-ar-condicionado-gree-faro,Manutenção de ar condicionado Gree em Faro,"Oferecemos serviços de manutenção para sistemas de ar condicionado Gree, garantindo o seu funcionamento eficaz e prolongando a sua vida útil.",Faro
manutencao-de-ar-condicionado-inverter-faro,Manutenção de ar condicionado inverter em Faro,"Oferecemos serviços de manutenção especializada para sistemas de ar condicionado inverter, garantindo um desempenho eficiente e prolongando a vida útil do seu equipamento.",Faro
manutencao-de-ar-condicionado-janela-faro,Manutenção de ar condicionado de janela em Faro,Oferecemos serviços de manutenção de ar condicionado de janela para garantir o funcionamento eficiente e duradouro do seu sistema.,Faro
manutencao-de-ar-condicionado-mais-proximo-faro,Manutenção de ar condicionado mais próximo em Faro,"Oferecemos serviços de manutenção de ar condicionado para residências e empresas, garantindo o melhor desempenho do seu sistema.",Faro
manutencao-de-ar-condicionado-midea-faro,Manutenção de ar condicionado Midea em Faro,"Oferecemos serviços de manutenção para a sua unidade Midea, garantindo o funcionamento eficiente e prolongando a sua vida útil.",Faro
manutencao-de-ar-condicionado-portatil-springer-faro,Manutenção de ar condicionado portátil Springer em Faro,"Oferecemos serviços de manutenção especializados para o seu ar condicionado portátil Springer, garantindo o seu funcionamento eficiente e prolongando a sua vida útil.",Faro
manutencao-de-ar-condicionado-predial-faro,Manutenção de ar condicionado predial em Faro,"Oferecemos serviços de manutenção para sistemas de ar condicionado predial, garantindo o desempenho ideal e a durabilidade do seu equipamento.",Faro
manutencao-de-ar-condicionado-samsung-faro,Manutenção de ar condicionado Samsung em Faro,"Oferecemos serviços de manutenção profissional para o seu ar condicionado Samsung, garantindo que o seu sistema funcione perfeitamente durante todo o ano.",Faro
manutencao-de-ar-condicionado-springer-faro,Manutenção de ar condicionado Springer em Faro,"Oferecemos serviços de manutenção especializada para unidades Springer, garantindo o ótimo funcionamento do seu ar condicionado.",Faro
manutencao-de-ares-condicionados-faro,Manutenção de ares condicionados em Faro,Oferecemos serviços de manutenção especializados para garantir o funcionamento eficiente do seu ar condicionado em qualquer ambiente.,Faro
manutencao-de-central-de-ar-faro,Manutenção de central de ar em Faro,"Oferecemos serviços completos de manutenção de centrais de ar, garantindo o funcionamento eficiente e duradouro do seu sistema.",Faro
manutencao-de-central-de-ar-condicionado-faro,Manutenção de central de ar condicionado em Faro,"Oferecemos serviços de manutenção profissional para centrais de ar condicionado, garantindo o seu correto funcionamento e eficiência.",Faro
manutencao-de-condicionador-de-ar-faro,Manutenção de condicionador de ar em Faro,"Oferecemos serviços de manutenção para condicionadores de ar, garantindo que o seu sistema funcione de forma eficiente e confiável.",Faro
manutencao-de-fan-coil-faro,Manutenção de fan coil em Faro,Oferecemos serviços de manutenção de fan coil para garantir que seu sistema de climatização funcione de forma eficiente e sem problemas.,Faro
manutencao-de-placa-de-ar-condicionado-faro,Manutenção de placa de ar condicionado em Faro,Oferecemos serviços de manutenção de placas de ar condicionado para garantir o perfeito funcionamento do seu equipamento.,Faro
manutencao-do-ar-faro,Manutenção do ar em Faro,"Oferecemos serviços de manutenção de sistemas de ar condicionado em residências e empresas, garantindo o seu funcionamento eficiente e prolongando a vida útil do seu equipamento.",Faro
manutencao-do-ar-condicionado-split-faro,Manutenção do ar condicionado split em Faro,"Oferecemos serviços de manutenção especializados para ar condicionado split, garantindo o seu funcionamento ideal e prolongando a sua vida útil.",Faro
manutencao-dos-ar-condicionados-faro,Manutenção dos ar condicionados em Faro,"Oferecemos serviços de manutenção de ar condicionados para residências e empresas, garantindo o seu funcionamento eficiente e prolongando a sua vida útil.",Faro
manutencao-e-higienizacao-de-ar-condicionado-faro,Manutenção e higienização de ar condicionado em Faro,Oferecemos serviços de manutenção e higienização de ar condicionado para garantir o máximo desempenho e eficiência do seu equipamento.,Faro
manutencao-e-instalacao-de-ar-condicionado-split-faro,Manutenção e instalação de ar condicionado split em Faro,"Oferecemos serviços de instalação, manutenção e reparação de sistemas de ar condicionado split para residências e empresas.",Faro
manutencao-e-preventiva-ar-condicionados-faro,Manutenção e preventiva de ar condicionados em Faro,"Oferecemos serviços de manutenção e preventiva para ar condicionados, garantindo que o seu sistema funcione de forma eficiente e prolongando a sua vida útil.",Faro
manutencao-em-ar-condicionado-de-janela-faro,Manutenção em ar condicionado de janela em Faro,"Oferecemos serviços de manutenção para ar condicionado de janela, garantindo o seu funcionamento ideal e prolongando a sua vida útil.",Faro
manutencao-em-ar-condicionado-portatil-faro,Manutenção de ar condicionado portátil em Faro,"Oferecemos serviços de manutenção especializados para o seu ar condicionado portátil, garantindo que ele funcione de forma eficiente e confiável.",Faro
manutencao-em-central-de-ar-faro,Manutenção em central de ar em Faro,"Oferecemos serviços de manutenção especializada em sistemas de ar condicionado central, garantindo o seu funcionamento eficiente e duradouro.",Faro
manutencao-em-refrigeracao-comercial-faro,Manutenção em refrigeração comercial em Faro,"Oferecemos serviços de manutenção de sistemas de refrigeração comercial, garantindo eficiência e funcionalidade para o seu negócio.",Faro
manutencao-fan-coil-faro,Manutenção de fan coil em Faro,"Oferecemos serviços especializados de manutenção para sistemas de fan coil, garantindo que seu ar condicionado funcione de forma eficiente e eficaz em sua residência ou empresa.",Faro
manutencao-lg-dual-inverter-faro,Manutenção de ar condicionado LG Dual Inverter em Faro,"Oferecemos serviços de manutenção especializada para o seu ar condicionado LG Dual Inverter, garantindo o seu funcionamento eficiente e prolongando sua vida útil.",Faro
manutencao-no-ar-condicionado-faro,Manutenção no ar condicionado em Faro,Oferecemos serviços de manutenção de ar condicionado para garantir o funcionamento eficiente e prolongar a vida útil do seu equipamento.,Faro
manutencao-periodica-ar-condicionado-faro,Manutenção periódica de ar condicionado em Faro,"Oferecemos serviços de manutenção periódica para garantir o funcionamento ideal do seu ar condicionado, tanto em residências como em empresas.",Faro
manutencao-periodica-de-ar-condicionado-faro,Manutenção periódica de ar condicionado em Faro,Oferecemos serviços de manutenção periódica para garantir o funcionamento eficiente do seu sistema de ar condicionado em residências e empresas.,Faro
manutencao-preditiva-ar-condicionado-faro,Manutenção preditiva de ar condicionado em Faro,Oferecemos serviços de manutenção preditiva para garantir que o seu sistema de ar condicionado opere de forma eficiente e confiável.,Faro
manutencao-preditiva-de-ar-condicionado-faro,Manutenção preditiva de ar condicionado em Faro,Oferecemos serviços de manutenção preditiva para garantir o ótimo funcionamento do seu ar condicionado. Contamos com uma equipa especializada para atender tanto residências como empresas.,Faro
manutencao-preventiva-ar-condicionado-split-faro,Manutenção preventiva de ar condicionado split em Faro,Garanta o bom funcionamento e a eficiência do seu ar condicionado split com os nossos serviços de manutenção preventiva em Faro. Estamos aqui para ajudar na manutenção e reparação.,Faro
manutencao-preventiva-condicionada-faro,Manutenção preventiva de ar condicionado em Faro,"Oferecemos serviços de manutenção preventiva para garantir o funcionamento eficiente do seu sistema de ar condicionado, proporcionando conforto e economia de energia.",Faro
manutencao-preventiva-de-ar-condicionado-split-faro,Manutenção preventiva de ar condicionado split em Faro,"Oferecemos serviços de manutenção preventiva para o seu ar condicionado split, garantindo o seu funcionamento eficiente e prolongando a sua vida útil.",Faro
manutencao-preventiva-do-ar-condicionado-faro,Manutenção preventiva do ar condicionado em Faro,"Oferecemos serviços de manutenção preventiva para garantir o bom funcionamento do seu ar condicionado, tanto em residências como em empresas.",Faro
manutencao-preventiva-fan-coil-faro,Manutenção preventiva de fan coil em Faro,"Oferecemos serviços de manutenção preventiva para sistemas de fan coil, garantindo que o seu equipamento funcione sempre em ótimas condições.",Faro
manutencao-preventiva-refrigeracao-faro,Manutenção preventiva de refrigeração em Faro,"Oferecemos serviços de manutenção preventiva para sistemas de refrigeração, garantindo eficiência e durabilidade para sua instalação.",Faro
manutencao-preventiva-split-faro,Manutenção preventiva de ar condicionado split em Faro,Assegure o bom funcionamento do seu ar condicionado com a nossa manutenção preventiva especializada.,Faro
manutencao-refrigeracao-comercial-faro,Manutenção de refrigeração comercial em Faro,Oferecemos serviços de manutenção de sistemas de refrigeração comercial para garantir o funcionamento eficiente do seu negócio.,Faro
manutencao-sistemas-avac-faro,Manutenção de sistemas AVAC em Faro,Oferecemos serviços de manutenção de sistemas AVAC para garantir o melhor funcionamento e eficiência do seu equipamento.,Faro
manutencao-split-inverter-faro,Manutenção de ar condicionado split inverter em Faro,"Oferecemos serviços de manutenção para sistemas de ar condicionado split inverter, garantindo um desempenho eficiente e prolongando a vida útil do seu equipamento.",Faro
manutencao-springer-ar-condicionado-faro,Manutenção de ar condicionado Springer em Faro,"Oferecemos serviços de manutenção especializada para sistemas de ar condicionado Springer, garantindo o seu funcionamento eficiente e duradouro em Faro.",Faro
montagem-e-manutencao-de-ar-condicionado-faro,Montagem e manutenção de ar condicionado em Faro,"Oferecemos serviços de montagem e manutenção de sistemas de ar condicionado para residências e empresas, garantindo conforto e eficiência.",Faro
oficina-de-manutencao-de-ar-condicionado-faro,Oficina de manutenção de ar condicionado em Faro,Oferecemos serviços de manutenção e reparação de ar condicionado para garantir o conforto do seu espaço.,Faro
orcamento-manutencao-ar-condicionado-faro,Orçamento para manutenção de ar condicionado em Faro,"Oferecemos serviços de manutenção para garantir o perfeito funcionamento do seu ar condicionado, seja em residências ou empresas. Entre em contato para um orçamento personalizado.",Faro
orcamento-manutencao-de-ar-condicionado-faro,Orçamento para manutenção de ar condicionado em Faro,"Oferecemos serviços de manutenção de ar condicionado para residencial e comercial, garantindo o funcionamento ideal do seu equipamento.",Faro
orcamento-para-manutencao-de-ar-condicionado-faro,Orçamento para manutenção de ar condicionado em Faro,"Oferecemos serviços de manutenção de ar condicionado para residências e empresas, garantindo que o seu equipamento funcione de forma eficiente.",Faro
preventiva-em-ar-condicionado-faro,Manutenção preventiva em ar condicionado em Faro,Oferecemos serviços de manutenção preventiva para garantir que o seu sistema de ar condicionado funcione de forma eficiente e prolongue a sua vida útil.,Faro
refrigeracao-e-manutencao-faro,Refrigeração e manutenção em Faro,"Oferecemos serviços de refrigeração e manutenção para residências e empresas, garantindo um ambiente confortável durante todo o ano.",Faro
servico-de-manutencao-ar-condicionado-faro,Serviço de manutenção de ar condicionado em Faro,"Oferecemos serviços de manutenção para garantir o funcionamento ideal do seu ar condicionado, seja em ambientes residenciais ou comerciais.",Faro
servicos-de-manutencao-preventiva-e-corretiva-de-ar-condicionado-faro,Serviços de manutenção preventiva e corretiva de ar condicionado em Faro,"Oferecemos serviços de manutenção que garantem o funcionamento ótimo do seu ar condicionado, tanto para residências como para empresas.",Faro
split-manutencao-faro,Manutenção de ar condicionado split em Faro,"Oferecemos serviços de manutenção profissionais para sistemas de ar condicionado split, garantindo o seu perfeito funcionamento.",Faro
manutencao-ar-condicionado-portimao,Manutenção de ar condicionado em Portimão,Oferecemos serviços de manutenção de ar condicionado para garantir o funcionamento eficiente do seu sistema. Entre em contato conosco para agendar uma visita.,Portimao
manutencao-de-ar-condicionado-portimao,Manutenção de ar condicionado em Portimão,Oferecemos serviços de manutenção de ar condicionado para garantir o perfeito funcionamento do seu sistema de climatização.,Portimao
ar-condicionado-manutencao-portimao,Manutenção de ar condicionado em Portimão,"Oferecemos serviços de manutenção para garantir o funcionamento ideal do seu sistema de ar condicionado, atendendo tanto residências como empresas.",Portimao
manutencao-em-ar-condicionado-portimao,Manutenção em ar condicionado em Portimão,"Oferecemos serviços de manutenção de ar condicionado para garantir o seu conforto e eficiência, tanto em instalações residenciais como comerciais.",Portimao
empresa-de-manutencao-de-ar-condicionado-portimao,Empresa de manutenção de ar condicionado em Portimão,"Oferecemos serviços de manutenção e reparação de ar condicionado para residências e empresas, garantindo o funcionamento ideal do seu equipamento.",Portimao
manutencao-preventiva-ar-condicionado-portimao,Manutenção preventiva de ar condicionado em Portimão,"Oferecemos serviços de manutenção preventiva para garantir o funcionamento eficiente do seu ar condicionado, seja para sua residência ou empresa.",Portimao
manutencao-ar-condicionado-residencial-portimao,Manutenção de ar condicionado residencial em Portimão,Oferecemos serviços de manutenção de ar condicionado residencial para garantir que o seu sistema funcione de forma eficiente e confiável. Entre em contato conosco para uma avaliação e serviço de qualidade.,Portimao
instalacao-e-manutencao-de-ar-condicionado-portimao,Instalação e manutenção de ar condicionado em Portimão,"Oferecemos serviços de instalação e manutenção de ar condicionado para residências e empresas em Portimão. Trabalhamos com todas as principais marcas como LG, Daikin e Samsung.",Portimao
manutencao-de-ar-condicionado-residencial-portimao,Manutenção de ar condicionado residencial em Portimão,Oferecemos serviços de manutenção de ar condicionado residencial para garantir o seu conforto e eficiência.,Portimao
manutencao-de-ar-condicionado-split-portimao,Manutenção de ar condicionado split em Portimão,"Oferecemos serviços de manutenção especializada para ar condicionado split, garantindo conforto e eficiência em sua casa ou empresa.",Portimao
manutencao-ar-condicionado-perto-de-mim-portimao,Manutenção de ar condicionado perto de mim,"Oferecemos serviços de manutenção de ar condicionado em Portimão, garantindo o desempenho ideal do seu sistema de climatização.",Portimao
manutencao-ar-condicionado-split-portimao,Manutenção de ar condicionado split em Portimão,"Oferecemos serviços de manutenção especializada para sistemas de ar condicionado split, garantindo o desempenho ideal e a eficiência do seu equipamento.",Portimao
manutencao-preventiva-de-ar-condicionado-portimao,Manutenção preventiva de ar condicionado em Portimão,Oferecemos serviços de manutenção preventiva para garantir o funcionamento eficaz e duradouro do seu ar condicionado.,Portimao
empresa-manutencao-ar-condicionado-portimao,Empresa de manutenção de ar condicionado em Portimão,"Oferecemos serviços de manutenção para sistemas de ar condicionado, garantindo o seu funcionamento eficaz e prolongando a sua vida útil.",Portimao
manutencao-e-instalacao-de-ar-condicionado-portimao,Manutenção e instalação de ar condicionado em Portimão,"Oferecemos serviços profissionais de manutenção e instalação de ar condicionado para residências e empresas, garantindo conforto e eficiência.",Portimao
manutencao-em-ar-condicionado-residencial-portimao,Manutenção em ar condicionado residencial em Portimão,"Oferecemos serviços de manutenção para sistemas de ar condicionado residenciais, garantindo conforto e eficiência em sua casa.",Portimao
manutencao-ar-condicionado-lg-portimao,Manutenção de ar condicionado LG em Portimão,"Oferecemos serviços de manutenção para sistemas de ar condicionado da marca LG, garantindo que seu equipamento funcione perfeitamente. Também realizamos manutenção para todas as principais marcas.",Portimao
manutencao-ar-condicionado-portatil-portimao,Manutenção de ar condicionado portátil em Portimão,"Oferecemos serviços de manutenção especializados para garantir o bom funcionamento do seu ar condicionado portátil, tanto para residências como para empresas.",Portimao
manutencao-ar-condicionado-daikin-portimao,Manutenção de ar condicionado Daikin em Portimão,"Oferecemos serviços de manutenção especializados para sistemas de ar condicionado Daikin, garantindo o seu conforto e eficiência.",Portimao
manutencao-do-ar-condicionado-portimao,Manutenção do ar condicionado em Portimão,"Oferecemos serviços de manutenção de ar condicionado para garantir o seu funcionamento ideal, tanto para residências como para empresas.",Portimao
manutencao-de-ar-condicionado-portatil-portimao,Manutenção de ar condicionado portátil em Portimão,"Oferecemos serviços de manutenção especializados para ar condicionado portátil, garantindo que seu aparelho funcione de forma eficiente e eficaz.",Portimao
servico-de-manutencao-de-ar-condicionado-portimao,Serviço de manutenção de ar condicionado em Portimão,"Oferecemos serviços de manutenção para todos os tipos de sistemas de ar condicionado, garantindo o seu funcionamento eficiente e duradouro.",Portimao
manutencao-de-ar-condicionado-central-portimao,Manutenção de ar condicionado central em Portimão,"Oferecemos serviços de manutenção eficiente para sistemas de ar condicionado central em residências e empresas, garantindo o funcionamento ideal do seu equipamento.",Portimao
ar-condicionado-instalacao-e-manutencao-portimao,Instalação e manutenção de ar condicionado em Portimão,"Oferecemos serviços de instalação e manutenção de sistemas de ar condicionado para residências e empresas, garantindo conforto e eficiência.",Portimao
higienizacao-ar-condicionado-split-portimao,Higienização de ar condicionado split em Portimão,Garanta a eficiência e a qualidade do seu ar condicionado split com nossos serviços de higienização profissional.,Portimao
manutencao-de-ar-portimao,Manutenção de ar condicionado em Portimão,"Oferecemos serviços de manutenção de ar condicionado para garantir o funcionamento eficiente e duradouro do seu sistema, seja em residências ou empresas.",Portimao
refrigeracao-manutencao-portimao,Manutenção de refrigeração em Portimão,"Oferecemos serviços de manutenção para sistemas de refrigeração, garantindo que o seu equipamento funcione de forma eficiente e confiável.",Portimao
manutencao-de-ar-condicionado-industrial-portimao,Manutenção de ar condicionado industrial em Portimão,Oferecemos serviços de manutenção de ar condicionado industrial para garantir o funcionamento eficiente e duradouro do seu equipamento.,Portimao
empresas-que-fazem-manutencao-de-ar-condicionado-portimao,Empresa de ar condicionado em Portimão,"Oferecemos serviços de manutenção de ar condicionado para residências e empresas, garantindo o melhor desempenho do seu sistema.",Portimao
manutencao-ar-condicionado-samsung-portimao,Manutenção de ar condicionado Samsung em Portimão,"Oferecemos serviços de manutenção especializados para o seu ar condicionado Samsung, garantindo um funcionamento eficiente e duradouro.",Portimao
ar-condicionado-manutencao-preventiva-portimao,Manutenção preventiva de ar condicionado em Portimão,Garanta o funcionamento eficiente do seu ar condicionado com nossos serviços de manutenção preventiva em Portimão. Estamos à disposição para atender tanto residências quanto empresas.,Portimao
assistencia-tecnica-ar-condicionado-fujitsu-portimao,Assistência técnica de ar condicionado Fujitsu em Portimão,"Oferecemos serviços de reparação e manutenção de ar condicionado Fujitsu, garantindo que você tenha o conforto que precisa em sua casa ou empresa.",Portimao
ar-condicionado-assistencia-portimao,Assistência de ar condicionado em Portimão,"Oferecemos serviços de assistência técnica para qualquer marca de ar condicionado, garantindo conforto e qualidade no seu ambiente.",Portimao
empresa-de-manutencao-ar-condicionado-portimao,Empresa de manutenção de ar condicionado em Portimão,"Oferecemos serviços de manutenção para todos os tipos de sistemas de ar condicionado, garantindo eficiência e conforto para sua casa ou empresa.",Portimao
manutencao-em-ar-condicionado-split-portimao,Manutenção em ar condicionado split em Portimão,"Oferecemos serviços profissionais de manutenção para ar condicionado split, garantindo o seu funcionamento eficiente em ambientes residenciais e comerciais.",Portimao
manutencao-ar-condicionado-fujitsu-portimao,Manutenção de ar condicionado Fujitsu em Portimão,"Oferecemos serviços de manutenção especializada para sistemas de ar condicionado Fujitsu, garantindo um desempenho ideal e conforto em sua casa ou empresa.",Portimao
ar-condicionado-manutencao-e-instalacao-portimao,Manutenção e instalação de ar condicionado em Portimão,"Oferecemos serviços de manutenção e instalação de sistemas de ar condicionado, garantindo conforto e eficiência para sua casa ou empresa.",Portimao
manutencao-ar-condicionado-24-horas-portimao,Manutenção de ar condicionado 24 horas em Portimão,"Oferecemos serviços de manutenção de ar condicionado 24 horas para garantir que o seu sistema funcione perfeitamente, esteja você em casa ou no seu negócio.",Portimao
orcamento-de-manutencao-de-ar-condicionado-portimao,Orçamento de manutenção de ar condicionado em Portimão,"Oferecemos serviços de manutenção de ar condicionado para residências e empresas, garantindo o funcionamento eficiente do seu sistema.",Portimao
manutencao-corretiva-ar-condicionado-portimao,Manutenção corretiva de ar condicionado em Portimão,"Oferecemos serviços de manutenção corretiva para garantir o funcionamento eficiente do seu ar condicionado, tanto em instalações residenciais como comerciais.",Portimao
empresa-manutencao-de-ar-condicionado-portimao,Empresa de manutenção de ar condicionado em Portimão,"Oferecemos serviços de manutenção de ar condicionado para residências e empresas, garantindo conforto e eficiência no seu sistema.",Portimao
ar-condicionado-split-manutencao-portimao,Manutenção de ar condicionado split em Portimão,"Oferecemos serviços de manutenção de ar condicionado split para garantir o seu funcionamento ideal, tanto para residências como para empresas.",Portimao
manutencao-de-ar-condicionado-perto-de-mim-portimao,Manutenção de ar condicionado em Portimão,Oferecemos serviços de manutenção de ar condicionado para residências e empresas em Portimão. A nossa equipe está pronta para garantir que o seu sistema de ar condicionado funcione de forma eficiente.,Portimao
manutencao-split-portimao,Manutenção de ar condicionado split em Portimão,"Oferecemos serviços de manutenção de sistemas de ar condicionado split, garantindo o máximo desempenho e conforto para sua casa ou empresa.",Portimao
daikin-manutencao-portimao,Manutenção de ar condicionado Daikin em Portimão,"Oferecemos serviços de manutenção especializados para sistemas de ar condicionado Daikin, garantindo o melhor desempenho e eficiência do seu equipamento.",Portimao
manutencao-ar-condicionado-lg-dual-inverter-portimao,Manutenção de ar condicionado LG Dual Inverter em Portimão,"Oferecemos serviços de manutenção especializados para o seu ar condicionado LG Dual Inverter, garantindo performance e eficiência para o seu conforto.",Portimao
revisao-de-ar-condicionado-portimao,Revisão de ar condicionado em Portimão,Mantenha o seu ar condicionado em ótimo estado com os nossos serviços de revisão especializados.,Portimao
manutencao-preventiva-em-ar-condicionado-portimao,Manutenção preventiva em ar condicionado em Portimão,Oferecemos serviços de manutenção preventiva para garantir o perfeito funcionamento do seu ar condicionado em residências e empresas.,Portimao
manutencao-ar-condicionado-janela-portimao,Manutenção de ar condicionado de janela em Portimão,"Oferecemos serviços de manutenção especializados para ar condicionado de janela, garantindo um funcionamento eficiente e duradouro em sua casa ou empresa.",Portimao
manutencao-em-ar-condicionado-industrial-portimao,Manutenção em ar condicionado industrial em Portimão,"Oferecemos serviços de manutenção especializados para sistemas de ar condicionado industrial, garantindo o melhor desempenho e eficiência para a sua empresa.",Portimao
manutencao-preventiva-e-corretiva-ar-condicionado-portimao,Manutenção preventiva e corretiva de ar condicionado em Portimão,Oferecemos serviços de manutenção preventiva e corretiva para garantir o funcionamento ideal do seu ar condicionado em residências e empresas.,Portimao
manutencao-ar-condicionado-central-portimao,Manutenção de ar condicionado central em Portimão,"Oferecemos serviços de manutenção especializada para sistemas de ar condicionado central, garantindo o melhor desempenho e eficiência energética.",Portimao
manutencao-ar-condicionado-industrial-portimao,Manutenção de ar condicionado industrial em Portimão,"Oferecemos serviços de manutenção para sistemas de ar condicionado industrial, garantindo eficiência e durabilidade em suas instalações.",Portimao
manutencao-ar-condicionado-de-janela-portimao,Manutenção de ar condicionado de janela em Portimão,"Oferecemos serviços de manutenção para ar condicionado de janela, garantindo conforto e eficiência energética na sua casa ou empresa.",Portimao
preventiva-de-ar-condicionado-portimao,Manutenção preventiva de ar condicionado em Portimão,"Oferecemos serviços de manutenção preventiva para garantir o melhor desempenho do seu ar condicionado, tanto em residências como em empresas.",Portimao
manutencao-de-ar-condicionado-lg-portimao,Manutenção de ar condicionado LG em Portimão,"Oferecemos serviços de manutenção para sistemas de ar condicionado LG e de todas as marcas, garantindo o melhor desempenho do seu equipamento.",Portimao
assistencia-de-ar-condicionado-portimao,Assistência de ar condicionado em Portimão,"Oferecemos serviços de assistência técnica para todos os tipos de ar condicionados, garantindo o seu conforto em Portimão.",Portimao
manutencao-de-ar-condicionado-de-janela-portimao,Manutenção de ar condicionado de janela em Portimão,Oferecemos serviços de manutenção de ar condicionado de janela para garantir que o seu aparelho funcione de forma eficiente e duradoura.,Portimao
ar-condicionado-residencial-manutencao-portimao,Manutenção de ar condicionado residencial em Portimão,Oferecemos serviços de manutenção para garantir o funcionamento eficiente do seu ar condicionado residencial.,Portimao
preventiva-ar-condicionado-portimao,Manutenção preventiva de ar condicionado em Portimão,Garanta o desempenho ideal do seu sistema de ar condicionado com nossos serviços de manutenção preventiva em Portimão. Oferecemos soluções para residências e empresas.,Portimao
manutencao-de-split-portimao,Manutenção de ar condicionado split em Portimão,Oferecemos serviços de manutenção de ar condicionado split para garantir o desempenho ideal do seu equipamento.,Portimao
empresa-de-manutencao-em-ar-condicionado-portimao,Empresa de manutenção em ar condicionado em Portimão,Oferecemos serviços de manutenção e reparação de ar condicionado para residências e empresas em Portimão.,Portimao
manutencao-ar-condicionado-springer-portimao,Manutenção de ar condicionado Springer em Portimão,"Oferecemos serviços de manutenção profissional para sistemas de ar condicionado Springer, garantindo que o seu equipamento funcione de forma eficiente e confiável.",Portimao
manutencao-para-ar-condicionado-portimao,Manutenção para ar condicionado em Portimão,"Oferecemos serviços de manutenção para ar condicionado, garantindo um funcionamento eficiente dos seus sistemas, tanto em instalações residenciais como comerciais.",Portimao
manutencao-ar-split-portimao,Manutenção de ar condicionado split em Portimão,Oferecemos serviços de manutenção para garantir o funcionamento eficiente do seu ar condicionado split. Entre em contato para uma avaliação!,Portimao
manutencao-preventiva-e-corretiva-de-ar-condicionado-portimao,Manutenção preventiva e corretiva de ar condicionado em Portimão,"Oferecemos serviços completos de manutenção preventiva e corretiva para garantir o ótimo funcionamento do seu sistema de ar condicionado, seja em residências ou empresas.",Portimao
empresa-de-higienizacao-de-ar-condicionado-portimao,Empresa de higienização de ar condicionado em Portimão,"Oferecemos serviços de higienização para ar condicionado, garantindo a qualidade do ar e eficiência do seu equipamento.",Portimao
air-systems-manutencao-de-ar-condicionado-portimao,Manutenção de ar condicionado em Portimão,"Oferecemos serviços de manutenção para sistemas de ar condicionado, garantindo que o seu sistema funcione de maneira eficiente e prolongando a sua vida útil.",Portimao
ar-condicionado-carrier-manutencao-portimao,Manutenção de ar condicionado Carrier em Portimão,"Oferecemos serviços de manutenção especializados para unidades de ar condicionado Carrier, garantindo que seu sistema funcione de maneira eficiente e prolongue a sua vida útil.",Portimao
ar-condicionado-central-manutencao-portimao,Manutenção de ar condicionado central em Portimão,"Oferecemos serviços de manutenção completos para sistemas de ar condicionado central, garantindo que o seu equipamento funcione de forma eficiente e duradouro.",Portimao
ar-condicionado-daikin-manutencao-portimao,Manutenção de ar condicionado Daikin em Portimão,"Oferecemos serviços de manutenção especializados para sistemas de ar condicionado Daikin, garantindo que o seu equipamento funcione de forma eficiente e duradoura.",Portimao
ar-condicionado-de-janela-manutencao-portimao,Manutenção de ar condicionado de janela em Portimão,"Oferecemos serviços de manutenção especializados para ar condicionado de janela, assegurando que o seu sistema funcione de forma eficiente e eficaz.",Portimao
ar-condicionado-empresas-de-manutencao-portimao,Empresa de ar condicionado em Portimão,"Oferecemos serviços de manutenção de sistemas de ar condicionado para residências e empresas, garantindo o seu conforto e eficiência.",Portimao
ar-condicionado-fujitsu-manutencao-portimao,Manutenção de ar condicionado Fujitsu em Portimão,"Oferecemos serviços de manutenção de ar condicionado Fujitsu, garantindo que o seu sistema funcione de forma eficiente e prolongando a sua vida útil.",Portimao
ar-condicionado-instalacao-manutencao-portimao,Instalação e manutenção de ar condicionado em Portimão,"Oferecemos serviços de instalação e manutenção de sistemas de ar condicionado para residências e empresas. Trabalhamos com todas as principais marcas, garantindo eficiência e conforto.",Portimao
ar-condicionado-inverter-manutencao-portimao,Manutenção de ar condicionado inverter em Portimão,"Oferecemos serviços de manutenção especializada para sistemas de ar condicionado inverter, garantindo o seu funcionamento eficiente e prolongando a sua vida útil.",Portimao
ar-condicionado-janela-manutencao-portimao,Manutenção de ar condicionado de janela em Portimão,"Oferecemos serviços de manutenção profissional para o seu ar condicionado de janela, garantindo o funcionamento eficiente e prolongando a sua vida útil.",Portimao
ar-condicionado-lg-manutencao-portimao,Manutenção de ar condicionado LG em Portimão,"Oferecemos serviços de manutenção para o seu ar condicionado LG, garantindo que o seu equipamento funcione de forma eficiente e duradoura.",Portimao
ar-condicionado-portatil-manutencao-portimao,Manutenção de ar condicionado portátil em Portimão,Oferecemos serviços de manutenção para garantir que o seu ar condicionado portátil funcione sempre em ótimas condições.,Portimao
ar-condicionado-precisa-de-manutencao-portimao,Manutenção de ar condicionado em Portimão,Oferecemos serviços de manutenção de ar condicionado para garantir que seu aparelho funcione de forma eficiente e duradoura.,Portimao
ar-condicionado-samsung-manutencao-portimao,Manutenção de ar condicionado Samsung em Portimão,"Oferecemos serviços de manutenção especializada para o seu ar condicionado Samsung, garantindo o melhor desempenho e conforto no seu espaço.",Portimao
ar-condicionado-springer-manutencao-portimao,Manutenção de ar condicionado Springer em Portimão,"Oferecemos serviços de manutenção especializados para sistemas de ar condicionado Springer, garantindo o seu funcionamento eficiente e prolongando a sua vida útil.",Portimao
ar-ice-clean-manutencao-higienizacao-e-instalacao-de-ar-condicionado-portimao,"Manutenção, higienização e instalação de ar condicionado em Portimão","Oferecemos serviços completos de instalação, manutenção e higienização de sistemas de ar condicionado para residências e empresas, garantindo eficiência e conforto.",Portimao
ar-manutencao-portimao,Manutenção de ar condicionado em Portimão,Oferecemos serviços de manutenção de ar condicionado para garantir o seu bom funcionamento e prolongar a vida útil do seu equipamento.,Portimao
arcotec-ar-condicionado-instalacao-e-manutencao-portimao,Instalação e manutenção de ar condicionado Arcotec em Portimão,Oferecemos serviços de instalação e manutenção para sistemas de ar condicionado Arcotec e todas as principais marcas em Portimão. Entre em contato conosco para garantir um ambiente confortável.,Portimao
assistencia-em-ar-condicionado-portimao,Assistência em ar condicionado em Portimão,"Oferecemos serviços de assistência técnica, incluindo reparação e manutenção de sistemas de ar condicionado para residências e empresas.",Portimao
assistencia-tecnica-ar-portimao,Assistência técnica de ar em Portimão,"Oferecemos serviços de assistência técnica para ar condicionado, garantindo conforto e eficiência em sua casa ou empresa.",Portimao
assistencia-tecnica-ar-condicionado-hitachi-portimao,Assistência técnica de ar condicionado Hitachi em Portimão,"Oferecemos serviços de reparação e manutenção de unidades Hitachi, garantindo o funcionamento ideal do seu sistema de climatização.",Portimao
assistencia-tecnica-em-ar-condicionado-portimao,Assistência técnica em ar condicionado em Portimão,Oferecemos serviços de reparação e manutenção de ar condicionado para residências e empresas em Portimão.,Portimao
carrier-manutencao-ar-condicionado-portimao,Manutenção de ar condicionado Carrier em Portimão,"Oferecemos serviços de manutenção para sistemas de ar condicionado Carrier, garantindo o seu funcionamento ideal e aumentando a durabilidade do equipamento.",Portimao
empresa-de-ar-condicionado-manutencao-portimao,Empresa de ar condicionado em Portimão,Oferecemos serviços de manutenção especializada em sistemas de ar condicionado para residências e empresas.,Portimao
empresa-de-instalacao-e-manutencao-de-ar-condicionado-portimao,Empresa de instalação e manutenção de ar condicionado em Portimão,"Oferecemos serviços de instalação e manutenção de sistemas de ar condicionado para residências e empresas, garantindo conforto em qualquer espaço.",Portimao
empresas-de-instalacao-e-manutencao-de-ar-condicionado-portimao,Empresa de instalação e manutenção de ar condicionado em Portimão,"Oferecemos serviços profissionais de instalação e manutenção de ar condicionado para residências e empresas em Portimão. Trabalhamos com todas as principais marcas como LG, Daikin e Samsung, garantindo conforto e qualidade.",Portimao
fan-coil-manutencao-portimao,Manutenção de fan coil em Portimão,"Oferecemos serviços de manutenção para fan coils, garantindo o seu funcionamento eficiente e duradouro.",Portimao
fujitsu-ar-condicionado-assistencia-tecnica-portimao,Assistência técnica de ar condicionado Fujitsu em Portimão,"Oferecemos serviços de instalação, reparação e manutenção de ar condicionado Fujitsu, garantindo que seu sistema funcione sempre na melhor condição.",Portimao
fujitsu-ar-condicionado-manutencao-portimao,Manutenção de ar condicionado Fujitsu em Portimão,"Oferecemos serviços de manutenção especializados para sistemas de ar condicionado Fujitsu, garantindo eficiência e conforto em sua residência ou empresa.",Portimao
higienizar-ar-condicionado-split-portimao,Higienização de ar condicionado split em Portimão,"Oferecemos serviços de higienização profissional para unidades de ar condicionado split, garantindo um ambiente saudável e agradável na sua casa ou empresa.",Portimao
higienizacao-de-ar-condicionado-de-janela-portimao,Higienização de ar condicionado de janela em Portimão,"Oferecemos serviços de higienização eficientes para o seu ar condicionado de janela, garantindo um ambiente mais saudável and confortável em sua casa ou escritório.",Portimao
instalacao-de-ar-condicionado-e-manutencao-portimao,Instalação de ar condicionado e manutenção em Portimão,"Oferecemos serviços de instalação e manutenção de ar condicionado para residências e empresas, garantindo conforto e qualidade no seu ambiente.",Portimao
instalacao-e-manutencao-ar-condicionado-portimao,Instalação e manutenção de ar condicionado em Portimão,"Oferecemos serviços completos de instalação e manutenção para sistemas de ar condicionado, garantindo conforto e eficiência para residências e empresas.",Portimao
instalacao-e-manutencao-de-ar-condicionado-split-portimao,Instalação e manutenção de ar condicionado split em Portimão,"Oferecemos serviços completos de instalação e manutenção de sistemas de ar condicionado split, garantindo conforto e eficiência para sua casa ou empresa.",Portimao
instalacao-e-manutencao-de-split-portimao,Instalação e manutenção de ar condicionado split em Portimão,"Oferecemos serviços de instalação e manutenção para sistemas de ar condicionado split, garantindo conforto e eficiência energética para residências e empresas.",Portimao
instalacao-e-manutencao-em-ar-condicionado-portimao,Instalação e manutenção de ar condicionado em Portimão,Oferecemos serviços de instalação e manutenção de ar condicionado tanto para residências como para empresas em Portimão. Entre em contato para garantir o conforto no seu ambiente.,Portimao
instalacao-manutencao-ar-condicionado-portimao,Instalação e manutenção de ar condicionado em Portimão,"Oferecemos serviços de instalação e manutenção de ar condicionado para residências e empresas, trabalhando com todas as principais marcas como LG, Daikin e Samsung.",Portimao
manutencao-ar-portimao,Manutenção de ar condicionado em Portimão,"Oferecemos serviços de manutenção para todos os tipos de sistemas de ar condicionado, garantindo o seu funcionamento eficiente e duradouro.",Portimao
manutencao-ar-cond-portimao,Manutenção de ar condicionado em Portimão,"Oferecemos serviços de manutenção de ar condicionado para garantir o funcionamento eficiente do seu equipamento, seja em residências ou empresas.",Portimao
manutencao-de-ar-split-portimao,Manutenção de ar condicionado split em Portimão,"Oferecemos serviços de manutenção de ar condicionado split para garantir que o seu sistema funcione sempre em perfeitas condições, atendendo a residências e empresas.",Portimao
manutencao-em-ar-portimao,Manutenção de ar condicionado em Portimão,"Oferecemos serviços completos de manutenção para o seu sistema de ar condicionado, garantindo o seu perfeito funcionamento e eficiência.",Portimao
manutencao-ar-condicionado-carrier-portimao,Manutenção de ar condicionado Carrier em Portimão,"Oferecemos serviços de manutenção especializados para sistemas de ar condicionado Carrier, garantindo um funcionamento eficiente e prolongando a vida útil do seu equipamento.",Portimao
manutencao-ar-condicionado-comfee-portimao,Manutenção de ar condicionado Comfee em Portimão,"Oferecemos serviços de manutenção especializada para seus sistemas Comfee, garantindo o desempenho ideal do seu ar condicionado.",Portimao
manutencao-ar-condicionado-delonghi-portimao,Manutenção de ar condicionado Delonghi em Portimão,"Oferecemos serviços de manutenção para o seu ar condicionado Delonghi, garantindo o seu ideal funcionamento e conforto.",Portimao
manutencao-ar-condicionado-gree-portimao,Manutenção de ar condicionado Gree em Portimão,"Oferecemos serviços de manutenção especializados para ar condicionado Gree, garantindo que o seu sistema funcione de forma eficiente e prolongando a sua vida útil.",Portimao
manutencao-ar-condicionado-hitachi-portimao,Manutenção de ar condicionado Hitachi em Portimão,"Oferecemos serviços de manutenção especializados para sistemas de ar condicionado Hitachi, garantindo o perfeito funcionamento do seu equipamento.",Portimao
manutencao-ar-condicionado-inverter-portimao,Manutenção de ar condicionado inverter em Portimão,"Oferecemos serviços de manutenção especializados para sistemas de ar condicionado inverter, garantindo o seu funcionamento eficiente e prolongando a sua vida útil.",Portimao
manutencao-ar-condicionado-k7-portimao,Manutenção de ar condicionado K7 em Portimão,"Oferecemos serviços de manutenção para sistemas de ar condicionado K7, garantindo um funcionamento eficiente e duradouro.",Portimao
manutencao-ar-condicionado-lg-inverter-portimao,Manutenção de ar condicionado LG Inverter em Portimão,"Oferecemos serviços de manutenção especializados para sistemas de ar condicionado LG Inverter, garantindo o funcionamento eficiente e prolongando a vida útil do seu equipamento.",Portimao
manutencao-ar-condicionado-portatil-delonghi-portimao,Manutenção de ar condicionado portátil Delonghi em Portimão,"Oferecemos serviços completos de manutenção para o seu ar condicionado portátil Delonghi, garantindo que ele funcione de forma eficiente e prolongue a sua vida útil.",Portimao
manutencao-ar-condicionado-portatil-midea-portimao,Manutenção de ar condicionado portátil Midea em Portimão,"Oferecemos serviços de manutenção para o seu ar condicionado portátil Midea, garantindo o seu funcionamento ideal durante todo o ano.",Portimao
manutencao-ar-condicionado-samsung-inverter-portimao,Manutenção de ar condicionado Samsung inverter em Portimão,"Garantimos um serviço de qualidade para manter o seu ar condicionado Samsung inverter em perfeito estado, seja para uso residencial ou comercial.",Portimao
manutencao-ar-condicionado-split-gree-portimao,Manutenção de ar condicionado split Gree em Portimão,"Oferecemos serviços de manutenção para o seu ar condicionado split Gree, garantindo um funcionamento eficiente e prolongando a vida útil do seu equipamento em Portimão.",Portimao
manutencao-ar-condicionado-split-samsung-portimao,Manutenção de ar condicionado split Samsung em Portimão,"Oferecemos serviços de manutenção especializados para o seu ar condicionado split Samsung, garantindo o seu funcionamento eficiente e prolongando a sua vida útil.",Portimao
manutencao-ar-condicionado-springer-carrier-portimao,Manutenção de ar condicionado Springer e Carrier em Portimão,"Oferecemos serviços de manutenção para os sistemas de ar condicionado das marcas Springer e Carrier, garantindo que seu equipamento funcione de forma eficiente e duradoura.",Portimao
manutencao-ar-portatil-portimao,Manutenção de ar portátil em Portimão,"Oferecemos serviços de manutenção especializada para o seu ar condicionado portátil, garantindo o seu funcionamento eficaz e duradouro.",Portimao
manutencao-avac-portimao,Manutenção de AVAC em Portimão,"Oferecemos serviços de manutenção para sistemas de climatização, garantindo o funcionamento eficiente e duradouro do seu equipamento.",Portimao
manutencao-central-de-ar-portimao,Manutenção de central de ar em Portimão,Oferecemos serviços de manutenção de sistemas de ar condicionado central para garantir o seu funcionamento eficiente e prolongar a sua vida útil.,Portimao
manutencao-climatizador-springer-portimao,Manutenção de climatizador Springer em Portimão,"Oferecemos serviços especializados de manutenção para climatizadores Springer, garantindo eficiência e conforto em sua casa ou empresa.",Portimao
manutencao-condicionador-de-ar-portimao,Manutenção de condicionador de ar em Portimão,"Oferecemos serviços de manutenção para todos os tipos de condicionadores de ar, garantindo o seu funcionamento eficiente em ambientes residenciais e comerciais.",Portimao
manutencao-corretiva-de-ar-condicionado-portimao,Manutenção corretiva de ar condicionado em Portimão,Oferecemos serviços de manutenção corretiva para garantir o funcionamento otimizado do seu ar condicionado. Trabalhamos com todas as marcas e asseguramos a qualidade do nosso trabalho.,Portimao
manutencao-corretiva-e-preventiva-de-ar-condicionado-portimao,Manutenção corretiva e preventiva de ar condicionado em Portimão,"Oferecemos serviços de manutenção corretiva e preventiva de ar condicionado para garantir o funcionamento ideal do seu sistema, seja em residências ou empresas.",Portimao
manutencao-corretiva-em-ar-condicionado-portimao,Manutenção corretiva em ar condicionado em Portimão,"Oferecemos serviços de manutenção corretiva para garantir o funcionamento eficiente do seu ar condicionado, seja em ambientes residenciais ou comerciais.",Portimao
manutencao-de-aparelhos-de-ar-condicionado-portimao,Manutenção de aparelhos de ar condicionado em Portimão,"Oferecemos serviços de manutenção completos para aparelhos de ar condicionado, garantindo o seu funcionamento eficiente e prolongando a sua vida útil.",Portimao
manutencao-de-ar-central-portimao,Manutenção de ar condicionado central em Portimão,"Oferecemos serviços de manutenção de ar condicionado central para garantir o funcionamento eficiente do seu sistema, tanto em residências como em empresas.",Portimao
manutencao-de-ar-condicionado-24-horas-portimao,Manutenção de ar condicionado 24 horas em Portimão,"Oferecemos serviços de manutenção de ar condicionado disponíveis 24 horas, para garantir que seu ambiente esteja sempre confortável.",Portimao
manutencao-de-ar-condicionado-carrier-portimao,Manutenção de ar condicionado Carrier em Portimão,Oferecemos serviços de manutenção especializados para sistemas de ar condicionado Carrier e todas as principais marcas. Garantimos um desempenho eficiente e confiável.,Portimao
manutencao-de-ar-condicionado-comercial-portimao,Manutenção de ar condicionado comercial em Portimão,"Oferecemos serviços de manutenção para sistemas de ar condicionado comerciais, garantindo eficiência e conforto para o seu negócio.",Portimao
manutencao-de-ar-condicionado-daikin-portimao,Manutenção de ar condicionado Daikin em Portimão,"Oferecemos serviços de manutenção para sistemas de ar condicionado Daikin, garantindo o seu perfeito funcionamento e conforto em sua casa ou empresa.",Portimao
manutencao-de-ar-condicionado-de-parede-portimao,Manutenção de ar condicionado de parede em Portimão,Oferecemos serviços de manutenção de ar condicionado de parede para garantir o seu funcionamento eficiente e prolongar a sua vida útil. Entre em contacto connosco para um serviço rápido e de qualidade.,Portimao
manutencao-de-ar-condicionado-elgin-portimao,Manutenção de ar condicionado Elgin em Portimão,"Oferecemos serviços de manutenção eficientes e de qualidade para o seu ar condicionado Elgin, garantindo que o seu sistema funcione de forma otimizada.",Portimao
manutencao-de-ar-condicionado-fujitsu-portimao,Manutenção de ar condicionado Fujitsu em Portimão,Oferecemos serviços de manutenção especializados para garantir o ótimo funcionamento do seu ar condicionado Fujitsu em Portimão.,Portimao
manutencao-de-ar-condicionado-gree-portimao,Manutenção de ar condicionado Gree em Portimão,"Oferecemos serviços de manutenção para sistemas de ar condicionado Gree, garantindo o seu funcionamento eficaz e prolongando a sua vida útil.",Portimao
manutencao-de-ar-condicionado-inverter-portimao,Manutenção de ar condicionado inverter em Portimão,"Oferecemos serviços de manutenção especializada para sistemas de ar condicionado inverter, garantindo um desempenho eficiente e prolongando a vida útil do seu equipamento.",Portimao
manutencao-de-ar-condicionado-janela-portimao,Manutenção de ar condicionado de janela em Portimão,Oferecemos serviços de manutenção de ar condicionado de janela para garantir o funcionamento eficiente e duradouro do seu sistema.,Portimao
manutencao-de-ar-condicionado-mais-proximo-portimao,Manutenção de ar condicionado mais próximo em Portimão,"Oferecemos serviços de manutenção de ar condicionado para residências e empresas, garantindo o melhor desempenho do seu sistema.",Portimao
manutencao-de-ar-condicionado-midea-portimao,Manutenção de ar condicionado Midea em Portimão,"Oferecemos serviços de manutenção para a sua unidade Midea, garantindo o funcionamento eficiente e prolongando a sua vida útil.",Portimao
manutencao-de-ar-condicionado-portatil-springer-portimao,Manutenção de ar condicionado portátil Springer em Portimão,"Oferecemos serviços de manutenção especializados para o seu ar condicionado portátil Springer, garantindo o seu funcionamento eficiente e prolongando a sua vida útil.",Portimao
manutencao-de-ar-condicionado-predial-portimao,Manutenção de ar condicionado predial em Portimão,"Oferecemos serviços de manutenção para sistemas de ar condicionado predial, garantindo o desempenho ideal e a durabilidade do seu equipamento.",Portimao
manutencao-de-ar-condicionado-samsung-portimao,Manutenção de ar condicionado Samsung em Portimão,"Oferecemos serviços de manutenção profissional para o seu ar condicionado Samsung, garantindo que o seu sistema funcione perfeitamente durante todo o ano.",Portimao
manutencao-de-ar-condicionado-springer-portimao,Manutenção de ar condicionado Springer em Portimão,"Oferecemos serviços de manutenção especializada para unidades Springer, garantindo o ótimo funcionamento do seu ar condicionado.",Portimao
manutencao-de-ares-condicionados-portimao,Manutenção de ares condicionados em Portimão,Oferecemos serviços de manutenção especializados para garantir o funcionamento eficiente do seu ar condicionado em qualquer ambiente.,Portimao
manutencao-de-central-de-ar-portimao,Manutenção de central de ar em Portimão,"Oferecemos serviços completos de manutenção de centrais de ar, garantindo o funcionamento eficiente e duradouro do seu sistema.",Portimao
manutencao-de-central-de-ar-condicionado-portimao,Manutenção de central de ar condicionado em Portimão,"Oferecemos serviços de manutenção profissional para centrais de ar condicionado, garantindo o seu correto funcionamento e eficiência.",Portimao
manutencao-de-condicionador-de-ar-portimao,Manutenção de condicionador de ar em Portimão,"Oferecemos serviços de manutenção para condicionadores de ar, garantindo que o seu sistema funcione de forma eficiente e confiável.",Portimao
manutencao-de-fan-coil-portimao,Manutenção de fan coil em Portimão,Oferecemos serviços de manutenção de fan coil para garantir que seu sistema de climatização funcione de forma eficiente e sem problemas.,Portimao
manutencao-de-placa-de-ar-condicionado-portimao,Manutenção de placa de ar condicionado em Portimão,Oferecemos serviços de manutenção de placas de ar condicionado para garantir o perfeito funcionamento do seu equipamento.,Portimao
manutencao-do-ar-portimao,Manutenção do ar em Portimão,"Oferecemos serviços de manutenção de sistemas de ar condicionado em residências e empresas, garantindo o seu funcionamento eficiente e prolongando a vida útil do seu equipamento.",Portimao
manutencao-do-ar-condicionado-split-portimao,Manutenção do ar condicionado split em Portimão,"Oferecemos serviços de manutenção especializados para ar condicionado split, garantindo o seu funcionamento ideal e prolongando a sua vida útil.",Portimao
manutencao-dos-ar-condicionados-portimao,Manutenção dos ar condicionados em Portimão,"Oferecemos serviços de manutenção de ar condicionados para residências e empresas, garantindo o seu funcionamento eficiente e prolongando a sua vida útil.",Portimao
manutencao-e-higienizacao-de-ar-condicionado-portimao,Manutenção e higienização de ar condicionado em Portimão,Oferecemos serviços de manutenção e higienização de ar condicionado para garantir o máximo desempenho e eficiência do seu equipamento.,Portimao
manutencao-e-instalacao-de-ar-condicionado-split-portimao,Manutenção e instalação de ar condicionado split em Portimão,"Oferecemos serviços de instalação, manutenção e reparação de sistemas de ar condicionado split para residências e empresas.",Portimao
manutencao-e-preventiva-ar-condicionados-portimao,Manutenção e preventiva de ar condicionados em Portimão,"Oferecemos serviços de manutenção e preventiva para ar condicionados, garantindo que o seu sistema funcione de forma eficiente e prolongando a sua vida útil.",Portimao
manutencao-em-ar-condicionado-de-janela-portimao,Manutenção em ar condicionado de janela em Portimão,"Oferecemos serviços de manutenção para ar condicionado de janela, garantindo o seu funcionamento ideal e prolongando a sua vida útil.",Portimao
manutencao-em-ar-condicionado-portatil-portimao,Manutenção de ar condicionado portátil em Portimão,"Oferecemos serviços de manutenção especializados para o seu ar condicionado portátil, garantindo que ele funcione de forma eficiente e confiável.",Portimao
manutencao-em-central-de-ar-portimao,Manutenção em central de ar em Portimão,"Oferecemos serviços de manutenção especializada em sistemas de ar condicionado central, garantindo o seu funcionamento eficiente e duradouro.",Portimao
manutencao-em-refrigeracao-comercial-portimao,Manutenção em refrigeração comercial em Portimão,"Oferecemos serviços de manutenção de sistemas de refrigeração comercial, garantindo eficiência e funcionalidade para o seu negócio.",Portimao
manutencao-fan-coil-portimao,Manutenção de fan coil em Portimão,"Oferecemos serviços especializados de manutenção para sistemas de fan coil, garantindo que seu ar condicionado funcione de forma eficiente e eficaz em sua residência ou empresa.",Portimao
manutencao-lg-dual-inverter-portimao,Manutenção de ar condicionado LG Dual Inverter em Portimão,"Oferecemos serviços de manutenção especializada para o seu ar condicionado LG Dual Inverter, garantindo o seu funcionamento eficiente e prolongando sua vida útil.",Portimao
manutencao-no-ar-condicionado-portimao,Manutenção no ar condicionado em Portimão,Oferecemos serviços de manutenção de ar condicionado para garantir o funcionamento eficiente e prolongar a vida útil do seu equipamento.,Portimao
manutencao-periodica-ar-condicionado-portimao,Manutenção periódica de ar condicionado em Portimão,"Oferecemos serviços de manutenção periódica para garantir o funcionamento ideal do seu ar condicionado, tanto em residências como em empresas.",Portimao
manutencao-periodica-de-ar-condicionado-portimao,Manutenção periódica de ar condicionado em Portimão,Oferecemos serviços de manutenção periódica para garantir o funcionamento eficiente do seu sistema de ar condicionado em residências e empresas.,Portimao
manutencao-preditiva-ar-condicionado-portimao,Manutenção preditiva de ar condicionado em Portimão,Oferecemos serviços de manutenção preditiva para garantir que o seu sistema de ar condicionado opere de forma eficiente e confiável.,Portimao
manutencao-preditiva-de-ar-condicionado-portimao,Manutenção preditiva de ar condicionado em Portimão,Oferecemos serviços de manutenção preditiva para garantir o ótimo funcionamento do seu ar condicionado. Contamos com uma equipa especializada para atender tanto residências como empresas.,Portimao
manutencao-preventiva-ar-condicionado-split-portimao,Manutenção preventiva de ar condicionado split em Portimão,Garanta o bom funcionamento e a eficiência do seu ar condicionado split com os nossos serviços de manutenção preventiva em Portimão. Estamos aqui para ajudar na manutenção e reparação.,Portimao
manutencao-preventiva-condicionada-portimao,Manutenção preventiva de ar condicionado em Portimão,"Oferecemos serviços de manutenção preventiva para garantir o funcionamento eficiente do seu sistema de ar condicionado, proporcionando conforto e economia de energia.",Portimao
manutencao-preventiva-de-ar-condicionado-split-portimao,Manutenção preventiva de ar condicionado split em Portimão,"Oferecemos serviços de manutenção preventiva para o seu ar condicionado split, garantindo o seu funcionamento eficiente e prolongando a sua vida útil.",Portimao
manutencao-preventiva-do-ar-condicionado-portimao,Manutenção preventiva do ar condicionado em Portimão,"Oferecemos serviços de manutenção preventiva para garantir o bom funcionamento do seu ar condicionado, tanto em residências como em empresas.",Portimao
manutencao-preventiva-fan-coil-portimao,Manutenção preventiva de fan coil em Portimão,"Oferecemos serviços de manutenção preventiva para sistemas de fan coil, garantindo que o seu equipamento funcione sempre em ótimas condições.",Portimao
manutencao-preventiva-refrigeracao-portimao,Manutenção preventiva de refrigeração em Portimão,"Oferecemos serviços de manutenção preventiva para sistemas de refrigeração, garantindo eficiência e durabilidade para sua instalação.",Portimao
manutencao-preventiva-split-portimao,Manutenção preventiva de ar condicionado split em Portimão,Assegure o bom funcionamento do seu ar condicionado com a nossa manutenção preventiva especializada.,Portimao
manutencao-refrigeracao-comercial-portimao,Manutenção de refrigeração comercial em Portimão,Oferecemos serviços de manutenção de sistemas de refrigeração comercial para garantir o funcionamento eficiente do seu negócio.,Portimao
manutencao-sistemas-avac-portimao,Manutenção de sistemas AVAC em Portimão,Oferecemos serviços de manutenção de sistemas AVAC para garantir o melhor funcionamento e eficiência do seu equipamento.,Portimao
manutencao-split-inverter-portimao,Manutenção de ar condicionado split inverter em Portimão,"Oferecemos serviços de manutenção para sistemas de ar condicionado split inverter, garantindo um desempenho eficiente e prolongando a vida útil do seu equipamento.",Portimao
manutencao-springer-ar-condicionado-portimao,Manutenção de ar condicionado Springer em Portimão,"Oferecemos serviços de manutenção especializada para sistemas de ar condicionado Springer, garantindo o seu funcionamento eficiente e duradouro em Portimão.",Portimao
montagem-e-manutencao-de-ar-condicionado-portimao,Montagem e manutenção de ar condicionado em Portimão,"Oferecemos serviços de montagem e manutenção de sistemas de ar condicionado para residências e empresas, garantindo conforto e eficiência.",Portimao
oficina-de-manutencao-de-ar-condicionado-portimao,Oficina de manutenção de ar condicionado em Portimão,Oferecemos serviços de manutenção e reparação de ar condicionado para garantir o conforto do seu espaço.,Portimao
orcamento-manutencao-ar-condicionado-portimao,Orçamento para manutenção de ar condicionado em Portimão,"Oferecemos serviços de manutenção para garantir o perfeito funcionamento do seu ar condicionado, seja em residências ou empresas. Entre em contato para um orçamento personalizado.",Portimao
orcamento-manutencao-de-ar-condicionado-portimao,Orçamento para manutenção de ar condicionado em Portimão,"Oferecemos serviços de manutenção de ar condicionado para residencial e comercial, garantindo o funcionamento ideal do seu equipamento.",Portimao
orcamento-para-manutencao-de-ar-condicionado-portimao,Orçamento para manutenção de ar condicionado em Portimão,"Oferecemos serviços de manutenção de ar condicionado para residências e empresas, garantindo que o seu equipamento funcione de forma eficiente.",Portimao
preventiva-em-ar-condicionado-portimao,Manutenção preventiva em ar condicionado em Portimão,Oferecemos serviços de manutenção preventiva para garantir que o seu sistema de ar condicionado funcione de forma eficiente e prolongue a sua vida útil.,Portimao
refrigeracao-e-manutencao-portimao,Refrigeração e manutenção em Portimão,"Oferecemos serviços de refrigeração e manutenção para residências e empresas, garantindo um ambiente confortável durante todo o ano.",Portimao
servico-de-manutencao-ar-condicionado-portimao,Serviço de manutenção de ar condicionado em Portimão,"Oferecemos serviços de manutenção para garantir o funcionamento ideal do seu ar condicionado, seja em ambientes residenciais ou comerciais.",Portimao
servicos-de-manutencao-preventiva-e-corretiva-de-ar-condicionado-portimao,Serviços de manutenção preventiva e corretiva de ar condicionado em Portimão,"Oferecemos serviços de manutenção que garantem o funcionamento ótimo do seu ar condicionado, tanto para residências como para empresas.",Portimao
split-manutencao-portimao,Manutenção de ar condicionado split em Portimão,"Oferecemos serviços de manutenção profissionais para sistemas de ar condicionado split, garantindo o seu perfeito funcionamento.",Portimao
manutencao-ar-condicionado-tavira,Manutenção de ar condicionado em Tavira,Oferecemos serviços de manutenção de ar condicionado para garantir o funcionamento eficiente do seu sistema. Entre em contato conosco para agendar uma visita.,Tavira
manutencao-de-ar-condicionado-tavira,Manutenção de ar condicionado em Tavira,Oferecemos serviços de manutenção de ar condicionado para garantir o perfeito funcionamento do seu sistema de climatização.,Tavira
ar-condicionado-manutencao-tavira,Manutenção de ar condicionado em Tavira,"Oferecemos serviços de manutenção para garantir o funcionamento ideal do seu sistema de ar condicionado, atendendo tanto residências como empresas.",Tavira
manutencao-em-ar-condicionado-tavira,Manutenção em ar condicionado em Tavira,"Oferecemos serviços de manutenção de ar condicionado para garantir o seu conforto e eficiência, tanto em instalações residenciais como comerciais.",Tavira
empresa-de-manutencao-de-ar-condicionado-tavira,Empresa de manutenção de ar condicionado em Tavira,"Oferecemos serviços de manutenção e reparação de ar condicionado para residências e empresas, garantindo o funcionamento ideal do seu equipamento.",Tavira
manutencao-preventiva-ar-condicionado-tavira,Manutenção preventiva de ar condicionado em Tavira,"Oferecemos serviços de manutenção preventiva para garantir o funcionamento eficiente do seu ar condicionado, seja para sua residência ou empresa.",Tavira
manutencao-ar-condicionado-residencial-tavira,Manutenção de ar condicionado residencial em Tavira,Oferecemos serviços de manutenção de ar condicionado residencial para garantir que o seu sistema funcione de forma eficiente e confiável. Entre em contato conosco para uma avaliação e serviço de qualidade.,Tavira
instalacao-e-manutencao-de-ar-condicionado-tavira,Instalação e manutenção de ar condicionado em Tavira,"Oferecemos serviços de instalação e manutenção de ar condicionado para residências e empresas em Tavira. Trabalhamos com todas as principais marcas como LG, Daikin e Samsung.",Tavira
manutencao-de-ar-condicionado-residencial-tavira,Manutenção de ar condicionado residencial em Tavira,Oferecemos serviços de manutenção de ar condicionado residencial para garantir o seu conforto e eficiência.,Tavira
manutencao-de-ar-condicionado-split-tavira,Manutenção de ar condicionado split em Tavira,"Oferecemos serviços de manutenção especializada para ar condicionado split, garantindo conforto e eficiência em sua casa ou empresa.",Tavira
manutencao-ar-condicionado-perto-de-mim-tavira,Manutenção de ar condicionado perto de mim,"Oferecemos serviços de manutenção de ar condicionado em Tavira, garantindo o desempenho ideal do seu sistema de climatização.",Tavira
manutencao-ar-condicionado-split-tavira,Manutenção de ar condicionado split em Tavira,"Oferecemos serviços de manutenção especializada para sistemas de ar condicionado split, garantindo o desempenho ideal e a eficiência do seu equipamento.",Tavira
manutencao-preventiva-de-ar-condicionado-tavira,Manutenção preventiva de ar condicionado em Tavira,Oferecemos serviços de manutenção preventiva para garantir o funcionamento eficaz e duradouro do seu ar condicionado.,Tavira
empresa-manutencao-ar-condicionado-tavira,Empresa de manutenção de ar condicionado em Tavira,"Oferecemos serviços de manutenção para sistemas de ar condicionado, garantindo o seu funcionamento eficaz e prolongando a sua vida útil.",Tavira
manutencao-e-instalacao-de-ar-condicionado-tavira,Manutenção e instalação de ar condicionado em Tavira,"Oferecemos serviços profissionais de manutenção e instalação de ar condicionado para residências e empresas, garantindo conforto e eficiência.",Tavira
manutencao-em-ar-condicionado-residencial-tavira,Manutenção em ar condicionado residencial em Tavira,"Oferecemos serviços de manutenção para sistemas de ar condicionado residenciais, garantindo conforto e eficiência em sua casa.",Tavira
manutencao-ar-condicionado-lg-tavira,Manutenção de ar condicionado LG em Tavira,"Oferecemos serviços de manutenção para sistemas de ar condicionado da marca LG, garantindo que seu equipamento funcione perfeitamente. Também realizamos manutenção para todas as principais marcas.",Tavira
manutencao-ar-condicionado-portatil-tavira,Manutenção de ar condicionado portátil em Tavira,"Oferecemos serviços de manutenção especializados para garantir o bom funcionamento do seu ar condicionado portátil, tanto para residências como para empresas.",Tavira
manutencao-ar-condicionado-daikin-tavira,Manutenção de ar condicionado Daikin em Tavira,"Oferecemos serviços de manutenção especializados para sistemas de ar condicionado Daikin, garantindo o seu conforto e eficiência.",Tavira
manutencao-do-ar-condicionado-tavira,Manutenção do ar condicionado em Tavira,"Oferecemos serviços de manutenção de ar condicionado para garantir o seu funcionamento ideal, tanto para residências como para empresas.",Tavira
manutencao-de-ar-condicionado-portatil-tavira,Manutenção de ar condicionado portátil em Tavira,"Oferecemos serviços de manutenção especializados para ar condicionado portátil, garantindo que seu aparelho funcione de forma eficiente e eficaz.",Tavira
servico-de-manutencao-de-ar-condicionado-tavira,Serviço de manutenção de ar condicionado em Tavira,"Oferecemos serviços de manutenção para todos os tipos de sistemas de ar condicionado, garantindo o seu funcionamento eficiente e duradouro.",Tavira
manutencao-de-ar-condicionado-central-tavira,Manutenção de ar condicionado central em Tavira,"Oferecemos serviços de manutenção eficiente para sistemas de ar condicionado central em residências e empresas, garantindo o funcionamento ideal do seu equipamento.",Tavira
ar-condicionado-instalacao-e-manutencao-tavira,Instalação e manutenção de ar condicionado em Tavira,"Oferecemos serviços de instalação e manutenção de sistemas de ar condicionado para residências e empresas, garantindo conforto e eficiência.",Tavira
higienizacao-ar-condicionado-split-tavira,Higienização de ar condicionado split em Tavira,Garanta a eficiência e a qualidade do seu ar condicionado split com nossos serviços de higienização profissional.,Tavira
manutencao-de-ar-tavira,Manutenção de ar condicionado em Tavira,"Oferecemos serviços de manutenção de ar condicionado para garantir o funcionamento eficiente e duradouro do seu sistema, seja em residências ou empresas.",Tavira
refrigeracao-manutencao-tavira,Manutenção de refrigeração em Tavira,"Oferecemos serviços de manutenção para sistemas de refrigeração, garantindo que o seu equipamento funcione de forma eficiente e confiável.",Tavira
manutencao-de-ar-condicionado-industrial-tavira,Manutenção de ar condicionado industrial em Tavira,Oferecemos serviços de manutenção de ar condicionado industrial para garantir o funcionamento eficiente e duradouro do seu equipamento.,Tavira
empresas-que-fazem-manutencao-de-ar-condicionado-tavira,Empresa de ar condicionado em Tavira,"Oferecemos serviços de manutenção de ar condicionado para residências e empresas, garantindo o melhor desempenho do seu sistema.",Tavira
manutencao-ar-condicionado-samsung-tavira,Manutenção de ar condicionado Samsung em Tavira,"Oferecemos serviços de manutenção especializados para o seu ar condicionado Samsung, garantindo um funcionamento eficiente e duradouro.",Tavira
ar-condicionado-manutencao-preventiva-tavira,Manutenção preventiva de ar condicionado em Tavira,Garanta o funcionamento eficiente do seu ar condicionado com nossos serviços de manutenção preventiva em Tavira. Estamos à disposição para atender tanto residências quanto empresas.,Tavira
assistencia-tecnica-ar-condicionado-fujitsu-tavira,Assistência técnica de ar condicionado Fujitsu em Tavira,"Oferecemos serviços de reparação e manutenção de ar condicionado Fujitsu, garantindo que você tenha o conforto que precisa em sua casa ou empresa.",Tavira
ar-condicionado-assistencia-tavira,Assistência de ar condicionado em Tavira,"Oferecemos serviços de assistência técnica para qualquer marca de ar condicionado, garantindo conforto e qualidade no seu ambiente.",Tavira
empresa-de-manutencao-ar-condicionado-tavira,Empresa de manutenção de ar condicionado em Tavira,"Oferecemos serviços de manutenção para todos os tipos de sistemas de ar condicionado, garantindo eficiência e conforto para sua casa ou empresa.",Tavira
manutencao-em-ar-condicionado-split-tavira,Manutenção em ar condicionado split em Tavira,"Oferecemos serviços profissionais de manutenção para ar condicionado split, garantindo o seu funcionamento eficiente em ambientes residenciais e comerciais.",Tavira
manutencao-ar-condicionado-fujitsu-tavira,Manutenção de ar condicionado Fujitsu em Tavira,"Oferecemos serviços de manutenção especializada para sistemas de ar condicionado Fujitsu, garantindo um desempenho ideal e conforto em sua casa ou empresa.",Tavira
ar-condicionado-manutencao-e-instalacao-tavira,Manutenção e instalação de ar condicionado em Tavira,"Oferecemos serviços de manutenção e instalação de sistemas de ar condicionado, garantindo conforto e eficiência para sua casa ou empresa.",Tavira
manutencao-ar-condicionado-24-horas-tavira,Manutenção de ar condicionado 24 horas em Tavira,"Oferecemos serviços de manutenção de ar condicionado 24 horas para garantir que o seu sistema funcione perfeitamente, esteja você em casa ou no seu negócio.",Tavira
orcamento-de-manutencao-de-ar-condicionado-tavira,Orçamento de manutenção de ar condicionado em Tavira,"Oferecemos serviços de manutenção de ar condicionado para residências e empresas, garantindo o funcionamento eficiente do seu sistema.",Tavira
manutencao-corretiva-ar-condicionado-tavira,Manutenção corretiva de ar condicionado em Tavira,"Oferecemos serviços de manutenção corretiva para garantir o funcionamento eficiente do seu ar condicionado, tanto em instalações residenciais como comerciais.",Tavira
empresa-manutencao-de-ar-condicionado-tavira,Empresa de manutenção de ar condicionado em Tavira,"Oferecemos serviços de manutenção de ar condicionado para residências e empresas, garantindo conforto e eficiência no seu sistema.",Tavira
ar-condicionado-split-manutencao-tavira,Manutenção de ar condicionado split em Tavira,"Oferecemos serviços de manutenção de ar condicionado split para garantir o seu funcionamento ideal, tanto para residências como para empresas.",Tavira
manutencao-de-ar-condicionado-perto-de-mim-tavira,Manutenção de ar condicionado em Tavira,Oferecemos serviços de manutenção de ar condicionado para residências e empresas em Tavira. A nossa equipe está pronta para garantir que o seu sistema de ar condicionado funcione de forma eficiente.,Tavira
manutencao-split-tavira,Manutenção de ar condicionado split em Tavira,"Oferecemos serviços de manutenção de sistemas de ar condicionado split, garantindo o máximo desempenho e conforto para sua casa ou empresa.",Tavira
daikin-manutencao-tavira,Manutenção de ar condicionado Daikin em Tavira,"Oferecemos serviços de manutenção especializados para sistemas de ar condicionado Daikin, garantindo o melhor desempenho e eficiência do seu equipamento.",Tavira
manutencao-ar-condicionado-lg-dual-inverter-tavira,Manutenção de ar condicionado LG Dual Inverter em Tavira,"Oferecemos serviços de manutenção especializados para o seu ar condicionado LG Dual Inverter, garantindo performance e eficiência para o seu conforto.",Tavira
revisao-de-ar-condicionado-tavira,Revisão de ar condicionado em Tavira,Mantenha o seu ar condicionado em ótimo estado com os nossos serviços de revisão especializados.,Tavira
manutencao-preventiva-em-ar-condicionado-tavira,Manutenção preventiva em ar condicionado em Tavira,Oferecemos serviços de manutenção preventiva para garantir o perfeito funcionamento do seu ar condicionado em residências e empresas.,Tavira
manutencao-ar-condicionado-janela-tavira,Manutenção de ar condicionado de janela em Tavira,"Oferecemos serviços de manutenção especializados para ar condicionado de janela, garantindo um funcionamento eficiente e duradouro em sua casa ou empresa.",Tavira
manutencao-em-ar-condicionado-industrial-tavira,Manutenção em ar condicionado industrial em Tavira,"Oferecemos serviços de manutenção especializados para sistemas de ar condicionado industrial, garantindo o melhor desempenho e eficiência para a sua empresa.",Tavira
manutencao-preventiva-e-corretiva-ar-condicionado-tavira,Manutenção preventiva e corretiva de ar condicionado em Tavira,Oferecemos serviços de manutenção preventiva e corretiva para garantir o funcionamento ideal do seu ar condicionado em residências e empresas.,Tavira
manutencao-ar-condicionado-central-tavira,Manutenção de ar condicionado central em Tavira,"Oferecemos serviços de manutenção especializada para sistemas de ar condicionado central, garantindo o melhor desempenho e eficiência energética.",Tavira
manutencao-ar-condicionado-industrial-tavira,Manutenção de ar condicionado industrial em Tavira,"Oferecemos serviços de manutenção para sistemas de ar condicionado industrial, garantindo eficiência e durabilidade em suas instalações.",Tavira
manutencao-ar-condicionado-de-janela-tavira,Manutenção de ar condicionado de janela em Tavira,"Oferecemos serviços de manutenção para ar condicionado de janela, garantindo conforto e eficiência energética na sua casa ou empresa.",Tavira
preventiva-de-ar-condicionado-tavira,Manutenção preventiva de ar condicionado em Tavira,"Oferecemos serviços de manutenção preventiva para garantir o melhor desempenho do seu ar condicionado, tanto em residências como em empresas.",Tavira
manutencao-de-ar-condicionado-lg-tavira,Manutenção de ar condicionado LG em Tavira,"Oferecemos serviços de manutenção para sistemas de ar condicionado LG e de todas as marcas, garantindo o melhor desempenho do seu equipamento.",Tavira
assistencia-de-ar-condicionado-tavira,Assistência de ar condicionado em Tavira,"Oferecemos serviços de assistência técnica para todos os tipos de ar condicionados, garantindo o seu conforto em Tavira.",Tavira
manutencao-de-ar-condicionado-de-janela-tavira,Manutenção de ar condicionado de janela em Tavira,Oferecemos serviços de manutenção de ar condicionado de janela para garantir que o seu aparelho funcione de forma eficiente e duradoura.,Tavira
ar-condicionado-residencial-manutencao-tavira,Manutenção de ar condicionado residencial em Tavira,Oferecemos serviços de manutenção para garantir o funcionamento eficiente do seu ar condicionado residencial.,Tavira
preventiva-ar-condicionado-tavira,Manutenção preventiva de ar condicionado em Tavira,Garanta o desempenho ideal do seu sistema de ar condicionado com nossos serviços de manutenção preventiva em Tavira. Oferecemos soluções para residências e empresas.,Tavira
manutencao-de-split-tavira,Manutenção de ar condicionado split em Tavira,Oferecemos serviços de manutenção de ar condicionado split para garantir o desempenho ideal do seu equipamento.,Tavira
empresa-de-manutencao-em-ar-condicionado-tavira,Empresa de manutenção em ar condicionado em Tavira,Oferecemos serviços de manutenção e reparação de ar condicionado para residências e empresas em Tavira.,Tavira
manutencao-ar-condicionado-springer-tavira,Manutenção de ar condicionado Springer em Tavira,"Oferecemos serviços de manutenção profissional para sistemas de ar condicionado Springer, garantindo que o seu equipamento funcione de forma eficiente e confiável.",Tavira
manutencao-para-ar-condicionado-tavira,Manutenção para ar condicionado em Tavira,"Oferecemos serviços de manutenção para ar condicionado, garantindo um funcionamento eficiente dos seus sistemas, tanto em instalações residenciais como comerciais.",Tavira
manutencao-ar-split-tavira,Manutenção de ar condicionado split em Tavira,Oferecemos serviços de manutenção para garantir o funcionamento eficiente do seu ar condicionado split. Entre em contato para uma avaliação!,Tavira
manutencao-preventiva-e-corretiva-de-ar-condicionado-tavira,Manutenção preventiva e corretiva de ar condicionado em Tavira,"Oferecemos serviços completos de manutenção preventiva e corretiva para garantir o ótimo funcionamento do seu sistema de ar condicionado, seja em residências ou empresas.",Tavira
empresa-de-higienizacao-de-ar-condicionado-tavira,Empresa de higienização de ar condicionado em Tavira,"Oferecemos serviços de higienização para ar condicionado, garantindo a qualidade do ar e eficiência do seu equipamento.",Tavira
air-systems-manutencao-de-ar-condicionado-tavira,Manutenção de ar condicionado em Tavira,"Oferecemos serviços de manutenção para sistemas de ar condicionado, garantindo que o seu sistema funcione de maneira eficiente e prolongando a sua vida útil.",Tavira
ar-condicionado-carrier-manutencao-tavira,Manutenção de ar condicionado Carrier em Tavira,"Oferecemos serviços de manutenção especializados para unidades de ar condicionado Carrier, garantindo que seu sistema funcione de maneira eficiente e prolongue a sua vida útil.",Tavira
ar-condicionado-central-manutencao-tavira,Manutenção de ar condicionado central em Tavira,"Oferecemos serviços de manutenção completos para sistemas de ar condicionado central, garantindo que o seu equipamento funcione de forma eficiente e duradouro.",Tavira
ar-condicionado-daikin-manutencao-tavira,Manutenção de ar condicionado Daikin em Tavira,"Oferecemos serviços de manutenção especializados para sistemas de ar condicionado Daikin, garantindo que o seu equipamento funcione de forma eficiente e duradoura.",Tavira
ar-condicionado-de-janela-manutencao-tavira,Manutenção de ar condicionado de janela em Tavira,"Oferecemos serviços de manutenção especializados para ar condicionado de janela, assegurando que o seu sistema funcione de forma eficiente e eficaz.",Tavira
ar-condicionado-empresas-de-manutencao-tavira,Empresa de ar condicionado em Tavira,"Oferecemos serviços de manutenção de sistemas de ar condicionado para residências e empresas, garantindo o seu conforto e eficiência.",Tavira
ar-condicionado-fujitsu-manutencao-tavira,Manutenção de ar condicionado Fujitsu em Tavira,"Oferecemos serviços de manutenção de ar condicionado Fujitsu, garantindo que o seu sistema funcione de forma eficiente e prolongando a sua vida útil.",Tavira
ar-condicionado-instalacao-manutencao-tavira,Instalação e manutenção de ar condicionado em Tavira,"Oferecemos serviços de instalação e manutenção de sistemas de ar condicionado para residências e empresas. Trabalhamos com todas as principais marcas, garantindo eficiência e conforto.",Tavira
ar-condicionado-inverter-manutencao-tavira,Manutenção de ar condicionado inverter em Tavira,"Oferecemos serviços de manutenção especializada para sistemas de ar condicionado inverter, garantindo o seu funcionamento eficiente e prolongando a sua vida útil.",Tavira
ar-condicionado-janela-manutencao-tavira,Manutenção de ar condicionado de janela em Tavira,"Oferecemos serviços de manutenção profissional para o seu ar condicionado de janela, garantindo o funcionamento eficiente e prolongando a sua vida útil.",Tavira
ar-condicionado-lg-manutencao-tavira,Manutenção de ar condicionado LG em Tavira,"Oferecemos serviços de manutenção para o seu ar condicionado LG, garantindo que o seu equipamento funcione de forma eficiente e duradoura.",Tavira
ar-condicionado-portatil-manutencao-tavira,Manutenção de ar condicionado portátil em Tavira,Oferecemos serviços de manutenção para garantir que o seu ar condicionado portátil funcione sempre em ótimas condições.,Tavira
ar-condicionado-precisa-de-manutencao-tavira,Manutenção de ar condicionado em Tavira,Oferecemos serviços de manutenção de ar condicionado para garantir que seu aparelho funcione de forma eficiente e duradoura.,Tavira
ar-condicionado-samsung-manutencao-tavira,Manutenção de ar condicionado Samsung em Tavira,"Oferecemos serviços de manutenção especializada para o seu ar condicionado Samsung, garantindo o melhor desempenho e conforto no seu espaço.",Tavira
ar-condicionado-springer-manutencao-tavira,Manutenção de ar condicionado Springer em Tavira,"Oferecemos serviços de manutenção especializados para sistemas de ar condicionado Springer, garantindo o seu funcionamento eficiente e prolongando a sua vida útil.",Tavira
ar-ice-clean-manutencao-higienizacao-e-instalacao-de-ar-condicionado-tavira,"Manutenção, higienização e instalação de ar condicionado em Tavira","Oferecemos serviços completos de instalação, manutenção e higienização de sistemas de ar condicionado para residências e empresas, garantindo eficiência e conforto.",Tavira
ar-manutencao-tavira,Manutenção de ar condicionado em Tavira,Oferecemos serviços de manutenção de ar condicionado para garantir o seu bom funcionamento e prolongar a vida útil do seu equipamento.,Tavira
arcotec-ar-condicionado-instalacao-e-manutencao-tavira,Instalação e manutenção de ar condicionado Arcotec em Tavira,Oferecemos serviços de instalação e manutenção para sistemas de ar condicionado Arcotec e todas as principais marcas em Tavira. Entre em contato conosco para garantir um ambiente confortável.,Tavira
assistencia-em-ar-condicionado-tavira,Assistência em ar condicionado em Tavira,"Oferecemos serviços de assistência técnica, incluindo reparação e manutenção de sistemas de ar condicionado para residências e empresas.",Tavira
assistencia-tecnica-ar-tavira,Assistência técnica de ar em Tavira,"Oferecemos serviços de assistência técnica para ar condicionado, garantindo conforto e eficiência em sua casa ou empresa.",Tavira
assistencia-tecnica-ar-condicionado-hitachi-tavira,Assistência técnica de ar condicionado Hitachi em Tavira,"Oferecemos serviços de reparação e manutenção de unidades Hitachi, garantindo o funcionamento ideal do seu sistema de climatização.",Tavira
assistencia-tecnica-em-ar-condicionado-tavira,Assistência técnica em ar condicionado em Tavira,Oferecemos serviços de reparação e manutenção de ar condicionado para residências e empresas em Tavira.,Tavira
carrier-manutencao-ar-condicionado-tavira,Manutenção de ar condicionado Carrier em Tavira,"Oferecemos serviços de manutenção para sistemas de ar condicionado Carrier, garantindo o seu funcionamento ideal e aumentando a durabilidade do equipamento.",Tavira
empresa-de-ar-condicionado-manutencao-tavira,Empresa de ar condicionado em Tavira,Oferecemos serviços de manutenção especializada em sistemas de ar condicionado para residências e empresas.,Tavira
empresa-de-instalacao-e-manutencao-de-ar-condicionado-tavira,Empresa de instalação e manutenção de ar condicionado em Tavira,"Oferecemos serviços de instalação e manutenção de sistemas de ar condicionado para residências e empresas, garantindo conforto em qualquer espaço.",Tavira
empresas-de-instalacao-e-manutencao-de-ar-condicionado-tavira,Empresa de instalação e manutenção de ar condicionado em Tavira,"Oferecemos serviços profissionais de instalação e manutenção de ar condicionado para residências e empresas em Tavira. Trabalhamos com todas as principais marcas como LG, Daikin e Samsung, garantindo conforto e qualidade.",Tavira
fan-coil-manutencao-tavira,Manutenção de fan coil em Tavira,"Oferecemos serviços de manutenção para fan coils, garantindo o seu funcionamento eficiente e duradouro.",Tavira
fujitsu-ar-condicionado-assistencia-tecnica-tavira,Assistência técnica de ar condicionado Fujitsu em Tavira,"Oferecemos serviços de instalação, reparação e manutenção de ar condicionado Fujitsu, garantindo que seu sistema funcione sempre na melhor condição.",Tavira
fujitsu-ar-condicionado-manutencao-tavira,Manutenção de ar condicionado Fujitsu em Tavira,"Oferecemos serviços de manutenção especializados para sistemas de ar condicionado Fujitsu, garantindo eficiência e conforto em sua residência ou empresa.",Tavira
higienizar-ar-condicionado-split-tavira,Higienização de ar condicionado split em Tavira,"Oferecemos serviços de higienização profissional para unidades de ar condicionado split, garantindo um ambiente saudável e agradável na sua casa ou empresa.",Tavira
higienizacao-de-ar-condicionado-de-janela-tavira,Higienização de ar condicionado de janela em Tavira,"Oferecemos serviços de higienização eficientes para o seu ar condicionado de janela, garantindo um ambiente mais saudável and confortável em sua casa ou escritório.",Tavira
instalacao-de-ar-condicionado-e-manutencao-tavira,Instalação de ar condicionado e manutenção em Tavira,"Oferecemos serviços de instalação e manutenção de ar condicionado para residências e empresas, garantindo conforto e qualidade no seu ambiente.",Tavira
instalacao-e-manutencao-ar-condicionado-tavira,Instalação e manutenção de ar condicionado em Tavira,"Oferecemos serviços completos de instalação e manutenção para sistemas de ar condicionado, garantindo conforto e eficiência para residências e empresas.",Tavira
instalacao-e-manutencao-de-ar-condicionado-split-tavira,Instalação e manutenção de ar condicionado split em Tavira,"Oferecemos serviços completos de instalação e manutenção de sistemas de ar condicionado split, garantindo conforto e eficiência para sua casa ou empresa.",Tavira
instalacao-e-manutencao-de-split-tavira,Instalação e manutenção de ar condicionado split em Tavira,"Oferecemos serviços de instalação e manutenção para sistemas de ar condicionado split, garantindo conforto e eficiência energética para residências e empresas.",Tavira
instalacao-e-manutencao-em-ar-condicionado-tavira,Instalação e manutenção de ar condicionado em Tavira,Oferecemos serviços de instalação e manutenção de ar condicionado tanto para residências como para empresas em Tavira. Entre em contato para garantir o conforto no seu ambiente.,Tavira
instalacao-manutencao-ar-condicionado-tavira,Instalação e manutenção de ar condicionado em Tavira,"Oferecemos serviços de instalação e manutenção de ar condicionado para residências e empresas, trabalhando com todas as principais marcas como LG, Daikin e Samsung.",Tavira
manutencao-ar-tavira,Manutenção de ar condicionado em Tavira,"Oferecemos serviços de manutenção para todos os tipos de sistemas de ar condicionado, garantindo o seu funcionamento eficiente e duradouro.",Tavira
manutencao-ar-cond-tavira,Manutenção de ar condicionado em Tavira,"Oferecemos serviços de manutenção de ar condicionado para garantir o funcionamento eficiente do seu equipamento, seja em residências ou empresas.",Tavira
manutencao-de-ar-split-tavira,Manutenção de ar condicionado split em Tavira,"Oferecemos serviços de manutenção de ar condicionado split para garantir que o seu sistema funcione sempre em perfeitas condições, atendendo a residências e empresas.",Tavira
manutencao-em-ar-tavira,Manutenção de ar condicionado em Tavira,"Oferecemos serviços completos de manutenção para o seu sistema de ar condicionado, garantindo o seu perfeito funcionamento e eficiência.",Tavira
manutencao-ar-condicionado-carrier-tavira,Manutenção de ar condicionado Carrier em Tavira,"Oferecemos serviços de manutenção especializados para sistemas de ar condicionado Carrier, garantindo um funcionamento eficiente e prolongando a vida útil do seu equipamento.",Tavira
manutencao-ar-condicionado-comfee-tavira,Manutenção de ar condicionado Comfee em Tavira,"Oferecemos serviços de manutenção especializada para seus sistemas Comfee, garantindo o desempenho ideal do seu ar condicionado.",Tavira
manutencao-ar-condicionado-delonghi-tavira,Manutenção de ar condicionado Delonghi em Tavira,"Oferecemos serviços de manutenção para o seu ar condicionado Delonghi, garantindo o seu ideal funcionamento e conforto.",Tavira
manutencao-ar-condicionado-gree-tavira,Manutenção de ar condicionado Gree em Tavira,"Oferecemos serviços de manutenção especializados para ar condicionado Gree, garantindo que o seu sistema funcione de forma eficiente e prolongando a sua vida útil.",Tavira
manutencao-ar-condicionado-hitachi-tavira,Manutenção de ar condicionado Hitachi em Tavira,"Oferecemos serviços de manutenção especializados para sistemas de ar condicionado Hitachi, garantindo o perfeito funcionamento do seu equipamento.",Tavira
manutencao-ar-condicionado-inverter-tavira,Manutenção de ar condicionado inverter em Tavira,"Oferecemos serviços de manutenção especializados para sistemas de ar condicionado inverter, garantindo o seu funcionamento eficiente e prolongando a sua vida útil.",Tavira
manutencao-ar-condicionado-k7-tavira,Manutenção de ar condicionado K7 em Tavira,"Oferecemos serviços de manutenção para sistemas de ar condicionado K7, garantindo um funcionamento eficiente e duradouro.",Tavira
manutencao-ar-condicionado-lg-inverter-tavira,Manutenção de ar condicionado LG Inverter em Tavira,"Oferecemos serviços de manutenção especializados para sistemas de ar condicionado LG Inverter, garantindo o funcionamento eficiente e prolongando a vida útil do seu equipamento.",Tavira
manutencao-ar-condicionado-portatil-delonghi-tavira,Manutenção de ar condicionado portátil Delonghi em Tavira,"Oferecemos serviços completos de manutenção para o seu ar condicionado portátil Delonghi, garantindo que ele funcione de forma eficiente e prolongue a sua vida útil.",Tavira
manutencao-ar-condicionado-portatil-midea-tavira,Manutenção de ar condicionado portátil Midea em Tavira,"Oferecemos serviços de manutenção para o seu ar condicionado portátil Midea, garantindo o seu funcionamento ideal durante todo o ano.",Tavira
manutencao-ar-condicionado-samsung-inverter-tavira,Manutenção de ar condicionado Samsung inverter em Tavira,"Garantimos um serviço de qualidade para manter o seu ar condicionado Samsung inverter em perfeito estado, seja para uso residencial ou comercial.",Tavira
manutencao-ar-condicionado-split-gree-tavira,Manutenção de ar condicionado split Gree em Tavira,"Oferecemos serviços de manutenção para o seu ar condicionado split Gree, garantindo um funcionamento eficiente e prolongando a vida útil do seu equipamento em Tavira.",Tavira
manutencao-ar-condicionado-split-samsung-tavira,Manutenção de ar condicionado split Samsung em Tavira,"Oferecemos serviços de manutenção especializados para o seu ar condicionado split Samsung, garantindo o seu funcionamento eficiente e prolongando a sua vida útil.",Tavira
manutencao-ar-condicionado-springer-carrier-tavira,Manutenção de ar condicionado Springer e Carrier em Tavira,"Oferecemos serviços de manutenção para os sistemas de ar condicionado das marcas Springer e Carrier, garantindo que seu equipamento funcione de forma eficiente e duradoura.",Tavira
manutencao-ar-portatil-tavira,Manutenção de ar portátil em Tavira,"Oferecemos serviços de manutenção especializada para o seu ar condicionado portátil, garantindo o seu funcionamento eficaz e duradouro.",Tavira
manutencao-avac-tavira,Manutenção de AVAC em Tavira,"Oferecemos serviços de manutenção para sistemas de climatização, garantindo o funcionamento eficiente e duradouro do seu equipamento.",Tavira
manutencao-central-de-ar-tavira,Manutenção de central de ar em Tavira,Oferecemos serviços de manutenção de sistemas de ar condicionado central para garantir o seu funcionamento eficiente e prolongar a sua vida útil.,Tavira
manutencao-climatizador-springer-tavira,Manutenção de climatizador Springer em Tavira,"Oferecemos serviços especializados de manutenção para climatizadores Springer, garantindo eficiência e conforto em sua casa ou empresa.",Tavira
manutencao-condicionador-de-ar-tavira,Manutenção de condicionador de ar em Tavira,"Oferecemos serviços de manutenção para todos os tipos de condicionadores de ar, garantindo o seu funcionamento eficiente em ambientes residenciais e comerciais.",Tavira
manutencao-corretiva-de-ar-condicionado-tavira,Manutenção corretiva de ar condicionado em Tavira,Oferecemos serviços de manutenção corretiva para garantir o funcionamento otimizado do seu ar condicionado. Trabalhamos com todas as marcas e asseguramos a qualidade do nosso trabalho.,Tavira
manutencao-corretiva-e-preventiva-de-ar-condicionado-tavira,Manutenção corretiva e preventiva de ar condicionado em Tavira,"Oferecemos serviços de manutenção corretiva e preventiva de ar condicionado para garantir o funcionamento ideal do seu sistema, seja em residências ou empresas.",Tavira
manutencao-corretiva-em-ar-condicionado-tavira,Manutenção corretiva em ar condicionado em Tavira,"Oferecemos serviços de manutenção corretiva para garantir o funcionamento eficiente do seu ar condicionado, seja em ambientes residenciais ou comerciais.",Tavira
manutencao-de-aparelhos-de-ar-condicionado-tavira,Manutenção de aparelhos de ar condicionado em Tavira,"Oferecemos serviços de manutenção completos para aparelhos de ar condicionado, garantindo o seu funcionamento eficiente e prolongando a sua vida útil.",Tavira
manutencao-de-ar-central-tavira,Manutenção de ar condicionado central em Tavira,"Oferecemos serviços de manutenção de ar condicionado central para garantir o funcionamento eficiente do seu sistema, tanto em residências como em empresas.",Tavira
manutencao-de-ar-condicionado-24-horas-tavira,Manutenção de ar condicionado 24 horas em Tavira,"Oferecemos serviços de manutenção de ar condicionado disponíveis 24 horas, para garantir que seu ambiente esteja sempre confortável.",Tavira
manutencao-de-ar-condicionado-carrier-tavira,Manutenção de ar condicionado Carrier em Tavira,Oferecemos serviços de manutenção especializados para sistemas de ar condicionado Carrier e todas as principais marcas. Garantimos um desempenho eficiente e confiável.,Tavira
manutencao-de-ar-condicionado-comercial-tavira,Manutenção de ar condicionado comercial em Tavira,"Oferecemos serviços de manutenção para sistemas de ar condicionado comerciais, garantindo eficiência e conforto para o seu negócio.",Tavira
manutencao-de-ar-condicionado-daikin-tavira,Manutenção de ar condicionado Daikin em Tavira,"Oferecemos serviços de manutenção para sistemas de ar condicionado Daikin, garantindo o seu perfeito funcionamento e conforto em sua casa ou empresa.",Tavira
manutencao-de-ar-condicionado-de-parede-tavira,Manutenção de ar condicionado de parede em Tavira,Oferecemos serviços de manutenção de ar condicionado de parede para garantir o seu funcionamento eficiente e prolongar a sua vida útil. Entre em contacto connosco para um serviço rápido e de qualidade.,Tavira
manutencao-de-ar-condicionado-elgin-tavira,Manutenção de ar condicionado Elgin em Tavira,"Oferecemos serviços de manutenção eficientes e de qualidade para o seu ar condicionado Elgin, garantindo que o seu sistema funcione de forma otimizada.",Tavira
manutencao-de-ar-condicionado-fujitsu-tavira,Manutenção de ar condicionado Fujitsu em Tavira,Oferecemos serviços de manutenção especializados para garantir o ótimo funcionamento do seu ar condicionado Fujitsu em Tavira.,Tavira
manutencao-de-ar-condicionado-gree-tavira,Manutenção de ar condicionado Gree em Tavira,"Oferecemos serviços de manutenção para sistemas de ar condicionado Gree, garantindo o seu funcionamento eficaz e prolongando a sua vida útil.",Tavira
manutencao-de-ar-condicionado-inverter-tavira,Manutenção de ar condicionado inverter em Tavira,"Oferecemos serviços de manutenção especializada para sistemas de ar condicionado inverter, garantindo um desempenho eficiente e prolongando a vida útil do seu equipamento.",Tavira
manutencao-de-ar-condicionado-janela-tavira,Manutenção de ar condicionado de janela em Tavira,Oferecemos serviços de manutenção de ar condicionado de janela para garantir o funcionamento eficiente e duradouro do seu sistema.,Tavira
manutencao-de-ar-condicionado-mais-proximo-tavira,Manutenção de ar condicionado mais próximo em Tavira,"Oferecemos serviços de manutenção de ar condicionado para residências e empresas, garantindo o melhor desempenho do seu sistema.",Tavira
manutencao-de-ar-condicionado-midea-tavira,Manutenção de ar condicionado Midea em Tavira,"Oferecemos serviços de manutenção para a sua unidade Midea, garantindo o funcionamento eficiente e prolongando a sua vida útil.",Tavira
manutencao-de-ar-condicionado-portatil-springer-tavira,Manutenção de ar condicionado portátil Springer em Tavira,"Oferecemos serviços de manutenção especializados para o seu ar condicionado portátil Springer, garantindo o seu funcionamento eficiente e prolongando a sua vida útil.",Tavira
manutencao-de-ar-condicionado-predial-tavira,Manutenção de ar condicionado predial em Tavira,"Oferecemos serviços de manutenção para sistemas de ar condicionado predial, garantindo o desempenho ideal e a durabilidade do seu equipamento.",Tavira
manutencao-de-ar-condicionado-samsung-tavira,Manutenção de ar condicionado Samsung em Tavira,"Oferecemos serviços de manutenção profissional para o seu ar condicionado Samsung, garantindo que o seu sistema funcione perfeitamente durante todo o ano.",Tavira
manutencao-de-ar-condicionado-springer-tavira,Manutenção de ar condicionado Springer em Tavira,"Oferecemos serviços de manutenção especializada para unidades Springer, garantindo o ótimo funcionamento do seu ar condicionado.",Tavira
manutencao-de-ares-condicionados-tavira,Manutenção de ares condicionados em Tavira,Oferecemos serviços de manutenção especializados para garantir o funcionamento eficiente do seu ar condicionado em qualquer ambiente.,Tavira
manutencao-de-central-de-ar-tavira,Manutenção de central de ar em Tavira,"Oferecemos serviços completos de manutenção de centrais de ar, garantindo o funcionamento eficiente e duradouro do seu sistema.",Tavira
manutencao-de-central-de-ar-condicionado-tavira,Manutenção de central de ar condicionado em Tavira,"Oferecemos serviços de manutenção profissional para centrais de ar condicionado, garantindo o seu correto funcionamento e eficiência.",Tavira
manutencao-de-condicionador-de-ar-tavira,Manutenção de condicionador de ar em Tavira,"Oferecemos serviços de manutenção para condicionadores de ar, garantindo que o seu sistema funcione de forma eficiente e confiável.",Tavira
manutencao-de-fan-coil-tavira,Manutenção de fan coil em Tavira,Oferecemos serviços de manutenção de fan coil para garantir que seu sistema de climatização funcione de forma eficiente e sem problemas.,Tavira
manutencao-de-placa-de-ar-condicionado-tavira,Manutenção de placa de ar condicionado em Tavira,Oferecemos serviços de manutenção de placas de ar condicionado para garantir o perfeito funcionamento do seu equipamento.,Tavira
manutencao-do-ar-tavira,Manutenção do ar em Tavira,"Oferecemos serviços de manutenção de sistemas de ar condicionado em residências e empresas, garantindo o seu funcionamento eficiente e prolongando a vida útil do seu equipamento.",Tavira
manutencao-do-ar-condicionado-split-tavira,Manutenção do ar condicionado split em Tavira,"Oferecemos serviços de manutenção especializados para ar condicionado split, garantindo o seu funcionamento ideal e prolongando a sua vida útil.",Tavira
manutencao-dos-ar-condicionados-tavira,Manutenção dos ar condicionados em Tavira,"Oferecemos serviços de manutenção de ar condicionados para residências e empresas, garantindo o seu funcionamento eficiente e prolongando a sua vida útil.",Tavira
manutencao-e-higienizacao-de-ar-condicionado-tavira,Manutenção e higienização de ar condicionado em Tavira,Oferecemos serviços de manutenção e higienização de ar condicionado para garantir o máximo desempenho e eficiência do seu equipamento.,Tavira
manutencao-e-instalacao-de-ar-condicionado-split-tavira,Manutenção e instalação de ar condicionado split em Tavira,"Oferecemos serviços de instalação, manutenção e reparação de sistemas de ar condicionado split para residências e empresas.",Tavira
manutencao-e-preventiva-ar-condicionados-tavira,Manutenção e preventiva de ar condicionados em Tavira,"Oferecemos serviços de manutenção e preventiva para ar condicionados, garantindo que o seu sistema funcione de forma eficiente e prolongando a sua vida útil.",Tavira
manutencao-em-ar-condicionado-de-janela-tavira,Manutenção em ar condicionado de janela em Tavira,"Oferecemos serviços de manutenção para ar condicionado de janela, garantindo o seu funcionamento ideal e prolongando a sua vida útil.",Tavira
manutencao-em-ar-condicionado-portatil-tavira,Manutenção de ar condicionado portátil em Tavira,"Oferecemos serviços de manutenção especializados para o seu ar condicionado portátil, garantindo que ele funcione de forma eficiente e confiável.",Tavira
manutencao-em-central-de-ar-tavira,Manutenção em central de ar em Tavira,"Oferecemos serviços de manutenção especializada em sistemas de ar condicionado central, garantindo o seu funcionamento eficiente e duradouro.",Tavira
manutencao-em-refrigeracao-comercial-tavira,Manutenção em refrigeração comercial em Tavira,"Oferecemos serviços de manutenção de sistemas de refrigeração comercial, garantindo eficiência e funcionalidade para o seu negócio.",Tavira
manutencao-fan-coil-tavira,Manutenção de fan coil em Tavira,"Oferecemos serviços especializados de manutenção para sistemas de fan coil, garantindo que seu ar condicionado funcione de forma eficiente e eficaz em sua residência ou empresa.",Tavira
manutencao-lg-dual-inverter-tavira,Manutenção de ar condicionado LG Dual Inverter em Tavira,"Oferecemos serviços de manutenção especializada para o seu ar condicionado LG Dual Inverter, garantindo o seu funcionamento eficiente e prolongando sua vida útil.",Tavira
manutencao-no-ar-condicionado-tavira,Manutenção no ar condicionado em Tavira,Oferecemos serviços de manutenção de ar condicionado para garantir o funcionamento eficiente e prolongar a vida útil do seu equipamento.,Tavira
manutencao-periodica-ar-condicionado-tavira,Manutenção periódica de ar condicionado em Tavira,"Oferecemos serviços de manutenção periódica para garantir o funcionamento ideal do seu ar condicionado, tanto em residências como em empresas.",Tavira
manutencao-periodica-de-ar-condicionado-tavira,Manutenção periódica de ar condicionado em Tavira,Oferecemos serviços de manutenção periódica para garantir o funcionamento eficiente do seu sistema de ar condicionado em residências e empresas.,Tavira
manutencao-preditiva-ar-condicionado-tavira,Manutenção preditiva de ar condicionado em Tavira,Oferecemos serviços de manutenção preditiva para garantir que o seu sistema de ar condicionado opere de forma eficiente e confiável.,Tavira
manutencao-preditiva-de-ar-condicionado-tavira,Manutenção preditiva de ar condicionado em Tavira,Oferecemos serviços de manutenção preditiva para garantir o ótimo funcionamento do seu ar condicionado. Contamos com uma equipa especializada para atender tanto residências como empresas.,Tavira
manutencao-preventiva-ar-condicionado-split-tavira,Manutenção preventiva de ar condicionado split em Tavira,Garanta o bom funcionamento e a eficiência do seu ar condicionado split com os nossos serviços de manutenção preventiva em Tavira. Estamos aqui para ajudar na manutenção e reparação.,Tavira
manutencao-preventiva-condicionada-tavira,Manutenção preventiva de ar condicionado em Tavira,"Oferecemos serviços de manutenção preventiva para garantir o funcionamento eficiente do seu sistema de ar condicionado, proporcionando conforto e economia de energia.",Tavira
manutencao-preventiva-de-ar-condicionado-split-tavira,Manutenção preventiva de ar condicionado split em Tavira,"Oferecemos serviços de manutenção preventiva para o seu ar condicionado split, garantindo o seu funcionamento eficiente e prolongando a sua vida útil.",Tavira
manutencao-preventiva-do-ar-condicionado-tavira,Manutenção preventiva do ar condicionado em Tavira,"Oferecemos serviços de manutenção preventiva para garantir o bom funcionamento do seu ar condicionado, tanto em residências como em empresas.",Tavira
manutencao-preventiva-fan-coil-tavira,Manutenção preventiva de fan coil em Tavira,"Oferecemos serviços de manutenção preventiva para sistemas de fan coil, garantindo que o seu equipamento funcione sempre em ótimas condições.",Tavira
manutencao-preventiva-refrigeracao-tavira,Manutenção preventiva de refrigeração em Tavira,"Oferecemos serviços de manutenção preventiva para sistemas de refrigeração, garantindo eficiência e durabilidade para sua instalação.",Tavira
manutencao-preventiva-split-tavira,Manutenção preventiva de ar condicionado split em Tavira,Assegure o bom funcionamento do seu ar condicionado com a nossa manutenção preventiva especializada.,Tavira
manutencao-refrigeracao-comercial-tavira,Manutenção de refrigeração comercial em Tavira,Oferecemos serviços de manutenção de sistemas de refrigeração comercial para garantir o funcionamento eficiente do seu negócio.,Tavira
manutencao-sistemas-avac-tavira,Manutenção de sistemas AVAC em Tavira,Oferecemos serviços de manutenção de sistemas AVAC para garantir o melhor funcionamento e eficiência do seu equipamento.,Tavira
manutencao-split-inverter-tavira,Manutenção de ar condicionado split inverter em Tavira,"Oferecemos serviços de manutenção para sistemas de ar condicionado split inverter, garantindo um desempenho eficiente e prolongando a vida útil do seu equipamento.",Tavira
manutencao-springer-ar-condicionado-tavira,Manutenção de ar condicionado Springer em Tavira,"Oferecemos serviços de manutenção especializada para sistemas de ar condicionado Springer, garantindo o seu funcionamento eficiente e duradouro em Tavira.",Tavira
montagem-e-manutencao-de-ar-condicionado-tavira,Montagem e manutenção de ar condicionado em Tavira,"Oferecemos serviços de montagem e manutenção de sistemas de ar condicionado para residências e empresas, garantindo conforto e eficiência.",Tavira
oficina-de-manutencao-de-ar-condicionado-tavira,Oficina de manutenção de ar condicionado em Tavira,Oferecemos serviços de manutenção e reparação de ar condicionado para garantir o conforto do seu espaço.,Tavira
orcamento-manutencao-ar-condicionado-tavira,Orçamento para manutenção de ar condicionado em Tavira,"Oferecemos serviços de manutenção para garantir o perfeito funcionamento do seu ar condicionado, seja em residências ou empresas. Entre em contato para um orçamento personalizado.",Tavira
orcamento-manutencao-de-ar-condicionado-tavira,Orçamento para manutenção de ar condicionado em Tavira,"Oferecemos serviços de manutenção de ar condicionado para residencial e comercial, garantindo o funcionamento ideal do seu equipamento.",Tavira
orcamento-para-manutencao-de-ar-condicionado-tavira,Orçamento para manutenção de ar condicionado em Tavira,"Oferecemos serviços de manutenção de ar condicionado para residências e empresas, garantindo que o seu equipamento funcione de forma eficiente.",Tavira
preventiva-em-ar-condicionado-tavira,Manutenção preventiva em ar condicionado em Tavira,Oferecemos serviços de manutenção preventiva para garantir que o seu sistema de ar condicionado funcione de forma eficiente e prolongue a sua vida útil.,Tavira
refrigeracao-e-manutencao-tavira,Refrigeração e manutenção em Tavira,"Oferecemos serviços de refrigeração e manutenção para residências e empresas, garantindo um ambiente confortável durante todo o ano.",Tavira
servico-de-manutencao-ar-condicionado-tavira,Serviço de manutenção de ar condicionado em Tavira,"Oferecemos serviços de manutenção para garantir o funcionamento ideal do seu ar condicionado, seja em ambientes residenciais ou comerciais.",Tavira
servicos-de-manutencao-preventiva-e-corretiva-de-ar-condicionado-tavira,Serviços de manutenção preventiva e corretiva de ar condicionado em Tavira,"Oferecemos serviços de manutenção que garantem o funcionamento ótimo do seu ar condicionado, tanto para residências como para empresas.",Tavira
split-manutencao-tavira,Manutenção de ar condicionado split em Tavira,"Oferecemos serviços de manutenção profissionais para sistemas de ar condicionado split, garantindo o seu perfeito funcionamento.",Tavira
manutencao-ar-condicionado-lagos,Manutenção de ar condicionado em Lagos,Oferecemos serviços de manutenção de ar condicionado para garantir o funcionamento eficiente do seu sistema. Entre em contato conosco para agendar uma visita.,Lagos
manutencao-de-ar-condicionado-lagos,Manutenção de ar condicionado em Lagos,Oferecemos serviços de manutenção de ar condicionado para garantir o perfeito funcionamento do seu sistema de climatização.,Lagos
ar-condicionado-manutencao-lagos,Manutenção de ar condicionado em Lagos,"Oferecemos serviços de manutenção para garantir o funcionamento ideal do seu sistema de ar condicionado, atendendo tanto residências como empresas.",Lagos
manutencao-em-ar-condicionado-lagos,Manutenção em ar condicionado em Lagos,"Oferecemos serviços de manutenção de ar condicionado para garantir o seu conforto e eficiência, tanto em instalações residenciais como comerciais.",Lagos
empresa-de-manutencao-de-ar-condicionado-lagos,Empresa de manutenção de ar condicionado em Lagos,"Oferecemos serviços de manutenção e reparação de ar condicionado para residências e empresas, garantindo o funcionamento ideal do seu equipamento.",Lagos
manutencao-preventiva-ar-condicionado-lagos,Manutenção preventiva de ar condicionado em Lagos,"Oferecemos serviços de manutenção preventiva para garantir o funcionamento eficiente do seu ar condicionado, seja para sua residência ou empresa.",Lagos
manutencao-ar-condicionado-residencial-lagos,Manutenção de ar condicionado residencial em Lagos,Oferecemos serviços de manutenção de ar condicionado residencial para garantir que o seu sistema funcione de forma eficiente e confiável. Entre em contato conosco para uma avaliação e serviço de qualidade.,Lagos
instalacao-e-manutencao-de-ar-condicionado-lagos,Instalação e manutenção de ar condicionado em Lagos,"Oferecemos serviços de instalação e manutenção de ar condicionado para residências e empresas em Lagos. Trabalhamos com todas as principais marcas como LG, Daikin e Samsung.",Lagos
manutencao-de-ar-condicionado-residencial-lagos,Manutenção de ar condicionado residencial em Lagos,Oferecemos serviços de manutenção de ar condicionado residencial para garantir o seu conforto e eficiência.,Lagos
manutencao-de-ar-condicionado-split-lagos,Manutenção de ar condicionado split em Lagos,"Oferecemos serviços de manutenção especializada para ar condicionado split, garantindo conforto e eficiência em sua casa ou empresa.",Lagos
manutencao-ar-condicionado-perto-de-mim-lagos,Manutenção de ar condicionado perto de mim,"Oferecemos serviços de manutenção de ar condicionado em Lagos, garantindo o desempenho ideal do seu sistema de climatização.",Lagos
manutencao-ar-condicionado-split-lagos,Manutenção de ar condicionado split em Lagos,"Oferecemos serviços de manutenção especializada para sistemas de ar condicionado split, garantindo o desempenho ideal e a eficiência do seu equipamento.",Lagos
manutencao-preventiva-de-ar-condicionado-lagos,Manutenção preventiva de ar condicionado em Lagos,Oferecemos serviços de manutenção preventiva para garantir o funcionamento eficaz e duradouro do seu ar condicionado.,Lagos
empresa-manutencao-ar-condicionado-lagos,Empresa de manutenção de ar condicionado em Lagos,"Oferecemos serviços de manutenção para sistemas de ar condicionado, garantindo o seu funcionamento eficaz e prolongando a sua vida útil.",Lagos
manutencao-e-instalacao-de-ar-condicionado-lagos,Manutenção e instalação de ar condicionado em Lagos,"Oferecemos serviços profissionais de manutenção e instalação de ar condicionado para residências e empresas, garantindo conforto e eficiência.",Lagos
manutencao-em-ar-condicionado-residencial-lagos,Manutenção em ar condicionado residencial em Lagos,"Oferecemos serviços de manutenção para sistemas de ar condicionado residenciais, garantindo conforto e eficiência em sua casa.",Lagos
manutencao-ar-condicionado-lg-lagos,Manutenção de ar condicionado LG em Lagos,"Oferecemos serviços de manutenção para sistemas de ar condicionado da marca LG, garantindo que seu equipamento funcione perfeitamente. Também realizamos manutenção para todas as principais marcas.",Lagos
manutencao-ar-condicionado-portatil-lagos,Manutenção de ar condicionado portátil em Lagos,"Oferecemos serviços de manutenção especializados para garantir o bom funcionamento do seu ar condicionado portátil, tanto para residências como para empresas.",Lagos
manutencao-ar-condicionado-daikin-lagos,Manutenção de ar condicionado Daikin em Lagos,"Oferecemos serviços de manutenção especializados para sistemas de ar condicionado Daikin, garantindo o seu conforto e eficiência.",Lagos
manutencao-do-ar-condicionado-lagos,Manutenção do ar condicionado em Lagos,"Oferecemos serviços de manutenção de ar condicionado para garantir o seu funcionamento ideal, tanto para residências como para empresas.",Lagos
manutencao-de-ar-condicionado-portatil-lagos,Manutenção de ar condicionado portátil em Lagos,"Oferecemos serviços de manutenção especializados para ar condicionado portátil, garantindo que seu aparelho funcione de forma eficiente e eficaz.",Lagos
servico-de-manutencao-de-ar-condicionado-lagos,Serviço de manutenção de ar condicionado em Lagos,"Oferecemos serviços de manutenção para todos os tipos de sistemas de ar condicionado, garantindo o seu funcionamento eficiente e duradouro.",Lagos
manutencao-de-ar-condicionado-central-lagos,Manutenção de ar condicionado central em Lagos,"Oferecemos serviços de manutenção eficiente para sistemas de ar condicionado central em residências e empresas, garantindo o funcionamento ideal do seu equipamento.",Lagos
ar-condicionado-instalacao-e-manutencao-lagos,Instalação e manutenção de ar condicionado em Lagos,"Oferecemos serviços de instalação e manutenção de sistemas de ar condicionado para residências e empresas, garantindo conforto e eficiência.",Lagos
higienizacao-ar-condicionado-split-lagos,Higienização de ar condicionado split em Lagos,Garanta a eficiência e a qualidade do seu ar condicionado split com nossos serviços de higienização profissional.,Lagos
manutencao-de-ar-lagos,Manutenção de ar condicionado em Lagos,"Oferecemos serviços de manutenção de ar condicionado para garantir o funcionamento eficiente e duradouro do seu sistema, seja em residências ou empresas.",Lagos
refrigeracao-manutencao-lagos,Manutenção de refrigeração em Lagos,"Oferecemos serviços de manutenção para sistemas de refrigeração, garantindo que o seu equipamento funcione de forma eficiente e confiável.",Lagos
manutencao-de-ar-condicionado-industrial-lagos,Manutenção de ar condicionado industrial em Lagos,Oferecemos serviços de manutenção de ar condicionado industrial para garantir o funcionamento eficiente e duradouro do seu equipamento.,Lagos
empresas-que-fazem-manutencao-de-ar-condicionado-lagos,Empresa de ar condicionado em Lagos,"Oferecemos serviços de manutenção de ar condicionado para residências e empresas, garantindo o melhor desempenho do seu sistema.",Lagos
manutencao-ar-condicionado-samsung-lagos,Manutenção de ar condicionado Samsung em Lagos,"Oferecemos serviços de manutenção especializados para o seu ar condicionado Samsung, garantindo um funcionamento eficiente e duradouro.",Lagos
ar-condicionado-manutencao-preventiva-lagos,Manutenção preventiva de ar condicionado em Lagos,Garanta o funcionamento eficiente do seu ar condicionado com nossos serviços de manutenção preventiva em Lagos. Estamos à disposição para atender tanto residências quanto empresas.,Lagos
assistencia-tecnica-ar-condicionado-fujitsu-lagos,Assistência técnica de ar condicionado Fujitsu em Lagos,"Oferecemos serviços de reparação e manutenção de ar condicionado Fujitsu, garantindo que você tenha o conforto que precisa em sua casa ou empresa.",Lagos
ar-condicionado-assistencia-lagos,Assistência de ar condicionado em Lagos,"Oferecemos serviços de assistência técnica para qualquer marca de ar condicionado, garantindo conforto e qualidade no seu ambiente.",Lagos
empresa-de-manutencao-ar-condicionado-lagos,Empresa de manutenção de ar condicionado em Lagos,"Oferecemos serviços de manutenção para todos os tipos de sistemas de ar condicionado, garantindo eficiência e conforto para sua casa ou empresa.",Lagos
manutencao-em-ar-condicionado-split-lagos,Manutenção em ar condicionado split em Lagos,"Oferecemos serviços profissionais de manutenção para ar condicionado split, garantindo o seu funcionamento eficiente em ambientes residenciais e comerciais.",Lagos
manutencao-ar-condicionado-fujitsu-lagos,Manutenção de ar condicionado Fujitsu em Lagos,"Oferecemos serviços de manutenção especializada para sistemas de ar condicionado Fujitsu, garantindo um desempenho ideal e conforto em sua casa ou empresa.",Lagos
ar-condicionado-manutencao-e-instalacao-lagos,Manutenção e instalação de ar condicionado em Lagos,"Oferecemos serviços de manutenção e instalação de sistemas de ar condicionado, garantindo conforto e eficiência para sua casa ou empresa.",Lagos
manutencao-ar-condicionado-24-horas-lagos,Manutenção de ar condicionado 24 horas em Lagos,"Oferecemos serviços de manutenção de ar condicionado 24 horas para garantir que o seu sistema funcione perfeitamente, esteja você em casa ou no seu negócio.",Lagos
orcamento-de-manutencao-de-ar-condicionado-lagos,Orçamento de manutenção de ar condicionado em Lagos,"Oferecemos serviços de manutenção de ar condicionado para residências e empresas, garantindo o funcionamento eficiente do seu sistema.",Lagos
manutencao-corretiva-ar-condicionado-lagos,Manutenção corretiva de ar condicionado em Lagos,"Oferecemos serviços de manutenção corretiva para garantir o funcionamento eficiente do seu ar condicionado, tanto em instalações residenciais como comerciais.",Lagos
empresa-manutencao-de-ar-condicionado-lagos,Empresa de manutenção de ar condicionado em Lagos,"Oferecemos serviços de manutenção de ar condicionado para residências e empresas, garantindo conforto e eficiência no seu sistema.",Lagos
ar-condicionado-split-manutencao-lagos,Manutenção de ar condicionado split em Lagos,"Oferecemos serviços de manutenção de ar condicionado split para garantir o seu funcionamento ideal, tanto para residências como para empresas.",Lagos
manutencao-de-ar-condicionado-perto-de-mim-lagos,Manutenção de ar condicionado em Lagos,Oferecemos serviços de manutenção de ar condicionado para residências e empresas em Lagos. A nossa equipe está pronta para garantir que o seu sistema de ar condicionado funcione de forma eficiente.,Lagos
manutencao-split-lagos,Manutenção de ar condicionado split em Lagos,"Oferecemos serviços de manutenção de sistemas de ar condicionado split, garantindo o máximo desempenho e conforto para sua casa ou empresa.",Lagos
daikin-manutencao-lagos,Manutenção de ar condicionado Daikin em Lagos,"Oferecemos serviços de manutenção especializados para sistemas de ar condicionado Daikin, garantindo o melhor desempenho e eficiência do seu equipamento.",Lagos
manutencao-ar-condicionado-lg-dual-inverter-lagos,Manutenção de ar condicionado LG Dual Inverter em Lagos,"Oferecemos serviços de manutenção especializados para o seu ar condicionado LG Dual Inverter, garantindo performance e eficiência para o seu conforto.",Lagos
revisao-de-ar-condicionado-lagos,Revisão de ar condicionado em Lagos,Mantenha o seu ar condicionado em ótimo estado com os nossos serviços de revisão especializados.,Lagos
manutencao-preventiva-em-ar-condicionado-lagos,Manutenção preventiva em ar condicionado em Lagos,Oferecemos serviços de manutenção preventiva para garantir o perfeito funcionamento do seu ar condicionado em residências e empresas.,Lagos
manutencao-ar-condicionado-janela-lagos,Manutenção de ar condicionado de janela em Lagos,"Oferecemos serviços de manutenção especializados para ar condicionado de janela, garantindo um funcionamento eficiente e duradouro em sua casa ou empresa.",Lagos
manutencao-em-ar-condicionado-industrial-lagos,Manutenção em ar condicionado industrial em Lagos,"Oferecemos serviços de manutenção especializados para sistemas de ar condicionado industrial, garantindo o melhor desempenho e eficiência para a sua empresa.",Lagos
manutencao-preventiva-e-corretiva-ar-condicionado-lagos,Manutenção preventiva e corretiva de ar condicionado em Lagos,Oferecemos serviços de manutenção preventiva e corretiva para garantir o funcionamento ideal do seu ar condicionado em residências e empresas.,Lagos
manutencao-ar-condicionado-central-lagos,Manutenção de ar condicionado central em Lagos,"Oferecemos serviços de manutenção especializada para sistemas de ar condicionado central, garantindo o melhor desempenho e eficiência energética.",Lagos
manutencao-ar-condicionado-industrial-lagos,Manutenção de ar condicionado industrial em Lagos,"Oferecemos serviços de manutenção para sistemas de ar condicionado industrial, garantindo eficiência e durabilidade em suas instalações.",Lagos
manutencao-ar-condicionado-de-janela-lagos,Manutenção de ar condicionado de janela em Lagos,"Oferecemos serviços de manutenção para ar condicionado de janela, garantindo conforto e eficiência energética na sua casa ou empresa.",Lagos
preventiva-de-ar-condicionado-lagos,Manutenção preventiva de ar condicionado em Lagos,"Oferecemos serviços de manutenção preventiva para garantir o melhor desempenho do seu ar condicionado, tanto em residências como em empresas.",Lagos
manutencao-de-ar-condicionado-lg-lagos,Manutenção de ar condicionado LG em Lagos,"Oferecemos serviços de manutenção para sistemas de ar condicionado LG e de todas as marcas, garantindo o melhor desempenho do seu equipamento.",Lagos
assistencia-de-ar-condicionado-lagos,Assistência de ar condicionado em Lagos,"Oferecemos serviços de assistência técnica para todos os tipos de ar condicionados, garantindo o seu conforto em Lagos.",Lagos
manutencao-de-ar-condicionado-de-janela-lagos,Manutenção de ar condicionado de janela em Lagos,Oferecemos serviços de manutenção de ar condicionado de janela para garantir que o seu aparelho funcione de forma eficiente e duradoura.,Lagos
ar-condicionado-residencial-manutencao-lagos,Manutenção de ar condicionado residencial em Lagos,Oferecemos serviços de manutenção para garantir o funcionamento eficiente do seu ar condicionado residencial.,Lagos
preventiva-ar-condicionado-lagos,Manutenção preventiva de ar condicionado em Lagos,Garanta o desempenho ideal do seu sistema de ar condicionado com nossos serviços de manutenção preventiva em Lagos. Oferecemos soluções para residências e empresas.,Lagos
manutencao-de-split-lagos,Manutenção de ar condicionado split em Lagos,Oferecemos serviços de manutenção de ar condicionado split para garantir o desempenho ideal do seu equipamento.,Lagos
empresa-de-manutencao-em-ar-condicionado-lagos,Empresa de manutenção em ar condicionado em Lagos,Oferecemos serviços de manutenção e reparação de ar condicionado para residências e empresas em Lagos.,Lagos
manutencao-ar-condicionado-springer-lagos,Manutenção de ar condicionado Springer em Lagos,"Oferecemos serviços de manutenção profissional para sistemas de ar condicionado Springer, garantindo que o seu equipamento funcione de forma eficiente e confiável.",Lagos
manutencao-para-ar-condicionado-lagos,Manutenção para ar condicionado em Lagos,"Oferecemos serviços de manutenção para ar condicionado, garantindo um funcionamento eficiente dos seus sistemas, tanto em instalações residenciais como comerciais.",Lagos
manutencao-ar-split-lagos,Manutenção de ar condicionado split em Lagos,Oferecemos serviços de manutenção para garantir o funcionamento eficiente do seu ar condicionado split. Entre em contato para uma avaliação!,Lagos
manutencao-preventiva-e-corretiva-de-ar-condicionado-lagos,Manutenção preventiva e corretiva de ar condicionado em Lagos,"Oferecemos serviços completos de manutenção preventiva e corretiva para garantir o ótimo funcionamento do seu sistema de ar condicionado, seja em residências ou empresas.",Lagos
empresa-de-higienizacao-de-ar-condicionado-lagos,Empresa de higienização de ar condicionado em Lagos,"Oferecemos serviços de higienização para ar condicionado, garantindo a qualidade do ar e eficiência do seu equipamento.",Lagos
air-systems-manutencao-de-ar-condicionado-lagos,Manutenção de ar condicionado em Lagos,"Oferecemos serviços de manutenção para sistemas de ar condicionado, garantindo que o seu sistema funcione de maneira eficiente e prolongando a sua vida útil.",Lagos
ar-condicionado-carrier-manutencao-lagos,Manutenção de ar condicionado Carrier em Lagos,"Oferecemos serviços de manutenção especializados para unidades de ar condicionado Carrier, garantindo que seu sistema funcione de maneira eficiente e prolongue a sua vida útil.",Lagos
ar-condicionado-central-manutencao-lagos,Manutenção de ar condicionado central em Lagos,"Oferecemos serviços de manutenção completos para sistemas de ar condicionado central, garantindo que o seu equipamento funcione de forma eficiente e duradouro.",Lagos
ar-condicionado-daikin-manutencao-lagos,Manutenção de ar condicionado Daikin em Lagos,"Oferecemos serviços de manutenção especializados para sistemas de ar condicionado Daikin, garantindo que o seu equipamento funcione de forma eficiente e duradoura.",Lagos
ar-condicionado-de-janela-manutencao-lagos,Manutenção de ar condicionado de janela em Lagos,"Oferecemos serviços de manutenção especializados para ar condicionado de janela, assegurando que o seu sistema funcione de forma eficiente e eficaz.",Lagos
ar-condicionado-empresas-de-manutencao-lagos,Empresa de ar condicionado em Lagos,"Oferecemos serviços de manutenção de sistemas de ar condicionado para residências e empresas, garantindo o seu conforto e eficiência.",Lagos
ar-condicionado-fujitsu-manutencao-lagos,Manutenção de ar condicionado Fujitsu em Lagos,"Oferecemos serviços de manutenção de ar condicionado Fujitsu, garantindo que o seu sistema funcione de forma eficiente e prolongando a sua vida útil.",Lagos
ar-condicionado-instalacao-manutencao-lagos,Instalação e manutenção de ar condicionado em Lagos,"Oferecemos serviços de instalação e manutenção de sistemas de ar condicionado para residências e empresas. Trabalhamos com todas as principais marcas, garantindo eficiência e conforto.",Lagos
ar-condicionado-inverter-manutencao-lagos,Manutenção de ar condicionado inverter em Lagos,"Oferecemos serviços de manutenção especializada para sistemas de ar condicionado inverter, garantindo o seu funcionamento eficiente e prolongando a sua vida útil.",Lagos
ar-condicionado-janela-manutencao-lagos,Manutenção de ar condicionado de janela em Lagos,"Oferecemos serviços de manutenção profissional para o seu ar condicionado de janela, garantindo o funcionamento eficiente e prolongando a sua vida útil.",Lagos
ar-condicionado-lg-manutencao-lagos,Manutenção de ar condicionado LG em Lagos,"Oferecemos serviços de manutenção para o seu ar condicionado LG, garantindo que o seu equipamento funcione de forma eficiente e duradoura.",Lagos
ar-condicionado-portatil-manutencao-lagos,Manutenção de ar condicionado portátil em Lagos,Oferecemos serviços de manutenção para garantir que o seu ar condicionado portátil funcione sempre em ótimas condições.,Lagos
ar-condicionado-precisa-de-manutencao-lagos,Manutenção de ar condicionado em Lagos,Oferecemos serviços de manutenção de ar condicionado para garantir que seu aparelho funcione de forma eficiente e duradoura.,Lagos
ar-condicionado-samsung-manutencao-lagos,Manutenção de ar condicionado Samsung em Lagos,"Oferecemos serviços de manutenção especializada para o seu ar condicionado Samsung, garantindo o melhor desempenho e conforto no seu espaço.",Lagos
ar-condicionado-springer-manutencao-lagos,Manutenção de ar condicionado Springer em Lagos,"Oferecemos serviços de manutenção especializados para sistemas de ar condicionado Springer, garantindo o seu funcionamento eficiente e prolongando a sua vida útil.",Lagos
ar-ice-clean-manutencao-higienizacao-e-instalacao-de-ar-condicionado-lagos,"Manutenção, higienização e instalação de ar condicionado em Lagos","Oferecemos serviços completos de instalação, manutenção e higienização de sistemas de ar condicionado para residências e empresas, garantindo eficiência e conforto.",Lagos
ar-manutencao-lagos,Manutenção de ar condicionado em Lagos,Oferecemos serviços de manutenção de ar condicionado para garantir o seu bom funcionamento e prolongar a vida útil do seu equipamento.,Lagos
arcotec-ar-condicionado-instalacao-e-manutencao-lagos,Instalação e manutenção de ar condicionado Arcotec em Lagos,Oferecemos serviços de instalação e manutenção para sistemas de ar condicionado Arcotec e todas as principais marcas em Lagos. Entre em contato conosco para garantir um ambiente confortável.,Lagos
assistencia-em-ar-condicionado-lagos,Assistência em ar condicionado em Lagos,"Oferecemos serviços de assistência técnica, incluindo reparação e manutenção de sistemas de ar condicionado para residências e empresas.",Lagos
assistencia-tecnica-ar-lagos,Assistência técnica de ar em Lagos,"Oferecemos serviços de assistência técnica para ar condicionado, garantindo conforto e eficiência em sua casa ou empresa.",Lagos
assistencia-tecnica-ar-condicionado-hitachi-lagos,Assistência técnica de ar condicionado Hitachi em Lagos,"Oferecemos serviços de reparação e manutenção de unidades Hitachi, garantindo o funcionamento ideal do seu sistema de climatização.",Lagos
assistencia-tecnica-em-ar-condicionado-lagos,Assistência técnica em ar condicionado em Lagos,Oferecemos serviços de reparação e manutenção de ar condicionado para residências e empresas em Lagos.,Lagos
carrier-manutencao-ar-condicionado-lagos,Manutenção de ar condicionado Carrier em Lagos,"Oferecemos serviços de manutenção para sistemas de ar condicionado Carrier, garantindo o seu funcionamento ideal e aumentando a durabilidade do equipamento.",Lagos
empresa-de-ar-condicionado-manutencao-lagos,Empresa de ar condicionado em Lagos,Oferecemos serviços de manutenção especializada em sistemas de ar condicionado para residências e empresas.,Lagos
empresa-de-instalacao-e-manutencao-de-ar-condicionado-lagos,Empresa de instalação e manutenção de ar condicionado em Lagos,"Oferecemos serviços de instalação e manutenção de sistemas de ar condicionado para residências e empresas, garantindo conforto em qualquer espaço.",Lagos
empresas-de-instalacao-e-manutencao-de-ar-condicionado-lagos,Empresa de instalação e manutenção de ar condicionado em Lagos,"Oferecemos serviços profissionais de instalação e manutenção de ar condicionado para residências e empresas em Lagos. Trabalhamos com todas as principais marcas como LG, Daikin e Samsung, garantindo conforto e qualidade.",Lagos
fan-coil-manutencao-lagos,Manutenção de fan coil em Lagos,"Oferecemos serviços de manutenção para fan coils, garantindo o seu funcionamento eficiente e duradouro.",Lagos
fujitsu-ar-condicionado-assistencia-tecnica-lagos,Assistência técnica de ar condicionado Fujitsu em Lagos,"Oferecemos serviços de instalação, reparação e manutenção de ar condicionado Fujitsu, garantindo que seu sistema funcione sempre na melhor condição.",Lagos
fujitsu-ar-condicionado-manutencao-lagos,Manutenção de ar condicionado Fujitsu em Lagos,"Oferecemos serviços de manutenção especializados para sistemas de ar condicionado Fujitsu, garantindo eficiência e conforto em sua residência ou empresa.",Lagos
higienizar-ar-condicionado-split-lagos,Higienização de ar condicionado split em Lagos,"Oferecemos serviços de higienização profissional para unidades de ar condicionado split, garantindo um ambiente saudável e agradável na sua casa ou empresa.",Lagos
higienizacao-de-ar-condicionado-de-janela-lagos,Higienização de ar condicionado de janela em Lagos,"Oferecemos serviços de higienização eficientes para o seu ar condicionado de janela, garantindo um ambiente mais saudável and confortável em sua casa ou escritório.",Lagos
instalacao-de-ar-condicionado-e-manutencao-lagos,Instalação de ar condicionado e manutenção em Lagos,"Oferecemos serviços de instalação e manutenção de ar condicionado para residências e empresas, garantindo conforto e qualidade no seu ambiente.",Lagos
instalacao-e-manutencao-ar-condicionado-lagos,Instalação e manutenção de ar condicionado em Lagos,"Oferecemos serviços completos de instalação e manutenção para sistemas de ar condicionado, garantindo conforto e eficiência para residências e empresas.",Lagos
instalacao-e-manutencao-de-ar-condicionado-split-lagos,Instalação e manutenção de ar condicionado split em Lagos,"Oferecemos serviços completos de instalação e manutenção de sistemas de ar condicionado split, garantindo conforto e eficiência para sua casa ou empresa.",Lagos
instalacao-e-manutencao-de-split-lagos,Instalação e manutenção de ar condicionado split em Lagos,"Oferecemos serviços de instalação e manutenção para sistemas de ar condicionado split, garantindo conforto e eficiência energética para residências e empresas.",Lagos
instalacao-e-manutencao-em-ar-condicionado-lagos,Instalação e manutenção de ar condicionado em Lagos,Oferecemos serviços de instalação e manutenção de ar condicionado tanto para residências como para empresas em Lagos. Entre em contato para garantir o conforto no seu ambiente.,Lagos
instalacao-manutencao-ar-condicionado-lagos,Instalação e manutenção de ar condicionado em Lagos,"Oferecemos serviços de instalação e manutenção de ar condicionado para residências e empresas, trabalhando com todas as principais marcas como LG, Daikin e Samsung.",Lagos
manutencao-ar-lagos,Manutenção de ar condicionado em Lagos,"Oferecemos serviços de manutenção para todos os tipos de sistemas de ar condicionado, garantindo o seu funcionamento eficiente e duradouro.",Lagos
manutencao-ar-cond-lagos,Manutenção de ar condicionado em Lagos,"Oferecemos serviços de manutenção de ar condicionado para garantir o funcionamento eficiente do seu equipamento, seja em residências ou empresas.",Lagos
manutencao-de-ar-split-lagos,Manutenção de ar condicionado split em Lagos,"Oferecemos serviços de manutenção de ar condicionado split para garantir que o seu sistema funcione sempre em perfeitas condições, atendendo a residências e empresas.",Lagos
manutencao-em-ar-lagos,Manutenção de ar condicionado em Lagos,"Oferecemos serviços completos de manutenção para o seu sistema de ar condicionado, garantindo o seu perfeito funcionamento e eficiência.",Lagos
manutencao-ar-condicionado-carrier-lagos,Manutenção de ar condicionado Carrier em Lagos,"Oferecemos serviços de manutenção especializados para sistemas de ar condicionado Carrier, garantindo um funcionamento eficiente e prolongando a vida útil do seu equipamento.",Lagos
manutencao-ar-condicionado-comfee-lagos,Manutenção de ar condicionado Comfee em Lagos,"Oferecemos serviços de manutenção especializada para seus sistemas Comfee, garantindo o desempenho ideal do seu ar condicionado.",Lagos
manutencao-ar-condicionado-delonghi-lagos,Manutenção de ar condicionado Delonghi em Lagos,"Oferecemos serviços de manutenção para o seu ar condicionado Delonghi, garantindo o seu ideal funcionamento e conforto.",Lagos
manutencao-ar-condicionado-gree-lagos,Manutenção de ar condicionado Gree em Lagos,"Oferecemos serviços de manutenção especializados para ar condicionado Gree, garantindo que o seu sistema funcione de forma eficiente e prolongando a sua vida útil.",Lagos
manutencao-ar-condicionado-hitachi-lagos,Manutenção de ar condicionado Hitachi em Lagos,"Oferecemos serviços de manutenção especializados para sistemas de ar condicionado Hitachi, garantindo o perfeito funcionamento do seu equipamento.",Lagos
manutencao-ar-condicionado-inverter-lagos,Manutenção de ar condicionado inverter em Lagos,"Oferecemos serviços de manutenção especializados para sistemas de ar condicionado inverter, garantindo o seu funcionamento eficiente e prolongando a sua vida útil.",Lagos
manutencao-ar-condicionado-k7-lagos,Manutenção de ar condicionado K7 em Lagos,"Oferecemos serviços de manutenção para sistemas de ar condicionado K7, garantindo um funcionamento eficiente e duradouro.",Lagos
manutencao-ar-condicionado-lg-inverter-lagos,Manutenção de ar condicionado LG Inverter em Lagos,"Oferecemos serviços de manutenção especializados para sistemas de ar condicionado LG Inverter, garantindo o funcionamento eficiente e prolongando a vida útil do seu equipamento.",Lagos
manutencao-ar-condicionado-portatil-delonghi-lagos,Manutenção de ar condicionado portátil Delonghi em Lagos,"Oferecemos serviços completos de manutenção para o seu ar condicionado portátil Delonghi, garantindo que ele funcione de forma eficiente e prolongue a sua vida útil.",Lagos
manutencao-ar-condicionado-portatil-midea-lagos,Manutenção de ar condicionado portátil Midea em Lagos,"Oferecemos serviços de manutenção para o seu ar condicionado portátil Midea, garantindo o seu funcionamento ideal durante todo o ano.",Lagos
manutencao-ar-condicionado-samsung-inverter-lagos,Manutenção de ar condicionado Samsung inverter em Lagos,"Garantimos um serviço de qualidade para manter o seu ar condicionado Samsung inverter em perfeito estado, seja para uso residencial ou comercial.",Lagos
manutencao-ar-condicionado-split-gree-lagos,Manutenção de ar condicionado split Gree em Lagos,"Oferecemos serviços de manutenção para o seu ar condicionado split Gree, garantindo um funcionamento eficiente e prolongando a vida útil do seu equipamento em Lagos.",Lagos
manutencao-ar-condicionado-split-samsung-lagos,Manutenção de ar condicionado split Samsung em Lagos,"Oferecemos serviços de manutenção especializados para o seu ar condicionado split Samsung, garantindo o seu funcionamento eficiente e prolongando a sua vida útil.",Lagos
manutencao-ar-condicionado-springer-carrier-lagos,Manutenção de ar condicionado Springer e Carrier em Lagos,"Oferecemos serviços de manutenção para os sistemas de ar condicionado das marcas Springer e Carrier, garantindo que seu equipamento funcione de forma eficiente e duradoura.",Lagos
manutencao-ar-portatil-lagos,Manutenção de ar portátil em Lagos,"Oferecemos serviços de manutenção especializada para o seu ar condicionado portátil, garantindo o seu funcionamento eficaz e duradouro.",Lagos
manutencao-avac-lagos,Manutenção de AVAC em Lagos,"Oferecemos serviços de manutenção para sistemas de climatização, garantindo o funcionamento eficiente e duradouro do seu equipamento.",Lagos
manutencao-central-de-ar-lagos,Manutenção de central de ar em Lagos,Oferecemos serviços de manutenção de sistemas de ar condicionado central para garantir o seu funcionamento eficiente e prolongar a sua vida útil.,Lagos
manutencao-climatizador-springer-lagos,Manutenção de climatizador Springer em Lagos,"Oferecemos serviços especializados de manutenção para climatizadores Springer, garantindo eficiência e conforto em sua casa ou empresa.",Lagos
manutencao-condicionador-de-ar-lagos,Manutenção de condicionador de ar em Lagos,"Oferecemos serviços de manutenção para todos os tipos de condicionadores de ar, garantindo o seu funcionamento eficiente em ambientes residenciais e comerciais.",Lagos
manutencao-corretiva-de-ar-condicionado-lagos,Manutenção corretiva de ar condicionado em Lagos,Oferecemos serviços de manutenção corretiva para garantir o funcionamento otimizado do seu ar condicionado. Trabalhamos com todas as marcas e asseguramos a qualidade do nosso trabalho.,Lagos
manutencao-corretiva-e-preventiva-de-ar-condicionado-lagos,Manutenção corretiva e preventiva de ar condicionado em Lagos,"Oferecemos serviços de manutenção corretiva e preventiva de ar condicionado para garantir o funcionamento ideal do seu sistema, seja em residências ou empresas.",Lagos
manutencao-corretiva-em-ar-condicionado-lagos,Manutenção corretiva em ar condicionado em Lagos,"Oferecemos serviços de manutenção corretiva para garantir o funcionamento eficiente do seu ar condicionado, seja em ambientes residenciais ou comerciais.",Lagos
manutencao-de-aparelhos-de-ar-condicionado-lagos,Manutenção de aparelhos de ar condicionado em Lagos,"Oferecemos serviços de manutenção completos para aparelhos de ar condicionado, garantindo o seu funcionamento eficiente e prolongando a sua vida útil.",Lagos
manutencao-de-ar-central-lagos,Manutenção de ar condicionado central em Lagos,"Oferecemos serviços de manutenção de ar condicionado central para garantir o funcionamento eficiente do seu sistema, tanto em residências como em empresas.",Lagos
manutencao-de-ar-condicionado-24-horas-lagos,Manutenção de ar condicionado 24 horas em Lagos,"Oferecemos serviços de manutenção de ar condicionado disponíveis 24 horas, para garantir que seu ambiente esteja sempre confortável.",Lagos
manutencao-de-ar-condicionado-carrier-lagos,Manutenção de ar condicionado Carrier em Lagos,Oferecemos serviços de manutenção especializados para sistemas de ar condicionado Carrier e todas as principais marcas. Garantimos um desempenho eficiente e confiável.,Lagos
manutencao-de-ar-condicionado-comercial-lagos,Manutenção de ar condicionado comercial em Lagos,"Oferecemos serviços de manutenção para sistemas de ar condicionado comerciais, garantindo eficiência e conforto para o seu negócio.",Lagos
manutencao-de-ar-condicionado-daikin-lagos,Manutenção de ar condicionado Daikin em Lagos,"Oferecemos serviços de manutenção para sistemas de ar condicionado Daikin, garantindo o seu perfeito funcionamento e conforto em sua casa ou empresa.",Lagos
manutencao-de-ar-condicionado-de-parede-lagos,Manutenção de ar condicionado de parede em Lagos,Oferecemos serviços de manutenção de ar condicionado de parede para garantir o seu funcionamento eficiente e prolongar a sua vida útil. Entre em contacto connosco para um serviço rápido e de qualidade.,Lagos
manutencao-de-ar-condicionado-elgin-lagos,Manutenção de ar condicionado Elgin em Lagos,"Oferecemos serviços de manutenção eficientes e de qualidade para o seu ar condicionado Elgin, garantindo que o seu sistema funcione de forma otimizada.",Lagos
manutencao-de-ar-condicionado-fujitsu-lagos,Manutenção de ar condicionado Fujitsu em Lagos,Oferecemos serviços de manutenção especializados para garantir o ótimo funcionamento do seu ar condicionado Fujitsu em Lagos.,Lagos
manutencao-de-ar-condicionado-gree-lagos,Manutenção de ar condicionado Gree em Lagos,"Oferecemos serviços de manutenção para sistemas de ar condicionado Gree, garantindo o seu funcionamento eficaz e prolongando a sua vida útil.",Lagos
manutencao-de-ar-condicionado-inverter-lagos,Manutenção de ar condicionado inverter em Lagos,"Oferecemos serviços de manutenção especializada para sistemas de ar condicionado inverter, garantindo um desempenho eficiente e prolongando a vida útil do seu equipamento.",Lagos
manutencao-de-ar-condicionado-janela-lagos,Manutenção de ar condicionado de janela em Lagos,Oferecemos serviços de manutenção de ar condicionado de janela para garantir o funcionamento eficiente e duradouro do seu sistema.,Lagos
manutencao-de-ar-condicionado-mais-proximo-lagos,Manutenção de ar condicionado mais próximo em Lagos,"Oferecemos serviços de manutenção de ar condicionado para residências e empresas, garantindo o melhor desempenho do seu sistema.",Lagos
manutencao-de-ar-condicionado-midea-lagos,Manutenção de ar condicionado Midea em Lagos,"Oferecemos serviços de manutenção para a sua unidade Midea, garantindo o funcionamento eficiente e prolongando a sua vida útil.",Lagos
manutencao-de-ar-condicionado-portatil-springer-lagos,Manutenção de ar condicionado portátil Springer em Lagos,"Oferecemos serviços de manutenção especializados para o seu ar condicionado portátil Springer, garantindo o seu funcionamento eficiente e prolongando a sua vida útil.",Lagos
manutencao-de-ar-condicionado-predial-lagos,Manutenção de ar condicionado predial em Lagos,"Oferecemos serviços de manutenção para sistemas de ar condicionado predial, garantindo o desempenho ideal e a durabilidade do seu equipamento.",Lagos
manutencao-de-ar-condicionado-samsung-lagos,Manutenção de ar condicionado Samsung em Lagos,"Oferecemos serviços de manutenção profissional para o seu ar condicionado Samsung, garantindo que o seu sistema funcione perfeitamente durante todo o ano.",Lagos
manutencao-de-ar-condicionado-springer-lagos,Manutenção de ar condicionado Springer em Lagos,"Oferecemos serviços de manutenção especializada para unidades Springer, garantindo o ótimo funcionamento do seu ar condicionado.",Lagos
manutencao-de-ares-condicionados-lagos,Manutenção de ares condicionados em Lagos,Oferecemos serviços de manutenção especializados para garantir o funcionamento eficiente do seu ar condicionado em qualquer ambiente.,Lagos
manutencao-de-central-de-ar-lagos,Manutenção de central de ar em Lagos,"Oferecemos serviços completos de manutenção de centrais de ar, garantindo o funcionamento eficiente e duradouro do seu sistema.",Lagos
manutencao-de-central-de-ar-condicionado-lagos,Manutenção de central de ar condicionado em Lagos,"Oferecemos serviços de manutenção profissional para centrais de ar condicionado, garantindo o seu correto funcionamento e eficiência.",Lagos
manutencao-de-condicionador-de-ar-lagos,Manutenção de condicionador de ar em Lagos,"Oferecemos serviços de manutenção para condicionadores de ar, garantindo que o seu sistema funcione de forma eficiente e confiável.",Lagos
manutencao-de-fan-coil-lagos,Manutenção de fan coil em Lagos,Oferecemos serviços de manutenção de fan coil para garantir que seu sistema de climatização funcione de forma eficiente e sem problemas.,Lagos
manutencao-de-placa-de-ar-condicionado-lagos,Manutenção de placa de ar condicionado em Lagos,Oferecemos serviços de manutenção de placas de ar condicionado para garantir o perfeito funcionamento do seu equipamento.,Lagos
manutencao-do-ar-lagos,Manutenção do ar em Lagos,"Oferecemos serviços de manutenção de sistemas de ar condicionado em residências e empresas, garantindo o seu funcionamento eficiente e prolongando a vida útil do seu equipamento.",Lagos
manutencao-do-ar-condicionado-split-lagos,Manutenção do ar condicionado split em Lagos,"Oferecemos serviços de manutenção especializados para ar condicionado split, garantindo o seu funcionamento ideal e prolongando a sua vida útil.",Lagos
manutencao-dos-ar-condicionados-lagos,Manutenção dos ar condicionados em Lagos,"Oferecemos serviços de manutenção de ar condicionados para residências e empresas, garantindo o seu funcionamento eficiente e prolongando a sua vida útil.",Lagos
manutencao-e-higienizacao-de-ar-condicionado-lagos,Manutenção e higienização de ar condicionado em Lagos,Oferecemos serviços de manutenção e higienização de ar condicionado para garantir o máximo desempenho e eficiência do seu equipamento.,Lagos
manutencao-e-instalacao-de-ar-condicionado-split-lagos,Manutenção e instalação de ar condicionado split em Lagos,"Oferecemos serviços de instalação, manutenção e reparação de sistemas de ar condicionado split para residências e empresas.",Lagos
manutencao-e-preventiva-ar-condicionados-lagos,Manutenção e preventiva de ar condicionados em Lagos,"Oferecemos serviços de manutenção e preventiva para ar condicionados, garantindo que o seu sistema funcione de forma eficiente e prolongando a sua vida útil.",Lagos
manutencao-em-ar-condicionado-de-janela-lagos,Manutenção em ar condicionado de janela em Lagos,"Oferecemos serviços de manutenção para ar condicionado de janela, garantindo o seu funcionamento ideal e prolongando a sua vida útil.",Lagos
manutencao-em-ar-condicionado-portatil-lagos,Manutenção de ar condicionado portátil em Lagos,"Oferecemos serviços de manutenção especializados para o seu ar condicionado portátil, garantindo que ele funcione de forma eficiente e confiável.",Lagos
manutencao-em-central-de-ar-lagos,Manutenção em central de ar em Lagos,"Oferecemos serviços de manutenção especializada em sistemas de ar condicionado central, garantindo o seu funcionamento eficiente e duradouro.",Lagos
manutencao-em-refrigeracao-comercial-lagos,Manutenção em refrigeração comercial em Lagos,"Oferecemos serviços de manutenção de sistemas de refrigeração comercial, garantindo eficiência e funcionalidade para o seu negócio.",Lagos
manutencao-fan-coil-lagos,Manutenção de fan coil em Lagos,"Oferecemos serviços especializados de manutenção para sistemas de fan coil, garantindo que seu ar condicionado funcione de forma eficiente e eficaz em sua residência ou empresa.",Lagos
manutencao-lg-dual-inverter-lagos,Manutenção de ar condicionado LG Dual Inverter em Lagos,"Oferecemos serviços de manutenção especializada para o seu ar condicionado LG Dual Inverter, garantindo o seu funcionamento eficiente e prolongando sua vida útil.",Lagos
manutencao-no-ar-condicionado-lagos,Manutenção no ar condicionado em Lagos,Oferecemos serviços de manutenção de ar condicionado para garantir o funcionamento eficiente e prolongar a vida útil do seu equipamento.,Lagos
manutencao-periodica-ar-condicionado-lagos,Manutenção periódica de ar condicionado em Lagos,"Oferecemos serviços de manutenção periódica para garantir o funcionamento ideal do seu ar condicionado, tanto em residências como em empresas.",Lagos
manutencao-periodica-de-ar-condicionado-lagos,Manutenção periódica de ar condicionado em Lagos,Oferecemos serviços de manutenção periódica para garantir o funcionamento eficiente do seu sistema de ar condicionado em residências e empresas.,Lagos
manutencao-preditiva-ar-condicionado-lagos,Manutenção preditiva de ar condicionado em Lagos,Oferecemos serviços de manutenção preditiva para garantir que o seu sistema de ar condicionado opere de forma eficiente e confiável.,Lagos
manutencao-preditiva-de-ar-condicionado-lagos,Manutenção preditiva de ar condicionado em Lagos,Oferecemos serviços de manutenção preditiva para garantir o ótimo funcionamento do seu ar condicionado. Contamos com uma equipa especializada para atender tanto residências como empresas.,Lagos
manutencao-preventiva-ar-condicionado-split-lagos,Manutenção preventiva de ar condicionado split em Lagos,Garanta o bom funcionamento e a eficiência do seu ar condicionado split com os nossos serviços de manutenção preventiva em Lagos. Estamos aqui para ajudar na manutenção e reparação.,Lagos
manutencao-preventiva-condicionada-lagos,Manutenção preventiva de ar condicionado em Lagos,"Oferecemos serviços de manutenção preventiva para garantir o funcionamento eficiente do seu sistema de ar condicionado, proporcionando conforto e economia de energia.",Lagos
manutencao-preventiva-de-ar-condicionado-split-lagos,Manutenção preventiva de ar condicionado split em Lagos,"Oferecemos serviços de manutenção preventiva para o seu ar condicionado split, garantindo o seu funcionamento eficiente e prolongando a sua vida útil.",Lagos
manutencao-preventiva-do-ar-condicionado-lagos,Manutenção preventiva do ar condicionado em Lagos,"Oferecemos serviços de manutenção preventiva para garantir o bom funcionamento do seu ar condicionado, tanto em residências como em empresas.",Lagos
manutencao-preventiva-fan-coil-lagos,Manutenção preventiva de fan coil em Lagos,"Oferecemos serviços de manutenção preventiva para sistemas de fan coil, garantindo que o seu equipamento funcione sempre em ótimas condições.",Lagos
manutencao-preventiva-refrigeracao-lagos,Manutenção preventiva de refrigeração em Lagos,"Oferecemos serviços de manutenção preventiva para sistemas de refrigeração, garantindo eficiência e durabilidade para sua instalação.",Lagos
manutencao-preventiva-split-lagos,Manutenção preventiva de ar condicionado split em Lagos,Assegure o bom funcionamento do seu ar condicionado com a nossa manutenção preventiva especializada.,Lagos
manutencao-refrigeracao-comercial-lagos,Manutenção de refrigeração comercial em Lagos,Oferecemos serviços de manutenção de sistemas de refrigeração comercial para garantir o funcionamento eficiente do seu negócio.,Lagos
manutencao-sistemas-avac-lagos,Manutenção de sistemas AVAC em Lagos,Oferecemos serviços de manutenção de sistemas AVAC para garantir o melhor funcionamento e eficiência do seu equipamento.,Lagos
manutencao-split-inverter-lagos,Manutenção de ar condicionado split inverter em Lagos,"Oferecemos serviços de manutenção para sistemas de ar condicionado split inverter, garantindo um desempenho eficiente e prolongando a vida útil do seu equipamento.",Lagos
manutencao-springer-ar-condicionado-lagos,Manutenção de ar condicionado Springer em Lagos,"Oferecemos serviços de manutenção especializada para sistemas de ar condicionado Springer, garantindo o seu funcionamento eficiente e duradouro em Lagos.",Lagos
montagem-e-manutencao-de-ar-condicionado-lagos,Montagem e manutenção de ar condicionado em Lagos,"Oferecemos serviços de montagem e manutenção de sistemas de ar condicionado para residências e empresas, garantindo conforto e eficiência.",Lagos
oficina-de-manutencao-de-ar-condicionado-lagos,Oficina de manutenção de ar condicionado em Lagos,Oferecemos serviços de manutenção e reparação de ar condicionado para garantir o conforto do seu espaço.,Lagos
orcamento-manutencao-ar-condicionado-lagos,Orçamento para manutenção de ar condicionado em Lagos,"Oferecemos serviços de manutenção para garantir o perfeito funcionamento do seu ar condicionado, seja em residências ou empresas. Entre em contato para um orçamento personalizado.",Lagos
orcamento-manutencao-de-ar-condicionado-lagos,Orçamento para manutenção de ar condicionado em Lagos,"Oferecemos serviços de manutenção de ar condicionado para residencial e comercial, garantindo o funcionamento ideal do seu equipamento.",Lagos
orcamento-para-manutencao-de-ar-condicionado-lagos,Orçamento para manutenção de ar condicionado em Lagos,"Oferecemos serviços de manutenção de ar condicionado para residências e empresas, garantindo que o seu equipamento funcione de forma eficiente.",Lagos
preventiva-em-ar-condicionado-lagos,Manutenção preventiva em ar condicionado em Lagos,Oferecemos serviços de manutenção preventiva para garantir que o seu sistema de ar condicionado funcione de forma eficiente e prolongue a sua vida útil.,Lagos
refrigeracao-e-manutencao-lagos,Refrigeração e manutenção em Lagos,"Oferecemos serviços de refrigeração e manutenção para residências e empresas, garantindo um ambiente confortável durante todo o ano.",Lagos
servico-de-manutencao-ar-condicionado-lagos,Serviço de manutenção de ar condicionado em Lagos,"Oferecemos serviços de manutenção para garantir o funcionamento ideal do seu ar condicionado, seja em ambientes residenciais ou comerciais.",Lagos
servicos-de-manutencao-preventiva-e-corretiva-de-ar-condicionado-lagos,Serviços de manutenção preventiva e corretiva de ar condicionado em Lagos,"Oferecemos serviços de manutenção que garantem o funcionamento ótimo do seu ar condicionado, tanto para residências como para empresas.",Lagos
split-manutencao-lagos,Manutenção de ar condicionado split em Lagos,"Oferecemos serviços de manutenção profissionais para sistemas de ar condicionado split, garantindo o seu perfeito funcionamento.",Lagos
manutencao-ar-condicionado-loule,Manutenção de ar condicionado em Loulé,Oferecemos serviços de manutenção de ar condicionado para garantir o funcionamento eficiente do seu sistema. Entre em contato conosco para agendar uma visita.,Loule
manutencao-de-ar-condicionado-loule,Manutenção de ar condicionado em Loulé,Oferecemos serviços de manutenção de ar condicionado para garantir o perfeito funcionamento do seu sistema de climatização.,Loule
ar-condicionado-manutencao-loule,Manutenção de ar condicionado em Loulé,"Oferecemos serviços de manutenção para garantir o funcionamento ideal do seu sistema de ar condicionado, atendendo tanto residências como empresas.",Loule
manutencao-em-ar-condicionado-loule,Manutenção em ar condicionado em Loulé,"Oferecemos serviços de manutenção de ar condicionado para garantir o seu conforto e eficiência, tanto em instalações residenciais como comerciais.",Loule
empresa-de-manutencao-de-ar-condicionado-loule,Empresa de manutenção de ar condicionado em Loulé,"Oferecemos serviços de manutenção e reparação de ar condicionado para residências e empresas, garantindo o funcionamento ideal do seu equipamento.",Loule
manutencao-preventiva-ar-condicionado-loule,Manutenção preventiva de ar condicionado em Loulé,"Oferecemos serviços de manutenção preventiva para garantir o funcionamento eficiente do seu ar condicionado, seja para sua residência ou empresa.",Loule
manutencao-ar-condicionado-residencial-loule,Manutenção de ar condicionado residencial em Loulé,Oferecemos serviços de manutenção de ar condicionado residencial para garantir que o seu sistema funcione de forma eficiente e confiável. Entre em contato conosco para uma avaliação e serviço de qualidade.,Loule
instalacao-e-manutencao-de-ar-condicionado-loule,Instalação e manutenção de ar condicionado em Loulé,"Oferecemos serviços de instalação e manutenção de ar condicionado para residências e empresas em Loulé. Trabalhamos com todas as principais marcas como LG, Daikin e Samsung.",Loule
manutencao-de-ar-condicionado-residencial-loule,Manutenção de ar condicionado residencial em Loulé,Oferecemos serviços de manutenção de ar condicionado residencial para garantir o seu conforto e eficiência.,Loule
manutencao-de-ar-condicionado-split-loule,Manutenção de ar condicionado split em Loulé,"Oferecemos serviços de manutenção especializada para ar condicionado split, garantindo conforto e eficiência em sua casa ou empresa.",Loule
manutencao-ar-condicionado-perto-de-mim-loule,Manutenção de ar condicionado perto de mim,"Oferecemos serviços de manutenção de ar condicionado em Loulé, garantindo o desempenho ideal do seu sistema de climatização.",Loule
manutencao-ar-condicionado-split-loule,Manutenção de ar condicionado split em Loulé,"Oferecemos serviços de manutenção especializada para sistemas de ar condicionado split, garantindo o desempenho ideal e a eficiência do seu equipamento.",Loule
manutencao-preventiva-de-ar-condicionado-loule,Manutenção preventiva de ar condicionado em Loulé,Oferecemos serviços de manutenção preventiva para garantir o funcionamento eficaz e duradouro do seu ar condicionado.,Loule
empresa-manutencao-ar-condicionado-loule,Empresa de manutenção de ar condicionado em Loulé,"Oferecemos serviços de manutenção para sistemas de ar condicionado, garantindo o seu funcionamento eficaz e prolongando a sua vida útil.",Loule
manutencao-e-instalacao-de-ar-condicionado-loule,Manutenção e instalação de ar condicionado em Loulé,"Oferecemos serviços profissionais de manutenção e instalação de ar condicionado para residências e empresas, garantindo conforto e eficiência.",Loule
manutencao-em-ar-condicionado-residencial-loule,Manutenção em ar condicionado residencial em Loulé,"Oferecemos serviços de manutenção para sistemas de ar condicionado residenciais, garantindo conforto e eficiência em sua casa.",Loule
manutencao-ar-condicionado-lg-loule,Manutenção de ar condicionado LG em Loulé,"Oferecemos serviços de manutenção para sistemas de ar condicionado da marca LG, garantindo que seu equipamento funcione perfeitamente. Também realizamos manutenção para todas as principais marcas.",Loule
manutencao-ar-condicionado-portatil-loule,Manutenção de ar condicionado portátil em Loulé,"Oferecemos serviços de manutenção especializados para garantir o bom funcionamento do seu ar condicionado portátil, tanto para residências como para empresas.",Loule
manutencao-ar-condicionado-daikin-loule,Manutenção de ar condicionado Daikin em Loulé,"Oferecemos serviços de manutenção especializados para sistemas de ar condicionado Daikin, garantindo o seu conforto e eficiência.",Loule
manutencao-do-ar-condicionado-loule,Manutenção do ar condicionado em Loulé,"Oferecemos serviços de manutenção de ar condicionado para garantir o seu funcionamento ideal, tanto para residências como para empresas.",Loule
manutencao-de-ar-condicionado-portatil-loule,Manutenção de ar condicionado portátil em Loulé,"Oferecemos serviços de manutenção especializados para ar condicionado portátil, garantindo que seu aparelho funcione de forma eficiente e eficaz.",Loule
servico-de-manutencao-de-ar-condicionado-loule,Serviço de manutenção de ar condicionado em Loulé,"Oferecemos serviços de manutenção para todos os tipos de sistemas de ar condicionado, garantindo o seu funcionamento eficiente e duradouro.",Loule
manutencao-de-ar-condicionado-central-loule,Manutenção de ar condicionado central em Loulé,"Oferecemos serviços de manutenção eficiente para sistemas de ar condicionado central em residências e empresas, garantindo o funcionamento ideal do seu equipamento.",Loule
ar-condicionado-instalacao-e-manutencao-loule,Instalação e manutenção de ar condicionado em Loulé,"Oferecemos serviços de instalação e manutenção de sistemas de ar condicionado para residências e empresas, garantindo conforto e eficiência.",Loule
higienizacao-ar-condicionado-split-loule,Higienização de ar condicionado split em Loulé,Garanta a eficiência e a qualidade do seu ar condicionado split com nossos serviços de higienização profissional.,Loule
manutencao-de-ar-loule,Manutenção de ar condicionado em Loulé,"Oferecemos serviços de manutenção de ar condicionado para garantir o funcionamento eficiente e duradouro do seu sistema, seja em residências ou empresas.",Loule
refrigeracao-manutencao-loule,Manutenção de refrigeração em Loulé,"Oferecemos serviços de manutenção para sistemas de refrigeração, garantindo que o seu equipamento funcione de forma eficiente e confiável.",Loule
manutencao-de-ar-condicionado-industrial-loule,Manutenção de ar condicionado industrial em Loulé,Oferecemos serviços de manutenção de ar condicionado industrial para garantir o funcionamento eficiente e duradouro do seu equipamento.,Loule
empresas-que-fazem-manutencao-de-ar-condicionado-loule,Empresa de ar condicionado em Loulé,"Oferecemos serviços de manutenção de ar condicionado para residências e empresas, garantindo o melhor desempenho do seu sistema.",Loule
manutencao-ar-condicionado-samsung-loule,Manutenção de ar condicionado Samsung em Loulé,"Oferecemos serviços de manutenção especializados para o seu ar condicionado Samsung, garantindo um funcionamento eficiente e duradouro.",Loule
ar-condicionado-manutencao-preventiva-loule,Manutenção preventiva de ar condicionado em Loulé,Garanta o funcionamento eficiente do seu ar condicionado com nossos serviços de manutenção preventiva em Loulé. Estamos à disposição para atender tanto residências quanto empresas.,Loule
assistencia-tecnica-ar-condicionado-fujitsu-loule,Assistência técnica de ar condicionado Fujitsu em Loulé,"Oferecemos serviços de reparação e manutenção de ar condicionado Fujitsu, garantindo que você tenha o conforto que precisa em sua casa ou empresa.",Loule
ar-condicionado-assistencia-loule,Assistência de ar condicionado em Loulé,"Oferecemos serviços de assistência técnica para qualquer marca de ar condicionado, garantindo conforto e qualidade no seu ambiente.",Loule
empresa-de-manutencao-ar-condicionado-loule,Empresa de manutenção de ar condicionado em Loulé,"Oferecemos serviços de manutenção para todos os tipos de sistemas de ar condicionado, garantindo eficiência e conforto para sua casa ou empresa.",Loule
manutencao-em-ar-condicionado-split-loule,Manutenção em ar condicionado split em Loulé,"Oferecemos serviços profissionais de manutenção para ar condicionado split, garantindo o seu funcionamento eficiente em ambientes residenciais e comerciais.",Loule
manutencao-ar-condicionado-fujitsu-loule,Manutenção de ar condicionado Fujitsu em Loulé,"Oferecemos serviços de manutenção especializada para sistemas de ar condicionado Fujitsu, garantindo um desempenho ideal e conforto em sua casa ou empresa.",Loule
ar-condicionado-manutencao-e-instalacao-loule,Manutenção e instalação de ar condicionado em Loulé,"Oferecemos serviços de manutenção e instalação de sistemas de ar condicionado, garantindo conforto e eficiência para sua casa ou empresa.",Loule
manutencao-ar-condicionado-24-horas-loule,Manutenção de ar condicionado 24 horas em Loulé,"Oferecemos serviços de manutenção de ar condicionado 24 horas para garantir que o seu sistema funcione perfeitamente, esteja você em casa ou no seu negócio.",Loule
orcamento-de-manutencao-de-ar-condicionado-loule,Orçamento de manutenção de ar condicionado em Loulé,"Oferecemos serviços de manutenção de ar condicionado para residências e empresas, garantindo o funcionamento eficiente do seu sistema.",Loule
manutencao-corretiva-ar-condicionado-loule,Manutenção corretiva de ar condicionado em Loulé,"Oferecemos serviços de manutenção corretiva para garantir o funcionamento eficiente do seu ar condicionado, tanto em instalações residenciais como comerciais.",Loule
empresa-manutencao-de-ar-condicionado-loule,Empresa de manutenção de ar condicionado em Loulé,"Oferecemos serviços de manutenção de ar condicionado para residências e empresas, garantindo conforto e eficiência no seu sistema.",Loule
ar-condicionado-split-manutencao-loule,Manutenção de ar condicionado split em Loulé,"Oferecemos serviços de manutenção de ar condicionado split para garantir o seu funcionamento ideal, tanto para residências como para empresas.",Loule
manutencao-de-ar-condicionado-perto-de-mim-loule,Manutenção de ar condicionado em Loulé,Oferecemos serviços de manutenção de ar condicionado para residências e empresas em Loulé. A nossa equipe está pronta para garantir que o seu sistema de ar condicionado funcione de forma eficiente.,Loule
manutencao-split-loule,Manutenção de ar condicionado split em Loulé,"Oferecemos serviços de manutenção de sistemas de ar condicionado split, garantindo o máximo desempenho e conforto para sua casa ou empresa.",Loule
daikin-manutencao-loule,Manutenção de ar condicionado Daikin em Loulé,"Oferecemos serviços de manutenção especializados para sistemas de ar condicionado Daikin, garantindo o melhor desempenho e eficiência do seu equipamento.",Loule
manutencao-ar-condicionado-lg-dual-inverter-loule,Manutenção de ar condicionado LG Dual Inverter em Loulé,"Oferecemos serviços de manutenção especializados para o seu ar condicionado LG Dual Inverter, garantindo performance e eficiência para o seu conforto.",Loule
revisao-de-ar-condicionado-loule,Revisão de ar condicionado em Loulé,Mantenha o seu ar condicionado em ótimo estado com os nossos serviços de revisão especializados.,Loule
manutencao-preventiva-em-ar-condicionado-loule,Manutenção preventiva em ar condicionado em Loulé,Oferecemos serviços de manutenção preventiva para garantir o perfeito funcionamento do seu ar condicionado em residências e empresas.,Loule
manutencao-ar-condicionado-janela-loule,Manutenção de ar condicionado de janela em Loulé,"Oferecemos serviços de manutenção especializados para ar condicionado de janela, garantindo um funcionamento eficiente e duradouro em sua casa ou empresa.",Loule
manutencao-em-ar-condicionado-industrial-loule,Manutenção em ar condicionado industrial em Loulé,"Oferecemos serviços de manutenção especializados para sistemas de ar condicionado industrial, garantindo o melhor desempenho e eficiência para a sua empresa.",Loule
manutencao-preventiva-e-corretiva-ar-condicionado-loule,Manutenção preventiva e corretiva de ar condicionado em Loulé,Oferecemos serviços de manutenção preventiva e corretiva para garantir o funcionamento ideal do seu ar condicionado em residências e empresas.,Loule
manutencao-ar-condicionado-central-loule,Manutenção de ar condicionado central em Loulé,"Oferecemos serviços de manutenção especializada para sistemas de ar condicionado central, garantindo o melhor desempenho e eficiência energética.",Loule
manutencao-ar-condicionado-industrial-loule,Manutenção de ar condicionado industrial em Loulé,"Oferecemos serviços de manutenção para sistemas de ar condicionado industrial, garantindo eficiência e durabilidade em suas instalações.",Loule
manutencao-ar-condicionado-de-janela-loule,Manutenção de ar condicionado de janela em Loulé,"Oferecemos serviços de manutenção para ar condicionado de janela, garantindo conforto e eficiência energética na sua casa ou empresa.",Loule
preventiva-de-ar-condicionado-loule,Manutenção preventiva de ar condicionado em Loulé,"Oferecemos serviços de manutenção preventiva para garantir o melhor desempenho do seu ar condicionado, tanto em residências como em empresas.",Loule
manutencao-de-ar-condicionado-lg-loule,Manutenção de ar condicionado LG em Loulé,"Oferecemos serviços de manutenção para sistemas de ar condicionado LG e de todas as marcas, garantindo o melhor desempenho do seu equipamento.",Loule
assistencia-de-ar-condicionado-loule,Assistência de ar condicionado em Loulé,"Oferecemos serviços de assistência técnica para todos os tipos de ar condicionados, garantindo o seu conforto em Loulé.",Loule
manutencao-de-ar-condicionado-de-janela-loule,Manutenção de ar condicionado de janela em Loulé,Oferecemos serviços de manutenção de ar condicionado de janela para garantir que o seu aparelho funcione de forma eficiente e duradoura.,Loule
ar-condicionado-residencial-manutencao-loule,Manutenção de ar condicionado residencial em Loulé,Oferecemos serviços de manutenção para garantir o funcionamento eficiente do seu ar condicionado residencial.,Loule
preventiva-ar-condicionado-loule,Manutenção preventiva de ar condicionado em Loulé,Garanta o desempenho ideal do seu sistema de ar condicionado com nossos serviços de manutenção preventiva em Loulé. Oferecemos soluções para residências e empresas.,Loule
manutencao-de-split-loule,Manutenção de ar condicionado split em Loulé,Oferecemos serviços de manutenção de ar condicionado split para garantir o desempenho ideal do seu equipamento.,Loule
empresa-de-manutencao-em-ar-condicionado-loule,Empresa de manutenção em ar condicionado em Loulé,Oferecemos serviços de manutenção e reparação de ar condicionado para residências e empresas em Loulé.,Loule
manutencao-ar-condicionado-springer-loule,Manutenção de ar condicionado Springer em Loulé,"Oferecemos serviços de manutenção profissional para sistemas de ar condicionado Springer, garantindo que o seu equipamento funcione de forma eficiente e confiável.",Loule
manutencao-para-ar-condicionado-loule,Manutenção para ar condicionado em Loulé,"Oferecemos serviços de manutenção para ar condicionado, garantindo um funcionamento eficiente dos seus sistemas, tanto em instalações residenciais como comerciais.",Loule
manutencao-ar-split-loule,Manutenção de ar condicionado split em Loulé,Oferecemos serviços de manutenção para garantir o funcionamento eficiente do seu ar condicionado split. Entre em contato para uma avaliação!,Loule
manutencao-preventiva-e-corretiva-de-ar-condicionado-loule,Manutenção preventiva e corretiva de ar condicionado em Loulé,"Oferecemos serviços completos de manutenção preventiva e corretiva para garantir o ótimo funcionamento do seu sistema de ar condicionado, seja em residências ou empresas.",Loule
empresa-de-higienizacao-de-ar-condicionado-loule,Empresa de higienização de ar condicionado em Loulé,"Oferecemos serviços de higienização para ar condicionado, garantindo a qualidade do ar e eficiência do seu equipamento.",Loule
air-systems-manutencao-de-ar-condicionado-loule,Manutenção de ar condicionado em Loulé,"Oferecemos serviços de manutenção para sistemas de ar condicionado, garantindo que o seu sistema funcione de maneira eficiente e prolongando a sua vida útil.",Loule
ar-condicionado-carrier-manutencao-loule,Manutenção de ar condicionado Carrier em Loulé,"Oferecemos serviços de manutenção especializados para unidades de ar condicionado Carrier, garantindo que seu sistema funcione de maneira eficiente e prolongue a sua vida útil.",Loule
ar-condicionado-central-manutencao-loule,Manutenção de ar condicionado central em Loulé,"Oferecemos serviços de manutenção completos para sistemas de ar condicionado central, garantindo que o seu equipamento funcione de forma eficiente e duradouro.",Loule
ar-condicionado-daikin-manutencao-loule,Manutenção de ar condicionado Daikin em Loulé,"Oferecemos serviços de manutenção especializados para sistemas de ar condicionado Daikin, garantindo que o seu equipamento funcione de forma eficiente e duradoura.",Loule
ar-condicionado-de-janela-manutencao-loule,Manutenção de ar condicionado de janela em Loulé,"Oferecemos serviços de manutenção especializados para ar condicionado de janela, assegurando que o seu sistema funcione de forma eficiente e eficaz.",Loule
ar-condicionado-empresas-de-manutencao-loule,Empresa de ar condicionado em Loulé,"Oferecemos serviços de manutenção de sistemas de ar condicionado para residências e empresas, garantindo o seu conforto e eficiência.",Loule
ar-condicionado-fujitsu-manutencao-loule,Manutenção de ar condicionado Fujitsu em Loulé,"Oferecemos serviços de manutenção de ar condicionado Fujitsu, garantindo que o seu sistema funcione de forma eficiente e prolongando a sua vida útil.",Loule
ar-condicionado-instalacao-manutencao-loule,Instalação e manutenção de ar condicionado em Loulé,"Oferecemos serviços de instalação e manutenção de sistemas de ar condicionado para residências e empresas. Trabalhamos com todas as principais marcas, garantindo eficiência e conforto.",Loule
ar-condicionado-inverter-manutencao-loule,Manutenção de ar condicionado inverter em Loulé,"Oferecemos serviços de manutenção especializada para sistemas de ar condicionado inverter, garantindo o seu funcionamento eficiente e prolongando a sua vida útil.",Loule
ar-condicionado-janela-manutencao-loule,Manutenção de ar condicionado de janela em Loulé,"Oferecemos serviços de manutenção profissional para o seu ar condicionado de janela, garantindo o funcionamento eficiente e prolongando a sua vida útil.",Loule
ar-condicionado-lg-manutencao-loule,Manutenção de ar condicionado LG em Loulé,"Oferecemos serviços de manutenção para o seu ar condicionado LG, garantindo que o seu equipamento funcione de forma eficiente e duradoura.",Loule
ar-condicionado-portatil-manutencao-loule,Manutenção de ar condicionado portátil em Loulé,Oferecemos serviços de manutenção para garantir que o seu ar condicionado portátil funcione sempre em ótimas condições.,Loule
ar-condicionado-precisa-de-manutencao-loule,Manutenção de ar condicionado em Loulé,Oferecemos serviços de manutenção de ar condicionado para garantir que seu aparelho funcione de forma eficiente e duradoura.,Loule
ar-condicionado-samsung-manutencao-loule,Manutenção de ar condicionado Samsung em Loulé,"Oferecemos serviços de manutenção especializada para o seu ar condicionado Samsung, garantindo o melhor desempenho e conforto no seu espaço.",Loule
ar-condicionado-springer-manutencao-loule,Manutenção de ar condicionado Springer em Loulé,"Oferecemos serviços de manutenção especializados para sistemas de ar condicionado Springer, garantindo o seu funcionamento eficiente e prolongando a sua vida útil.",Loule
ar-ice-clean-manutencao-higienizacao-e-instalacao-de-ar-condicionado-loule,"Manutenção, higienização e instalação de ar condicionado em Loulé","Oferecemos serviços completos de instalação, manutenção e higienização de sistemas de ar condicionado para residências e empresas, garantindo eficiência e conforto.",Loule
ar-manutencao-loule,Manutenção de ar condicionado em Loulé,Oferecemos serviços de manutenção de ar condicionado para garantir o seu bom funcionamento e prolongar a vida útil do seu equipamento.,Loule
arcotec-ar-condicionado-instalacao-e-manutencao-loule,Instalação e manutenção de ar condicionado Arcotec em Loulé,Oferecemos serviços de instalação e manutenção para sistemas de ar condicionado Arcotec e todas as principais marcas em Loulé. Entre em contato conosco para garantir um ambiente confortável.,Loule
assistencia-em-ar-condicionado-loule,Assistência em ar condicionado em Loulé,"Oferecemos serviços de assistência técnica, incluindo reparação e manutenção de sistemas de ar condicionado para residências e empresas.",Loule
assistencia-tecnica-ar-loule,Assistência técnica de ar em Loulé,"Oferecemos serviços de assistência técnica para ar condicionado, garantindo conforto e eficiência em sua casa ou empresa.",Loule
assistencia-tecnica-ar-condicionado-hitachi-loule,Assistência técnica de ar condicionado Hitachi em Loulé,"Oferecemos serviços de reparação e manutenção de unidades Hitachi, garantindo o funcionamento ideal do seu sistema de climatização.",Loule
assistencia-tecnica-em-ar-condicionado-loule,Assistência técnica em ar condicionado em Loulé,Oferecemos serviços de reparação e manutenção de ar condicionado para residências e empresas em Loulé.,Loule
carrier-manutencao-ar-condicionado-loule,Manutenção de ar condicionado Carrier em Loulé,"Oferecemos serviços de manutenção para sistemas de ar condicionado Carrier, garantindo o seu funcionamento ideal e aumentando a durabilidade do equipamento.",Loule
empresa-de-ar-condicionado-manutencao-loule,Empresa de ar condicionado em Loulé,Oferecemos serviços de manutenção especializada em sistemas de ar condicionado para residências e empresas.,Loule
empresa-de-instalacao-e-manutencao-de-ar-condicionado-loule,Empresa de instalação e manutenção de ar condicionado em Loulé,"Oferecemos serviços de instalação e manutenção de sistemas de ar condicionado para residências e empresas, garantindo conforto em qualquer espaço.",Loule
empresas-de-instalacao-e-manutencao-de-ar-condicionado-loule,Empresa de instalação e manutenção de ar condicionado em Loulé,"Oferecemos serviços profissionais de instalação e manutenção de ar condicionado para residências e empresas em Loulé. Trabalhamos com todas as principais marcas como LG, Daikin e Samsung, garantindo conforto e qualidade.",Loule
fan-coil-manutencao-loule,Manutenção de fan coil em Loulé,"Oferecemos serviços de manutenção para fan coils, garantindo o seu funcionamento eficiente e duradouro.",Loule
fujitsu-ar-condicionado-assistencia-tecnica-loule,Assistência técnica de ar condicionado Fujitsu em Loulé,"Oferecemos serviços de instalação, reparação e manutenção de ar condicionado Fujitsu, garantindo que seu sistema funcione sempre na melhor condição.",Loule
fujitsu-ar-condicionado-manutencao-loule,Manutenção de ar condicionado Fujitsu em Loulé,"Oferecemos serviços de manutenção especializados para sistemas de ar condicionado Fujitsu, garantindo eficiência e conforto em sua residência ou empresa.",Loule
higienizar-ar-condicionado-split-loule,Higienização de ar condicionado split em Loulé,"Oferecemos serviços de higienização profissional para unidades de ar condicionado split, garantindo um ambiente saudável e agradável na sua casa ou empresa.",Loule
higienizacao-de-ar-condicionado-de-janela-loule,Higienização de ar condicionado de janela em Loulé,"Oferecemos serviços de higienização eficientes para o seu ar condicionado de janela, garantindo um ambiente mais saudável and confortável em sua casa ou escritório.",Loule
instalacao-de-ar-condicionado-e-manutencao-loule,Instalação de ar condicionado e manutenção em Loulé,"Oferecemos serviços de instalação e manutenção de ar condicionado para residências e empresas, garantindo conforto e qualidade no seu ambiente.",Loule
instalacao-e-manutencao-ar-condicionado-loule,Instalação e manutenção de ar condicionado em Loulé,"Oferecemos serviços completos de instalação e manutenção para sistemas de ar condicionado, garantindo conforto e eficiência para residências e empresas.",Loule
instalacao-e-manutencao-de-ar-condicionado-split-loule,Instalação e manutenção de ar condicionado split em Loulé,"Oferecemos serviços completos de instalação e manutenção de sistemas de ar condicionado split, garantindo conforto e eficiência para sua casa ou empresa.",Loule
instalacao-e-manutencao-de-split-loule,Instalação e manutenção de ar condicionado split em Loulé,"Oferecemos serviços de instalação e manutenção para sistemas de ar condicionado split, garantindo conforto e eficiência energética para residências e empresas.",Loule
instalacao-e-manutencao-em-ar-condicionado-loule,Instalação e manutenção de ar condicionado em Loulé,Oferecemos serviços de instalação e manutenção de ar condicionado tanto para residências como para empresas em Loulé. Entre em contato para garantir o conforto no seu ambiente.,Loule
instalacao-manutencao-ar-condicionado-loule,Instalação e manutenção de ar condicionado em Loulé,"Oferecemos serviços de instalação e manutenção de ar condicionado para residências e empresas, trabalhando com todas as principais marcas como LG, Daikin e Samsung.",Loule
manutencao-ar-loule,Manutenção de ar condicionado em Loulé,"Oferecemos serviços de manutenção para todos os tipos de sistemas de ar condicionado, garantindo o seu funcionamento eficiente e duradouro.",Loule
manutencao-ar-cond-loule,Manutenção de ar condicionado em Loulé,"Oferecemos serviços de manutenção de ar condicionado para garantir o funcionamento eficiente do seu equipamento, seja em residências ou empresas.",Loule
manutencao-de-ar-split-loule,Manutenção de ar condicionado split em Loulé,"Oferecemos serviços de manutenção de ar condicionado split para garantir que o seu sistema funcione sempre em perfeitas condições, atendendo a residências e empresas.",Loule
manutencao-em-ar-loule,Manutenção de ar condicionado em Loulé,"Oferecemos serviços completos de manutenção para o seu sistema de ar condicionado, garantindo o seu perfeito funcionamento e eficiência.",Loule
manutencao-ar-condicionado-carrier-loule,Manutenção de ar condicionado Carrier em Loulé,"Oferecemos serviços de manutenção especializados para sistemas de ar condicionado Carrier, garantindo um funcionamento eficiente e prolongando a vida útil do seu equipamento.",Loule
manutencao-ar-condicionado-comfee-loule,Manutenção de ar condicionado Comfee em Loulé,"Oferecemos serviços de manutenção especializada para seus sistemas Comfee, garantindo o desempenho ideal do seu ar condicionado.",Loule
manutencao-ar-condicionado-delonghi-loule,Manutenção de ar condicionado Delonghi em Loulé,"Oferecemos serviços de manutenção para o seu ar condicionado Delonghi, garantindo o seu ideal funcionamento e conforto.",Loule
manutencao-ar-condicionado-gree-loule,Manutenção de ar condicionado Gree em Loulé,"Oferecemos serviços de manutenção especializados para ar condicionado Gree, garantindo que o seu sistema funcione de forma eficiente e prolongando a sua vida útil.",Loule
manutencao-ar-condicionado-hitachi-loule,Manutenção de ar condicionado Hitachi em Loulé,"Oferecemos serviços de manutenção especializados para sistemas de ar condicionado Hitachi, garantindo o perfeito funcionamento do seu equipamento.",Loule
manutencao-ar-condicionado-inverter-loule,Manutenção de ar condicionado inverter em Loulé,"Oferecemos serviços de manutenção especializados para sistemas de ar condicionado inverter, garantindo o seu funcionamento eficiente e prolongando a sua vida útil.",Loule
manutencao-ar-condicionado-k7-loule,Manutenção de ar condicionado K7 em Loulé,"Oferecemos serviços de manutenção para sistemas de ar condicionado K7, garantindo um funcionamento eficiente e duradouro.",Loule
manutencao-ar-condicionado-lg-inverter-loule,Manutenção de ar condicionado LG Inverter em Loulé,"Oferecemos serviços de manutenção especializados para sistemas de ar condicionado LG Inverter, garantindo o funcionamento eficiente e prolongando a vida útil do seu equipamento.",Loule
manutencao-ar-condicionado-portatil-delonghi-loule,Manutenção de ar condicionado portátil Delonghi em Loulé,"Oferecemos serviços completos de manutenção para o seu ar condicionado portátil Delonghi, garantindo que ele funcione de forma eficiente e prolongue a sua vida útil.",Loule
manutencao-ar-condicionado-portatil-midea-loule,Manutenção de ar condicionado portátil Midea em Loulé,"Oferecemos serviços de manutenção para o seu ar condicionado portátil Midea, garantindo o seu funcionamento ideal durante todo o ano.",Loule
manutencao-ar-condicionado-samsung-inverter-loule,Manutenção de ar condicionado Samsung inverter em Loulé,"Garantimos um serviço de qualidade para manter o seu ar condicionado Samsung inverter em perfeito estado, seja para uso residencial ou comercial.",Loule
manutencao-ar-condicionado-split-gree-loule,Manutenção de ar condicionado split Gree em Loulé,"Oferecemos serviços de manutenção para o seu ar condicionado split Gree, garantindo um funcionamento eficiente e prolongando a vida útil do seu equipamento em Loulé.",Loule
manutencao-ar-condicionado-split-samsung-loule,Manutenção de ar condicionado split Samsung em Loulé,"Oferecemos serviços de manutenção especializados para o seu ar condicionado split Samsung, garantindo o seu funcionamento eficiente e prolongando a sua vida útil.",Loule
manutencao-ar-condicionado-springer-carrier-loule,Manutenção de ar condicionado Springer e Carrier em Loulé,"Oferecemos serviços de manutenção para os sistemas de ar condicionado das marcas Springer e Carrier, garantindo que seu equipamento funcione de forma eficiente e duradoura.",Loule
manutencao-ar-portatil-loule,Manutenção de ar portátil em Loulé,"Oferecemos serviços de manutenção especializada para o seu ar condicionado portátil, garantindo o seu funcionamento eficaz e duradouro.",Loule
manutencao-avac-loule,Manutenção de AVAC em Loulé,"Oferecemos serviços de manutenção para sistemas de climatização, garantindo o funcionamento eficiente e duradouro do seu equipamento.",Loule
manutencao-central-de-ar-loule,Manutenção de central de ar em Loulé,Oferecemos serviços de manutenção de sistemas de ar condicionado central para garantir o seu funcionamento eficiente e prolongar a sua vida útil.,Loule
manutencao-climatizador-springer-loule,Manutenção de climatizador Springer em Loulé,"Oferecemos serviços especializados de manutenção para climatizadores Springer, garantindo eficiência e conforto em sua casa ou empresa.",Loule
manutencao-condicionador-de-ar-loule,Manutenção de condicionador de ar em Loulé,"Oferecemos serviços de manutenção para todos os tipos de condicionadores de ar, garantindo o seu funcionamento eficiente em ambientes residenciais e comerciais.",Loule
manutencao-corretiva-de-ar-condicionado-loule,Manutenção corretiva de ar condicionado em Loulé,Oferecemos serviços de manutenção corretiva para garantir o funcionamento otimizado do seu ar condicionado. Trabalhamos com todas as marcas e asseguramos a qualidade do nosso trabalho.,Loule
manutencao-corretiva-e-preventiva-de-ar-condicionado-loule,Manutenção corretiva e preventiva de ar condicionado em Loulé,"Oferecemos serviços de manutenção corretiva e preventiva de ar condicionado para garantir o funcionamento ideal do seu sistema, seja em residências ou empresas.",Loule
manutencao-corretiva-em-ar-condicionado-loule,Manutenção corretiva em ar condicionado em Loulé,"Oferecemos serviços de manutenção corretiva para garantir o funcionamento eficiente do seu ar condicionado, seja em ambientes residenciais ou comerciais.",Loule
manutencao-de-aparelhos-de-ar-condicionado-loule,Manutenção de aparelhos de ar condicionado em Loulé,"Oferecemos serviços de manutenção completos para aparelhos de ar condicionado, garantindo o seu funcionamento eficiente e prolongando a sua vida útil.",Loule
manutencao-de-ar-central-loule,Manutenção de ar condicionado central em Loulé,"Oferecemos serviços de manutenção de ar condicionado central para garantir o funcionamento eficiente do seu sistema, tanto em residências como em empresas.",Loule
manutencao-de-ar-condicionado-24-horas-loule,Manutenção de ar condicionado 24 horas em Loulé,"Oferecemos serviços de manutenção de ar condicionado disponíveis 24 horas, para garantir que seu ambiente esteja sempre confortável.",Loule
manutencao-de-ar-condicionado-carrier-loule,Manutenção de ar condicionado Carrier em Loulé,Oferecemos serviços de manutenção especializados para sistemas de ar condicionado Carrier e todas as principais marcas. Garantimos um desempenho eficiente e confiável.,Loule
manutencao-de-ar-condicionado-comercial-loule,Manutenção de ar condicionado comercial em Loulé,"Oferecemos serviços de manutenção para sistemas de ar condicionado comerciais, garantindo eficiência e conforto para o seu negócio.",Loule
manutencao-de-ar-condicionado-daikin-loule,Manutenção de ar condicionado Daikin em Loulé,"Oferecemos serviços de manutenção para sistemas de ar condicionado Daikin, garantindo o seu perfeito funcionamento e conforto em sua casa ou empresa.",Loule
manutencao-de-ar-condicionado-de-parede-loule,Manutenção de ar condicionado de parede em Loulé,Oferecemos serviços de manutenção de ar condicionado de parede para garantir o seu funcionamento eficiente e prolongar a sua vida útil. Entre em contacto connosco para um serviço rápido e de qualidade.,Loule
manutencao-de-ar-condicionado-elgin-loule,Manutenção de ar condicionado Elgin em Loulé,"Oferecemos serviços de manutenção eficientes e de qualidade para o seu ar condicionado Elgin, garantindo que o seu sistema funcione de forma otimizada.",Loule
manutencao-de-ar-condicionado-fujitsu-loule,Manutenção de ar condicionado Fujitsu em Loulé,Oferecemos serviços de manutenção especializados para garantir o ótimo funcionamento do seu ar condicionado Fujitsu em Loulé.,Loule
manutencao-de-ar-condicionado-gree-loule,Manutenção de ar condicionado Gree em Loulé,"Oferecemos serviços de manutenção para sistemas de ar condicionado Gree, garantindo o seu funcionamento eficaz e prolongando a sua vida útil.",Loule
manutencao-de-ar-condicionado-inverter-loule,Manutenção de ar condicionado inverter em Loulé,"Oferecemos serviços de manutenção especializada para sistemas de ar condicionado inverter, garantindo um desempenho eficiente e prolongando a vida útil do seu equipamento.",Loule
manutencao-de-ar-condicionado-janela-loule,Manutenção de ar condicionado de janela em Loulé,Oferecemos serviços de manutenção de ar condicionado de janela para garantir o funcionamento eficiente e duradouro do seu sistema.,Loule
manutencao-de-ar-condicionado-mais-proximo-loule,Manutenção de ar condicionado mais próximo em Loulé,"Oferecemos serviços de manutenção de ar condicionado para residências e empresas, garantindo o melhor desempenho do seu sistema.",Loule
manutencao-de-ar-condicionado-midea-loule,Manutenção de ar condicionado Midea em Loulé,"Oferecemos serviços de manutenção para a sua unidade Midea, garantindo o funcionamento eficiente e prolongando a sua vida útil.",Loule
manutencao-de-ar-condicionado-portatil-springer-loule,Manutenção de ar condicionado portátil Springer em Loulé,"Oferecemos serviços de manutenção especializados para o seu ar condicionado portátil Springer, garantindo o seu funcionamento eficiente e prolongando a sua vida útil.",Loule
manutencao-de-ar-condicionado-predial-loule,Manutenção de ar condicionado predial em Loulé,"Oferecemos serviços de manutenção para sistemas de ar condicionado predial, garantindo o desempenho ideal e a durabilidade do seu equipamento.",Loule
manutencao-de-ar-condicionado-samsung-loule,Manutenção de ar condicionado Samsung em Loulé,"Oferecemos serviços de manutenção profissional para o seu ar condicionado Samsung, garantindo que o seu sistema funcione perfeitamente durante todo o ano.",Loule
manutencao-de-ar-condicionado-springer-loule,Manutenção de ar condicionado Springer em Loulé,"Oferecemos serviços de manutenção especializada para unidades Springer, garantindo o ótimo funcionamento do seu ar condicionado.",Loule
manutencao-de-ares-condicionados-loule,Manutenção de ares condicionados em Loulé,Oferecemos serviços de manutenção especializados para garantir o funcionamento eficiente do seu ar condicionado em qualquer ambiente.,Loule
manutencao-de-central-de-ar-loule,Manutenção de central de ar em Loulé,"Oferecemos serviços completos de manutenção de centrais de ar, garantindo o funcionamento eficiente e duradouro do seu sistema.",Loule
manutencao-de-central-de-ar-condicionado-loule,Manutenção de central de ar condicionado em Loulé,"Oferecemos serviços de manutenção profissional para centrais de ar condicionado, garantindo o seu correto funcionamento e eficiência.",Loule
manutencao-de-condicionador-de-ar-loule,Manutenção de condicionador de ar em Loulé,"Oferecemos serviços de manutenção para condicionadores de ar, garantindo que o seu sistema funcione de forma eficiente e confiável.",Loule
manutencao-de-fan-coil-loule,Manutenção de fan coil em Loulé,Oferecemos serviços de manutenção de fan coil para garantir que seu sistema de climatização funcione de forma eficiente e sem problemas.,Loule
manutencao-de-placa-de-ar-condicionado-loule,Manutenção de placa de ar condicionado em Loulé,Oferecemos serviços de manutenção de placas de ar condicionado para garantir o perfeito funcionamento do seu equipamento.,Loule
manutencao-do-ar-loule,Manutenção do ar em Loulé,"Oferecemos serviços de manutenção de sistemas de ar condicionado em residências e empresas, garantindo o seu funcionamento eficiente e prolongando a vida útil do seu equipamento.",Loule
manutencao-do-ar-condicionado-split-loule,Manutenção do ar condicionado split em Loulé,"Oferecemos serviços de manutenção especializados para ar condicionado split, garantindo o seu funcionamento ideal e prolongando a sua vida útil.",Loule
manutencao-dos-ar-condicionados-loule,Manutenção dos ar condicionados em Loulé,"Oferecemos serviços de manutenção de ar condicionados para residências e empresas, garantindo o seu funcionamento eficiente e prolongando a sua vida útil.",Loule
manutencao-e-higienizacao-de-ar-condicionado-loule,Manutenção e higienização de ar condicionado em Loulé,Oferecemos serviços de manutenção e higienização de ar condicionado para garantir o máximo desempenho e eficiência do seu equipamento.,Loule
manutencao-e-instalacao-de-ar-condicionado-split-loule,Manutenção e instalação de ar condicionado split em Loulé,"Oferecemos serviços de instalação, manutenção e reparação de sistemas de ar condicionado split para residências e empresas.",Loule
manutencao-e-preventiva-ar-condicionados-loule,Manutenção e preventiva de ar condicionados em Loulé,"Oferecemos serviços de manutenção e preventiva para ar condicionados, garantindo que o seu sistema funcione de forma eficiente e prolongando a sua vida útil.",Loule
manutencao-em-ar-condicionado-de-janela-loule,Manutenção em ar condicionado de janela em Loulé,"Oferecemos serviços de manutenção para ar condicionado de janela, garantindo o seu funcionamento ideal e prolongando a sua vida útil.",Loule
manutencao-em-ar-condicionado-portatil-loule,Manutenção de ar condicionado portátil em Loulé,"Oferecemos serviços de manutenção especializados para o seu ar condicionado portátil, garantindo que ele funcione de forma eficiente e confiável.",Loule
manutencao-em-central-de-ar-loule,Manutenção em central de ar em Loulé,"Oferecemos serviços de manutenção especializada em sistemas de ar condicionado central, garantindo o seu funcionamento eficiente e duradouro.",Loule
manutencao-em-refrigeracao-comercial-loule,Manutenção em refrigeração comercial em Loulé,"Oferecemos serviços de manutenção de sistemas de refrigeração comercial, garantindo eficiência e funcionalidade para o seu negócio.",Loule
manutencao-fan-coil-loule,Manutenção de fan coil em Loulé,"Oferecemos serviços especializados de manutenção para sistemas de fan coil, garantindo que seu ar condicionado funcione de forma eficiente e eficaz em sua residência ou empresa.",Loule
manutencao-lg-dual-inverter-loule,Manutenção de ar condicionado LG Dual Inverter em Loulé,"Oferecemos serviços de manutenção especializada para o seu ar condicionado LG Dual Inverter, garantindo o seu funcionamento eficiente e prolongando sua vida útil.",Loule
manutencao-no-ar-condicionado-loule,Manutenção no ar condicionado em Loulé,Oferecemos serviços de manutenção de ar condicionado para garantir o funcionamento eficiente e prolongar a vida útil do seu equipamento.,Loule
manutencao-periodica-ar-condicionado-loule,Manutenção periódica de ar condicionado em Loulé,"Oferecemos serviços de manutenção periódica para garantir o funcionamento ideal do seu ar condicionado, tanto em residências como em empresas.",Loule
manutencao-periodica-de-ar-condicionado-loule,Manutenção periódica de ar condicionado em Loulé,Oferecemos serviços de manutenção periódica para garantir o funcionamento eficiente do seu sistema de ar condicionado em residências e empresas.,Loule
manutencao-preditiva-ar-condicionado-loule,Manutenção preditiva de ar condicionado em Loulé,Oferecemos serviços de manutenção preditiva para garantir que o seu sistema de ar condicionado opere de forma eficiente e confiável.,Loule
manutencao-preditiva-de-ar-condicionado-loule,Manutenção preditiva de ar condicionado em Loulé,Oferecemos serviços de manutenção preditiva para garantir o ótimo funcionamento do seu ar condicionado. Contamos com uma equipa especializada para atender tanto residências como empresas.,Loule
manutencao-preventiva-ar-condicionado-split-loule,Manutenção preventiva de ar condicionado split em Loulé,Garanta o bom funcionamento e a eficiência do seu ar condicionado split com os nossos serviços de manutenção preventiva em Loulé. Estamos aqui para ajudar na manutenção e reparação.,Loule
manutencao-preventiva-condicionada-loule,Manutenção preventiva de ar condicionado em Loulé,"Oferecemos serviços de manutenção preventiva para garantir o funcionamento eficiente do seu sistema de ar condicionado, proporcionando conforto e economia de energia.",Loule
manutencao-preventiva-de-ar-condicionado-split-loule,Manutenção preventiva de ar condicionado split em Loulé,"Oferecemos serviços de manutenção preventiva para o seu ar condicionado split, garantindo o seu funcionamento eficiente e prolongando a sua vida útil.",Loule
manutencao-preventiva-do-ar-condicionado-loule,Manutenção preventiva do ar condicionado em Loulé,"Oferecemos serviços de manutenção preventiva para garantir o bom funcionamento do seu ar condicionado, tanto em residências como em empresas.",Loule
manutencao-preventiva-fan-coil-loule,Manutenção preventiva de fan coil em Loulé,"Oferecemos serviços de manutenção preventiva para sistemas de fan coil, garantindo que o seu equipamento funcione sempre em ótimas condições.",Loule
manutencao-preventiva-refrigeracao-loule,Manutenção preventiva de refrigeração em Loulé,"Oferecemos serviços de manutenção preventiva para sistemas de refrigeração, garantindo eficiência e durabilidade para sua instalação.",Loule
manutencao-preventiva-split-loule,Manutenção preventiva de ar condicionado split em Loulé,Assegure o bom funcionamento do seu ar condicionado com a nossa manutenção preventiva especializada.,Loule
manutencao-refrigeracao-comercial-loule,Manutenção de refrigeração comercial em Loulé,Oferecemos serviços de manutenção de sistemas de refrigeração comercial para garantir o funcionamento eficiente do seu negócio.,Loule
manutencao-sistemas-avac-loule,Manutenção de sistemas AVAC em Loulé,Oferecemos serviços de manutenção de sistemas AVAC para garantir o melhor funcionamento e eficiência do seu equipamento.,Loule
manutencao-split-inverter-loule,Manutenção de ar condicionado split inverter em Loulé,"Oferecemos serviços de manutenção para sistemas de ar condicionado split inverter, garantindo um desempenho eficiente e prolongando a vida útil do seu equipamento.",Loule
manutencao-springer-ar-condicionado-loule,Manutenção de ar condicionado Springer em Loulé,"Oferecemos serviços de manutenção especializada para sistemas de ar condicionado Springer, garantindo o seu funcionamento eficiente e duradouro em Loulé.",Loule
montagem-e-manutencao-de-ar-condicionado-loule,Montagem e manutenção de ar condicionado em Loulé,"Oferecemos serviços de montagem e manutenção de sistemas de ar condicionado para residências e empresas, garantindo conforto e eficiência.",Loule
oficina-de-manutencao-de-ar-condicionado-loule,Oficina de manutenção de ar condicionado em Loulé,Oferecemos serviços de manutenção e reparação de ar condicionado para garantir o conforto do seu espaço.,Loule
orcamento-manutencao-ar-condicionado-loule,Orçamento para manutenção de ar condicionado em Loulé,"Oferecemos serviços de manutenção para garantir o perfeito funcionamento do seu ar condicionado, seja em residências ou empresas. Entre em contato para um orçamento personalizado.",Loule
orcamento-manutencao-de-ar-condicionado-loule,Orçamento para manutenção de ar condicionado em Loulé,"Oferecemos serviços de manutenção de ar condicionado para residencial e comercial, garantindo o funcionamento ideal do seu equipamento.",Loule
orcamento-para-manutencao-de-ar-condicionado-loule,Orçamento para manutenção de ar condicionado em Loulé,"Oferecemos serviços de manutenção de ar condicionado para residências e empresas, garantindo que o seu equipamento funcione de forma eficiente.",Loule
preventiva-em-ar-condicionado-loule,Manutenção preventiva em ar condicionado em Loulé,Oferecemos serviços de manutenção preventiva para garantir que o seu sistema de ar condicionado funcione de forma eficiente e prolongue a sua vida útil.,Loule
refrigeracao-e-manutencao-loule,Refrigeração e manutenção em Loulé,"Oferecemos serviços de refrigeração e manutenção para residências e empresas, garantindo um ambiente confortável durante todo o ano.",Loule
servico-de-manutencao-ar-condicionado-loule,Serviço de manutenção de ar condicionado em Loulé,"Oferecemos serviços de manutenção para garantir o funcionamento ideal do seu ar condicionado, seja em ambientes residenciais ou comerciais.",Loule
servicos-de-manutencao-preventiva-e-corretiva-de-ar-condicionado-loule,Serviços de manutenção preventiva e corretiva de ar condicionado em Loulé,"Oferecemos serviços de manutenção que garantem o funcionamento ótimo do seu ar condicionado, tanto para residências como para empresas.",Loule
split-manutencao-loule,Manutenção de ar condicionado split em Loulé,"Oferecemos serviços de manutenção profissionais para sistemas de ar condicionado split, garantindo o seu perfeito funcionamento.",Loule
manutencao-ar-condicionado-carvoeiro,Manutenção de ar condicionado em Carvoeiro,Oferecemos serviços de manutenção de ar condicionado para garantir o funcionamento eficiente do seu sistema. Entre em contato conosco para agendar uma visita.,Carvoeiro
manutencao-de-ar-condicionado-carvoeiro,Manutenção de ar condicionado em Carvoeiro,Oferecemos serviços de manutenção de ar condicionado para garantir o perfeito funcionamento do seu sistema de climatização.,Carvoeiro
ar-condicionado-manutencao-carvoeiro,Manutenção de ar condicionado em Carvoeiro,"Oferecemos serviços de manutenção para garantir o funcionamento ideal do seu sistema de ar condicionado, atendendo tanto residências como empresas.",Carvoeiro
manutencao-em-ar-condicionado-carvoeiro,Manutenção em ar condicionado em Carvoeiro,"Oferecemos serviços de manutenção de ar condicionado para garantir o seu conforto e eficiência, tanto em instalações residenciais como comerciais.",Carvoeiro
empresa-de-manutencao-de-ar-condicionado-carvoeiro,Empresa de manutenção de ar condicionado em Carvoeiro,"Oferecemos serviços de manutenção e reparação de ar condicionado para residências e empresas, garantindo o funcionamento ideal do seu equipamento.",Carvoeiro
manutencao-preventiva-ar-condicionado-carvoeiro,Manutenção preventiva de ar condicionado em Carvoeiro,"Oferecemos serviços de manutenção preventiva para garantir o funcionamento eficiente do seu ar condicionado, seja para sua residência ou empresa.",Carvoeiro
manutencao-ar-condicionado-residencial-carvoeiro,Manutenção de ar condicionado residencial em Carvoeiro,Oferecemos serviços de manutenção de ar condicionado residencial para garantir que o seu sistema funcione de forma eficiente e confiável. Entre em contato conosco para uma avaliação e serviço de qualidade.,Carvoeiro
instalacao-e-manutencao-de-ar-condicionado-carvoeiro,Instalação e manutenção de ar condicionado em Carvoeiro,"Oferecemos serviços de instalação e manutenção de ar condicionado para residências e empresas em Carvoeiro. Trabalhamos com todas as principais marcas como LG, Daikin e Samsung.",Carvoeiro
manutencao-de-ar-condicionado-residencial-carvoeiro,Manutenção de ar condicionado residencial em Carvoeiro,Oferecemos serviços de manutenção de ar condicionado residencial para garantir o seu conforto e eficiência.,Carvoeiro
manutencao-de-ar-condicionado-split-carvoeiro,Manutenção de ar condicionado split em Carvoeiro,"Oferecemos serviços de manutenção especializada para ar condicionado split, garantindo conforto e eficiência em sua casa ou empresa.",Carvoeiro
manutencao-ar-condicionado-perto-de-mim-carvoeiro,Manutenção de ar condicionado perto de mim,"Oferecemos serviços de manutenção de ar condicionado em Carvoeiro, garantindo o desempenho ideal do seu sistema de climatização.",Carvoeiro
manutencao-ar-condicionado-split-carvoeiro,Manutenção de ar condicionado split em Carvoeiro,"Oferecemos serviços de manutenção especializada para sistemas de ar condicionado split, garantindo o desempenho ideal e a eficiência do seu equipamento.",Carvoeiro
manutencao-preventiva-de-ar-condicionado-carvoeiro,Manutenção preventiva de ar condicionado em Carvoeiro,Oferecemos serviços de manutenção preventiva para garantir o funcionamento eficaz e duradouro do seu ar condicionado.,Carvoeiro
empresa-manutencao-ar-condicionado-carvoeiro,Empresa de manutenção de ar condicionado em Carvoeiro,"Oferecemos serviços de manutenção para sistemas de ar condicionado, garantindo o seu funcionamento eficaz e prolongando a sua vida útil.",Carvoeiro
manutencao-e-instalacao-de-ar-condicionado-carvoeiro,Manutenção e instalação de ar condicionado em Carvoeiro,"Oferecemos serviços profissionais de manutenção e instalação de ar condicionado para residências e empresas, garantindo conforto e eficiência.",Carvoeiro
manutencao-em-ar-condicionado-residencial-carvoeiro,Manutenção em ar condicionado residencial em Carvoeiro,"Oferecemos serviços de manutenção para sistemas de ar condicionado residenciais, garantindo conforto e eficiência em sua casa.",Carvoeiro
manutencao-ar-condicionado-lg-carvoeiro,Manutenção de ar condicionado LG em Carvoeiro,"Oferecemos serviços de manutenção para sistemas de ar condicionado da marca LG, garantindo que seu equipamento funcione perfeitamente. Também realizamos manutenção para todas as principais marcas.",Carvoeiro
manutencao-ar-condicionado-portatil-carvoeiro,Manutenção de ar condicionado portátil em Carvoeiro,"Oferecemos serviços de manutenção especializados para garantir o bom funcionamento do seu ar condicionado portátil, tanto para residências como para empresas.",Carvoeiro
manutencao-ar-condicionado-daikin-carvoeiro,Manutenção de ar condicionado Daikin em Carvoeiro,"Oferecemos serviços de manutenção especializados para sistemas de ar condicionado Daikin, garantindo o seu conforto e eficiência.",Carvoeiro
manutencao-do-ar-condicionado-carvoeiro,Manutenção do ar condicionado em Carvoeiro,"Oferecemos serviços de manutenção de ar condicionado para garantir o seu funcionamento ideal, tanto para residências como para empresas.",Carvoeiro
manutencao-de-ar-condicionado-portatil-carvoeiro,Manutenção de ar condicionado portátil em Carvoeiro,"Oferecemos serviços de manutenção especializados para ar condicionado portátil, garantindo que seu aparelho funcione de forma eficiente e eficaz.",Carvoeiro
servico-de-manutencao-de-ar-condicionado-carvoeiro,Serviço de manutenção de ar condicionado em Carvoeiro,"Oferecemos serviços de manutenção para todos os tipos de sistemas de ar condicionado, garantindo o seu funcionamento eficiente e duradouro.",Carvoeiro
manutencao-de-ar-condicionado-central-carvoeiro,Manutenção de ar condicionado central em Carvoeiro,"Oferecemos serviços de manutenção eficiente para sistemas de ar condicionado central em residências e empresas, garantindo o funcionamento ideal do seu equipamento.",Carvoeiro
ar-condicionado-instalacao-e-manutencao-carvoeiro,Instalação e manutenção de ar condicionado em Carvoeiro,"Oferecemos serviços de instalação e manutenção de sistemas de ar condicionado para residências e empresas, garantindo conforto e eficiência.",Carvoeiro
higienizacao-ar-condicionado-split-carvoeiro,Higienização de ar condicionado split em Carvoeiro,Garanta a eficiência e a qualidade do seu ar condicionado split com nossos serviços de higienização profissional.,Carvoeiro
manutencao-de-ar-carvoeiro,Manutenção de ar condicionado em Carvoeiro,"Oferecemos serviços de manutenção de ar condicionado para garantir o funcionamento eficiente e duradouro do seu sistema, seja em residências ou empresas.",Carvoeiro
refrigeracao-manutencao-carvoeiro,Manutenção de refrigeração em Carvoeiro,"Oferecemos serviços de manutenção para sistemas de refrigeração, garantindo que o seu equipamento funcione de forma eficiente e confiável.",Carvoeiro
manutencao-de-ar-condicionado-industrial-carvoeiro,Manutenção de ar condicionado industrial em Carvoeiro,Oferecemos serviços de manutenção de ar condicionado industrial para garantir o funcionamento eficiente e duradouro do seu equipamento.,Carvoeiro
empresas-que-fazem-manutencao-de-ar-condicionado-carvoeiro,Empresa de ar condicionado em Carvoeiro,"Oferecemos serviços de manutenção de ar condicionado para residências e empresas, garantindo o melhor desempenho do seu sistema.",Carvoeiro
manutencao-ar-condicionado-samsung-carvoeiro,Manutenção de ar condicionado Samsung em Carvoeiro,"Oferecemos serviços de manutenção especializados para o seu ar condicionado Samsung, garantindo um funcionamento eficiente e duradouro.",Carvoeiro
ar-condicionado-manutencao-preventiva-carvoeiro,Manutenção preventiva de ar condicionado em Carvoeiro,Garanta o funcionamento eficiente do seu ar condicionado com nossos serviços de manutenção preventiva em Carvoeiro. Estamos à disposição para atender tanto residências quanto empresas.,Carvoeiro
assistencia-tecnica-ar-condicionado-fujitsu-carvoeiro,Assistência técnica de ar condicionado Fujitsu em Carvoeiro,"Oferecemos serviços de reparação e manutenção de ar condicionado Fujitsu, garantindo que você tenha o conforto que precisa em sua casa ou empresa.",Carvoeiro
ar-condicionado-assistencia-carvoeiro,Assistência de ar condicionado em Carvoeiro,"Oferecemos serviços de assistência técnica para qualquer marca de ar condicionado, garantindo conforto e qualidade no seu ambiente.",Carvoeiro
empresa-de-manutencao-ar-condicionado-carvoeiro,Empresa de manutenção de ar condicionado em Carvoeiro,"Oferecemos serviços de manutenção para todos os tipos de sistemas de ar condicionado, garantindo eficiência e conforto para sua casa ou empresa.",Carvoeiro
manutencao-em-ar-condicionado-split-carvoeiro,Manutenção em ar condicionado split em Carvoeiro,"Oferecemos serviços profissionais de manutenção para ar condicionado split, garantindo o seu funcionamento eficiente em ambientes residenciais e comerciais.",Carvoeiro
manutencao-ar-condicionado-fujitsu-carvoeiro,Manutenção de ar condicionado Fujitsu em Carvoeiro,"Oferecemos serviços de manutenção especializada para sistemas de ar condicionado Fujitsu, garantindo um desempenho ideal e conforto em sua casa ou empresa.",Carvoeiro
ar-condicionado-manutencao-e-instalacao-carvoeiro,Manutenção e instalação de ar condicionado em Carvoeiro,"Oferecemos serviços de manutenção e instalação de sistemas de ar condicionado, garantindo conforto e eficiência para sua casa ou empresa.",Carvoeiro
manutencao-ar-condicionado-24-horas-carvoeiro,Manutenção de ar condicionado 24 horas em Carvoeiro,"Oferecemos serviços de manutenção de ar condicionado 24 horas para garantir que o seu sistema funcione perfeitamente, esteja você em casa ou no seu negócio.",Carvoeiro
orcamento-de-manutencao-de-ar-condicionado-carvoeiro,Orçamento de manutenção de ar condicionado em Carvoeiro,"Oferecemos serviços de manutenção de ar condicionado para residências e empresas, garantindo o funcionamento eficiente do seu sistema.",Carvoeiro
manutencao-corretiva-ar-condicionado-carvoeiro,Manutenção corretiva de ar condicionado em Carvoeiro,"Oferecemos serviços de manutenção corretiva para garantir o funcionamento eficiente do seu ar condicionado, tanto em instalações residenciais como comerciais.",Carvoeiro
empresa-manutencao-de-ar-condicionado-carvoeiro,Empresa de manutenção de ar condicionado em Carvoeiro,"Oferecemos serviços de manutenção de ar condicionado para residências e empresas, garantindo conforto e eficiência no seu sistema.",Carvoeiro
ar-condicionado-split-manutencao-carvoeiro,Manutenção de ar condicionado split em Carvoeiro,"Oferecemos serviços de manutenção de ar condicionado split para garantir o seu funcionamento ideal, tanto para residências como para empresas.",Carvoeiro
manutencao-de-ar-condicionado-perto-de-mim-carvoeiro,Manutenção de ar condicionado em Carvoeiro,Oferecemos serviços de manutenção de ar condicionado para residências e empresas em Carvoeiro. A nossa equipe está pronta para garantir que o seu sistema de ar condicionado funcione de forma eficiente.,Carvoeiro
manutencao-split-carvoeiro,Manutenção de ar condicionado split em Carvoeiro,"Oferecemos serviços de manutenção de sistemas de ar condicionado split, garantindo o máximo desempenho e conforto para sua casa ou empresa.",Carvoeiro
daikin-manutencao-carvoeiro,Manutenção de ar condicionado Daikin em Carvoeiro,"Oferecemos serviços de manutenção especializados para sistemas de ar condicionado Daikin, garantindo o melhor desempenho e eficiência do seu equipamento.",Carvoeiro
manutencao-ar-condicionado-lg-dual-inverter-carvoeiro,Manutenção de ar condicionado LG Dual Inverter em Carvoeiro,"Oferecemos serviços de manutenção especializados para o seu ar condicionado LG Dual Inverter, garantindo performance e eficiência para o seu conforto.",Carvoeiro
revisao-de-ar-condicionado-carvoeiro,Revisão de ar condicionado em Carvoeiro,Mantenha o seu ar condicionado em ótimo estado com os nossos serviços de revisão especializados.,Carvoeiro
manutencao-preventiva-em-ar-condicionado-carvoeiro,Manutenção preventiva em ar condicionado em Carvoeiro,Oferecemos serviços de manutenção preventiva para garantir o perfeito funcionamento do seu ar condicionado em residências e empresas.,Carvoeiro
manutencao-ar-condicionado-janela-carvoeiro,Manutenção de ar condicionado de janela em Carvoeiro,"Oferecemos serviços de manutenção especializados para ar condicionado de janela, garantindo um funcionamento eficiente e duradouro em sua casa ou empresa.",Carvoeiro
manutencao-em-ar-condicionado-industrial-carvoeiro,Manutenção em ar condicionado industrial em Carvoeiro,"Oferecemos serviços de manutenção especializados para sistemas de ar condicionado industrial, garantindo o melhor desempenho e eficiência para a sua empresa.",Carvoeiro
manutencao-preventiva-e-corretiva-ar-condicionado-carvoeiro,Manutenção preventiva e corretiva de ar condicionado em Carvoeiro,Oferecemos serviços de manutenção preventiva e corretiva para garantir o funcionamento ideal do seu ar condicionado em residências e empresas.,Carvoeiro
manutencao-ar-condicionado-central-carvoeiro,Manutenção de ar condicionado central em Carvoeiro,"Oferecemos serviços de manutenção especializada para sistemas de ar condicionado central, garantindo o melhor desempenho e eficiência energética.",Carvoeiro
manutencao-ar-condicionado-industrial-carvoeiro,Manutenção de ar condicionado industrial em Carvoeiro,"Oferecemos serviços de manutenção para sistemas de ar condicionado industrial, garantindo eficiência e durabilidade em suas instalações.",Carvoeiro
manutencao-ar-condicionado-de-janela-carvoeiro,Manutenção de ar condicionado de janela em Carvoeiro,"Oferecemos serviços de manutenção para ar condicionado de janela, garantindo conforto e eficiência energética na sua casa ou empresa.",Carvoeiro
preventiva-de-ar-condicionado-carvoeiro,Manutenção preventiva de ar condicionado em Carvoeiro,"Oferecemos serviços de manutenção preventiva para garantir o melhor desempenho do seu ar condicionado, tanto em residências como em empresas.",Carvoeiro
manutencao-de-ar-condicionado-lg-carvoeiro,Manutenção de ar condicionado LG em Carvoeiro,"Oferecemos serviços de manutenção para sistemas de ar condicionado LG e de todas as marcas, garantindo o melhor desempenho do seu equipamento.",Carvoeiro
assistencia-de-ar-condicionado-carvoeiro,Assistência de ar condicionado em Carvoeiro,"Oferecemos serviços de assistência técnica para todos os tipos de ar condicionados, garantindo o seu conforto em Carvoeiro.",Carvoeiro
manutencao-de-ar-condicionado-de-janela-carvoeiro,Manutenção de ar condicionado de janela em Carvoeiro,Oferecemos serviços de manutenção de ar condicionado de janela para garantir que o seu aparelho funcione de forma eficiente e duradoura.,Carvoeiro
ar-condicionado-residencial-manutencao-carvoeiro,Manutenção de ar condicionado residencial em Carvoeiro,Oferecemos serviços de manutenção para garantir o funcionamento eficiente do seu ar condicionado residencial.,Carvoeiro
preventiva-ar-condicionado-carvoeiro,Manutenção preventiva de ar condicionado em Carvoeiro,Garanta o desempenho ideal do seu sistema de ar condicionado com nossos serviços de manutenção preventiva em Carvoeiro. Oferecemos soluções para residências e empresas.,Carvoeiro
manutencao-de-split-carvoeiro,Manutenção de ar condicionado split em Carvoeiro,Oferecemos serviços de manutenção de ar condicionado split para garantir o desempenho ideal do seu equipamento.,Carvoeiro
empresa-de-manutencao-em-ar-condicionado-carvoeiro,Empresa de manutenção em ar condicionado em Carvoeiro,Oferecemos serviços de manutenção e reparação de ar condicionado para residências e empresas em Carvoeiro.,Carvoeiro
manutencao-ar-condicionado-springer-carvoeiro,Manutenção de ar condicionado Springer em Carvoeiro,"Oferecemos serviços de manutenção profissional para sistemas de ar condicionado Springer, garantindo que o seu equipamento funcione de forma eficiente e confiável.",Carvoeiro
manutencao-para-ar-condicionado-carvoeiro,Manutenção para ar condicionado em Carvoeiro,"Oferecemos serviços de manutenção para ar condicionado, garantindo um funcionamento eficiente dos seus sistemas, tanto em instalações residenciais como comerciais.",Carvoeiro
manutencao-ar-split-carvoeiro,Manutenção de ar condicionado split em Carvoeiro,Oferecemos serviços de manutenção para garantir o funcionamento eficiente do seu ar condicionado split. Entre em contato para uma avaliação!,Carvoeiro
manutencao-preventiva-e-corretiva-de-ar-condicionado-carvoeiro,Manutenção preventiva e corretiva de ar condicionado em Carvoeiro,"Oferecemos serviços completos de manutenção preventiva e corretiva para garantir o ótimo funcionamento do seu sistema de ar condicionado, seja em residências ou empresas.",Carvoeiro
empresa-de-higienizacao-de-ar-condicionado-carvoeiro,Empresa de higienização de ar condicionado em Carvoeiro,"Oferecemos serviços de higienização para ar condicionado, garantindo a qualidade do ar e eficiência do seu equipamento.",Carvoeiro
air-systems-manutencao-de-ar-condicionado-carvoeiro,Manutenção de ar condicionado em Carvoeiro,"Oferecemos serviços de manutenção para sistemas de ar condicionado, garantindo que o seu sistema funcione de maneira eficiente e prolongando a sua vida útil.",Carvoeiro
ar-condicionado-carrier-manutencao-carvoeiro,Manutenção de ar condicionado Carrier em Carvoeiro,"Oferecemos serviços de manutenção especializados para unidades de ar condicionado Carrier, garantindo que seu sistema funcione de maneira eficiente e prolongue a sua vida útil.",Carvoeiro
ar-condicionado-central-manutencao-carvoeiro,Manutenção de ar condicionado central em Carvoeiro,"Oferecemos serviços de manutenção completos para sistemas de ar condicionado central, garantindo que o seu equipamento funcione de forma eficiente e duradouro.",Carvoeiro
ar-condicionado-daikin-manutencao-carvoeiro,Manutenção de ar condicionado Daikin em Carvoeiro,"Oferecemos serviços de manutenção especializados para sistemas de ar condicionado Daikin, garantindo que o seu equipamento funcione de forma eficiente e duradoura.",Carvoeiro
ar-condicionado-de-janela-manutencao-carvoeiro,Manutenção de ar condicionado de janela em Carvoeiro,"Oferecemos serviços de manutenção especializados para ar condicionado de janela, assegurando que o seu sistema funcione de forma eficiente e eficaz.",Carvoeiro
ar-condicionado-empresas-de-manutencao-carvoeiro,Empresa de ar condicionado em Carvoeiro,"Oferecemos serviços de manutenção de sistemas de ar condicionado para residências e empresas, garantindo o seu conforto e eficiência.",Carvoeiro
ar-condicionado-fujitsu-manutencao-carvoeiro,Manutenção de ar condicionado Fujitsu em Carvoeiro,"Oferecemos serviços de manutenção de ar condicionado Fujitsu, garantindo que o seu sistema funcione de forma eficiente e prolongando a sua vida útil.",Carvoeiro
ar-condicionado-instalacao-manutencao-carvoeiro,Instalação e manutenção de ar condicionado em Carvoeiro,"Oferecemos serviços de instalação e manutenção de sistemas de ar condicionado para residências e empresas. Trabalhamos com todas as principais marcas, garantindo eficiência e conforto.",Carvoeiro
ar-condicionado-inverter-manutencao-carvoeiro,Manutenção de ar condicionado inverter em Carvoeiro,"Oferecemos serviços de manutenção especializada para sistemas de ar condicionado inverter, garantindo o seu funcionamento eficiente e prolongando a sua vida útil.",Carvoeiro
ar-condicionado-janela-manutencao-carvoeiro,Manutenção de ar condicionado de janela em Carvoeiro,"Oferecemos serviços de manutenção profissional para o seu ar condicionado de janela, garantindo o funcionamento eficiente e prolongando a sua vida útil.",Carvoeiro
ar-condicionado-lg-manutencao-carvoeiro,Manutenção de ar condicionado LG em Carvoeiro,"Oferecemos serviços de manutenção para o seu ar condicionado LG, garantindo que o seu equipamento funcione de forma eficiente e duradoura.",Carvoeiro
ar-condicionado-portatil-manutencao-carvoeiro,Manutenção de ar condicionado portátil em Carvoeiro,Oferecemos serviços de manutenção para garantir que o seu ar condicionado portátil funcione sempre em ótimas condições.,Carvoeiro
ar-condicionado-precisa-de-manutencao-carvoeiro,Manutenção de ar condicionado em Carvoeiro,Oferecemos serviços de manutenção de ar condicionado para garantir que seu aparelho funcione de forma eficiente e duradoura.,Carvoeiro
ar-condicionado-samsung-manutencao-carvoeiro,Manutenção de ar condicionado Samsung em Carvoeiro,"Oferecemos serviços de manutenção especializada para o seu ar condicionado Samsung, garantindo o melhor desempenho e conforto no seu espaço.",Carvoeiro
ar-condicionado-springer-manutencao-carvoeiro,Manutenção de ar condicionado Springer em Carvoeiro,"Oferecemos serviços de manutenção especializados para sistemas de ar condicionado Springer, garantindo o seu funcionamento eficiente e prolongando a sua vida útil.",Carvoeiro
ar-ice-clean-manutencao-higienizacao-e-instalacao-de-ar-condicionado-carvoeiro,"Manutenção, higienização e instalação de ar condicionado em Carvoeiro","Oferecemos serviços completos de instalação, manutenção e higienização de sistemas de ar condicionado para residências e empresas, garantindo eficiência e conforto.",Carvoeiro
ar-manutencao-carvoeiro,Manutenção de ar condicionado em Carvoeiro,Oferecemos serviços de manutenção de ar condicionado para garantir o seu bom funcionamento e prolongar a vida útil do seu equipamento.,Carvoeiro
arcotec-ar-condicionado-instalacao-e-manutencao-carvoeiro,Instalação e manutenção de ar condicionado Arcotec em Carvoeiro,Oferecemos serviços de instalação e manutenção para sistemas de ar condicionado Arcotec e todas as principais marcas em Carvoeiro. Entre em contato conosco para garantir um ambiente confortável.,Carvoeiro
assistencia-em-ar-condicionado-carvoeiro,Assistência em ar condicionado em Carvoeiro,"Oferecemos serviços de assistência técnica, incluindo reparação e manutenção de sistemas de ar condicionado para residências e empresas.",Carvoeiro
assistencia-tecnica-ar-carvoeiro,Assistência técnica de ar em Carvoeiro,"Oferecemos serviços de assistência técnica para ar condicionado, garantindo conforto e eficiência em sua casa ou empresa.",Carvoeiro
assistencia-tecnica-ar-condicionado-hitachi-carvoeiro,Assistência técnica de ar condicionado Hitachi em Carvoeiro,"Oferecemos serviços de reparação e manutenção de unidades Hitachi, garantindo o funcionamento ideal do seu sistema de climatização.",Carvoeiro
assistencia-tecnica-em-ar-condicionado-carvoeiro,Assistência técnica em ar condicionado em Carvoeiro,Oferecemos serviços de reparação e manutenção de ar condicionado para residências e empresas em Carvoeiro.,Carvoeiro
carrier-manutencao-ar-condicionado-carvoeiro,Manutenção de ar condicionado Carrier em Carvoeiro,"Oferecemos serviços de manutenção para sistemas de ar condicionado Carrier, garantindo o seu funcionamento ideal e aumentando a durabilidade do equipamento.",Carvoeiro
empresa-de-ar-condicionado-manutencao-carvoeiro,Empresa de ar condicionado em Carvoeiro,Oferecemos serviços de manutenção especializada em sistemas de ar condicionado para residências e empresas.,Carvoeiro
empresa-de-instalacao-e-manutencao-de-ar-condicionado-carvoeiro,Empresa de instalação e manutenção de ar condicionado em Carvoeiro,"Oferecemos serviços de instalação e manutenção de sistemas de ar condicionado para residências e empresas, garantindo conforto em qualquer espaço.",Carvoeiro
empresas-de-instalacao-e-manutencao-de-ar-condicionado-carvoeiro,Empresa de instalação e manutenção de ar condicionado em Carvoeiro,"Oferecemos serviços profissionais de instalação e manutenção de ar condicionado para residências e empresas em Carvoeiro. Trabalhamos com todas as principais marcas como LG, Daikin e Samsung, garantindo conforto e qualidade.",Carvoeiro
fan-coil-manutencao-carvoeiro,Manutenção de fan coil em Carvoeiro,"Oferecemos serviços de manutenção para fan coils, garantindo o seu funcionamento eficiente e duradouro.",Carvoeiro
fujitsu-ar-condicionado-assistencia-tecnica-carvoeiro,Assistência técnica de ar condicionado Fujitsu em Carvoeiro,"Oferecemos serviços de instalação, reparação e manutenção de ar condicionado Fujitsu, garantindo que seu sistema funcione sempre na melhor condição.",Carvoeiro
fujitsu-ar-condicionado-manutencao-carvoeiro,Manutenção de ar condicionado Fujitsu em Carvoeiro,"Oferecemos serviços de manutenção especializados para sistemas de ar condicionado Fujitsu, garantindo eficiência e conforto em sua residência ou empresa.",Carvoeiro
higienizar-ar-condicionado-split-carvoeiro,Higienização de ar condicionado split em Carvoeiro,"Oferecemos serviços de higienização profissional para unidades de ar condicionado split, garantindo um ambiente saudável e agradável na sua casa ou empresa.",Carvoeiro
higienizacao-de-ar-condicionado-de-janela-carvoeiro,Higienização de ar condicionado de janela em Carvoeiro,"Oferecemos serviços de higienização eficientes para o seu ar condicionado de janela, garantindo um ambiente mais saudável and confortável em sua casa ou escritório.",Carvoeiro
instalacao-de-ar-condicionado-e-manutencao-carvoeiro,Instalação de ar condicionado e manutenção em Carvoeiro,"Oferecemos serviços de instalação e manutenção de ar condicionado para residências e empresas, garantindo conforto e qualidade no seu ambiente.",Carvoeiro
instalacao-e-manutencao-ar-condicionado-carvoeiro,Instalação e manutenção de ar condicionado em Carvoeiro,"Oferecemos serviços completos de instalação e manutenção para sistemas de ar condicionado, garantindo conforto e eficiência para residências e empresas.",Carvoeiro
instalacao-e-manutencao-de-ar-condicionado-split-carvoeiro,Instalação e manutenção de ar condicionado split em Carvoeiro,"Oferecemos serviços completos de instalação e manutenção de sistemas de ar condicionado split, garantindo conforto e eficiência para sua casa ou empresa.",Carvoeiro
instalacao-e-manutencao-de-split-carvoeiro,Instalação e manutenção de ar condicionado split em Carvoeiro,"Oferecemos serviços de instalação e manutenção para sistemas de ar condicionado split, garantindo conforto e eficiência energética para residências e empresas.",Carvoeiro
instalacao-e-manutencao-em-ar-condicionado-carvoeiro,Instalação e manutenção de ar condicionado em Carvoeiro,Oferecemos serviços de instalação e manutenção de ar condicionado tanto para residências como para empresas em Carvoeiro. Entre em contato para garantir o conforto no seu ambiente.,Carvoeiro
instalacao-manutencao-ar-condicionado-carvoeiro,Instalação e manutenção de ar condicionado em Carvoeiro,"Oferecemos serviços de instalação e manutenção de ar condicionado para residências e empresas, trabalhando com todas as principais marcas como LG, Daikin e Samsung.",Carvoeiro
manutencao-ar-carvoeiro,Manutenção de ar condicionado em Carvoeiro,"Oferecemos serviços de manutenção para todos os tipos de sistemas de ar condicionado, garantindo o seu funcionamento eficiente e duradouro.",Carvoeiro
manutencao-ar-cond-carvoeiro,Manutenção de ar condicionado em Carvoeiro,"Oferecemos serviços de manutenção de ar condicionado para garantir o funcionamento eficiente do seu equipamento, seja em residências ou empresas.",Carvoeiro
manutencao-de-ar-split-carvoeiro,Manutenção de ar condicionado split em Carvoeiro,"Oferecemos serviços de manutenção de ar condicionado split para garantir que o seu sistema funcione sempre em perfeitas condições, atendendo a residências e empresas.",Carvoeiro
manutencao-em-ar-carvoeiro,Manutenção de ar condicionado em Carvoeiro,"Oferecemos serviços completos de manutenção para o seu sistema de ar condicionado, garantindo o seu perfeito funcionamento e eficiência.",Carvoeiro
manutencao-ar-condicionado-carrier-carvoeiro,Manutenção de ar condicionado Carrier em Carvoeiro,"Oferecemos serviços de manutenção especializados para sistemas de ar condicionado Carrier, garantindo um funcionamento eficiente e prolongando a vida útil do seu equipamento.",Carvoeiro
manutencao-ar-condicionado-comfee-carvoeiro,Manutenção de ar condicionado Comfee em Carvoeiro,"Oferecemos serviços de manutenção especializada para seus sistemas Comfee, garantindo o desempenho ideal do seu ar condicionado.",Carvoeiro
manutencao-ar-condicionado-delonghi-carvoeiro,Manutenção de ar condicionado Delonghi em Carvoeiro,"Oferecemos serviços de manutenção para o seu ar condicionado Delonghi, garantindo o seu ideal funcionamento e conforto.",Carvoeiro
manutencao-ar-condicionado-gree-carvoeiro,Manutenção de ar condicionado Gree em Carvoeiro,"Oferecemos serviços de manutenção especializados para ar condicionado Gree, garantindo que o seu sistema funcione de forma eficiente e prolongando a sua vida útil.",Carvoeiro
manutencao-ar-condicionado-hitachi-carvoeiro,Manutenção de ar condicionado Hitachi em Carvoeiro,"Oferecemos serviços de manutenção especializados para sistemas de ar condicionado Hitachi, garantindo o perfeito funcionamento do seu equipamento.",Carvoeiro
manutencao-ar-condicionado-inverter-carvoeiro,Manutenção de ar condicionado inverter em Carvoeiro,"Oferecemos serviços de manutenção especializados para sistemas de ar condicionado inverter, garantindo o seu funcionamento eficiente e prolongando a sua vida útil.",Carvoeiro
manutencao-ar-condicionado-k7-carvoeiro,Manutenção de ar condicionado K7 em Carvoeiro,"Oferecemos serviços de manutenção para sistemas de ar condicionado K7, garantindo um funcionamento eficiente e duradouro.",Carvoeiro
manutencao-ar-condicionado-lg-inverter-carvoeiro,Manutenção de ar condicionado LG Inverter em Carvoeiro,"Oferecemos serviços de manutenção especializados para sistemas de ar condicionado LG Inverter, garantindo o funcionamento eficiente e prolongando a vida útil do seu equipamento.",Carvoeiro
manutencao-ar-condicionado-portatil-delonghi-carvoeiro,Manutenção de ar condicionado portátil Delonghi em Carvoeiro,"Oferecemos serviços completos de manutenção para o seu ar condicionado portátil Delonghi, garantindo que ele funcione de forma eficiente e prolongue a sua vida útil.",Carvoeiro
manutencao-ar-condicionado-portatil-midea-carvoeiro,Manutenção de ar condicionado portátil Midea em Carvoeiro,"Oferecemos serviços de manutenção para o seu ar condicionado portátil Midea, garantindo o seu funcionamento ideal durante todo o ano.",Carvoeiro
manutencao-ar-condicionado-samsung-inverter-carvoeiro,Manutenção de ar condicionado Samsung inverter em Carvoeiro,"Garantimos um serviço de qualidade para manter o seu ar condicionado Samsung inverter em perfeito estado, seja para uso residencial ou comercial.",Carvoeiro
manutencao-ar-condicionado-split-gree-carvoeiro,Manutenção de ar condicionado split Gree em Carvoeiro,"Oferecemos serviços de manutenção para o seu ar condicionado split Gree, garantindo um funcionamento eficiente e prolongando a vida útil do seu equipamento em Carvoeiro.",Carvoeiro
manutencao-ar-condicionado-split-samsung-carvoeiro,Manutenção de ar condicionado split Samsung em Carvoeiro,"Oferecemos serviços de manutenção especializados para o seu ar condicionado split Samsung, garantindo o seu funcionamento eficiente e prolongando a sua vida útil.",Carvoeiro
manutencao-ar-condicionado-springer-carrier-carvoeiro,Manutenção de ar condicionado Springer e Carrier em Carvoeiro,"Oferecemos serviços de manutenção para os sistemas de ar condicionado das marcas Springer e Carrier, garantindo que seu equipamento funcione de forma eficiente e duradoura.",Carvoeiro
manutencao-ar-portatil-carvoeiro,Manutenção de ar portátil em Carvoeiro,"Oferecemos serviços de manutenção especializada para o seu ar condicionado portátil, garantindo o seu funcionamento eficaz e duradouro.",Carvoeiro
manutencao-avac-carvoeiro,Manutenção de AVAC em Carvoeiro,"Oferecemos serviços de manutenção para sistemas de climatização, garantindo o funcionamento eficiente e duradouro do seu equipamento.",Carvoeiro
manutencao-central-de-ar-carvoeiro,Manutenção de central de ar em Carvoeiro,Oferecemos serviços de manutenção de sistemas de ar condicionado central para garantir o seu funcionamento eficiente e prolongar a sua vida útil.,Carvoeiro
manutencao-climatizador-springer-carvoeiro,Manutenção de climatizador Springer em Carvoeiro,"Oferecemos serviços especializados de manutenção para climatizadores Springer, garantindo eficiência e conforto em sua casa ou empresa.",Carvoeiro
manutencao-condicionador-de-ar-carvoeiro,Manutenção de condicionador de ar em Carvoeiro,"Oferecemos serviços de manutenção para todos os tipos de condicionadores de ar, garantindo o seu funcionamento eficiente em ambientes residenciais e comerciais.",Carvoeiro
manutencao-corretiva-de-ar-condicionado-carvoeiro,Manutenção corretiva de ar condicionado em Carvoeiro,Oferecemos serviços de manutenção corretiva para garantir o funcionamento otimizado do seu ar condicionado. Trabalhamos com todas as marcas e asseguramos a qualidade do nosso trabalho.,Carvoeiro
manutencao-corretiva-e-preventiva-de-ar-condicionado-carvoeiro,Manutenção corretiva e preventiva de ar condicionado em Carvoeiro,"Oferecemos serviços de manutenção corretiva e preventiva de ar condicionado para garantir o funcionamento ideal do seu sistema, seja em residências ou empresas.",Carvoeiro
manutencao-corretiva-em-ar-condicionado-carvoeiro,Manutenção corretiva em ar condicionado em Carvoeiro,"Oferecemos serviços de manutenção corretiva para garantir o funcionamento eficiente do seu ar condicionado, seja em ambientes residenciais ou comerciais.",Carvoeiro
manutencao-de-aparelhos-de-ar-condicionado-carvoeiro,Manutenção de aparelhos de ar condicionado em Carvoeiro,"Oferecemos serviços de manutenção completos para aparelhos de ar condicionado, garantindo o seu funcionamento eficiente e prolongando a sua vida útil.",Carvoeiro
manutencao-de-ar-central-carvoeiro,Manutenção de ar condicionado central em Carvoeiro,"Oferecemos serviços de manutenção de ar condicionado central para garantir o funcionamento eficiente do seu sistema, tanto em residências como em empresas.",Carvoeiro
manutencao-de-ar-condicionado-24-horas-carvoeiro,Manutenção de ar condicionado 24 horas em Carvoeiro,"Oferecemos serviços de manutenção de ar condicionado disponíveis 24 horas, para garantir que seu ambiente esteja sempre confortável.",Carvoeiro
manutencao-de-ar-condicionado-carrier-carvoeiro,Manutenção de ar condicionado Carrier em Carvoeiro,Oferecemos serviços de manutenção especializados para sistemas de ar condicionado Carrier e todas as principais marcas. Garantimos um desempenho eficiente e confiável.,Carvoeiro
manutencao-de-ar-condicionado-comercial-carvoeiro,Manutenção de ar condicionado comercial em Carvoeiro,"Oferecemos serviços de manutenção para sistemas de ar condicionado comerciais, garantindo eficiência e conforto para o seu negócio.",Carvoeiro
manutencao-de-ar-condicionado-daikin-carvoeiro,Manutenção de ar condicionado Daikin em Carvoeiro,"Oferecemos serviços de manutenção para sistemas de ar condicionado Daikin, garantindo o seu perfeito funcionamento e conforto em sua casa ou empresa.",Carvoeiro
manutencao-de-ar-condicionado-de-parede-carvoeiro,Manutenção de ar condicionado de parede em Carvoeiro,Oferecemos serviços de manutenção de ar condicionado de parede para garantir o seu funcionamento eficiente e prolongar a sua vida útil. Entre em contacto connosco para um serviço rápido e de qualidade.,Carvoeiro
manutencao-de-ar-condicionado-elgin-carvoeiro,Manutenção de ar condicionado Elgin em Carvoeiro,"Oferecemos serviços de manutenção eficientes e de qualidade para o seu ar condicionado Elgin, garantindo que o seu sistema funcione de forma otimizada.",Carvoeiro
manutencao-de-ar-condicionado-fujitsu-carvoeiro,Manutenção de ar condicionado Fujitsu em Carvoeiro,Oferecemos serviços de manutenção especializados para garantir o ótimo funcionamento do seu ar condicionado Fujitsu em Carvoeiro.,Carvoeiro
manutencao-de-ar-condicionado-gree-carvoeiro,Manutenção de ar condicionado Gree em Carvoeiro,"Oferecemos serviços de manutenção para sistemas de ar condicionado Gree, garantindo o seu funcionamento eficaz e prolongando a sua vida útil.",Carvoeiro
manutencao-de-ar-condicionado-inverter-carvoeiro,Manutenção de ar condicionado inverter em Carvoeiro,"Oferecemos serviços de manutenção especializada para sistemas de ar condicionado inverter, garantindo um desempenho eficiente e prolongando a vida útil do seu equipamento.",Carvoeiro
manutencao-de-ar-condicionado-janela-carvoeiro,Manutenção de ar condicionado de janela em Carvoeiro,Oferecemos serviços de manutenção de ar condicionado de janela para garantir o funcionamento eficiente e duradouro do seu sistema.,Carvoeiro
manutencao-de-ar-condicionado-mais-proximo-carvoeiro,Manutenção de ar condicionado mais próximo em Carvoeiro,"Oferecemos serviços de manutenção de ar condicionado para residências e empresas, garantindo o melhor desempenho do seu sistema.",Carvoeiro
manutencao-de-ar-condicionado-midea-carvoeiro,Manutenção de ar condicionado Midea em Carvoeiro,"Oferecemos serviços de manutenção para a sua unidade Midea, garantindo o funcionamento eficiente e prolongando a sua vida útil.",Carvoeiro
manutencao-de-ar-condicionado-portatil-springer-carvoeiro,Manutenção de ar condicionado portátil Springer em Carvoeiro,"Oferecemos serviços de manutenção especializados para o seu ar condicionado portátil Springer, garantindo o seu funcionamento eficiente e prolongando a sua vida útil.",Carvoeiro
manutencao-de-ar-condicionado-predial-carvoeiro,Manutenção de ar condicionado predial em Carvoeiro,"Oferecemos serviços de manutenção para sistemas de ar condicionado predial, garantindo o desempenho ideal e a durabilidade do seu equipamento.",Carvoeiro
manutencao-de-ar-condicionado-samsung-carvoeiro,Manutenção de ar condicionado Samsung em Carvoeiro,"Oferecemos serviços de manutenção profissional para o seu ar condicionado Samsung, garantindo que o seu sistema funcione perfeitamente durante todo o ano.",Carvoeiro
manutencao-de-ar-condicionado-springer-carvoeiro,Manutenção de ar condicionado Springer em Carvoeiro,"Oferecemos serviços de manutenção especializada para unidades Springer, garantindo o ótimo funcionamento do seu ar condicionado.",Carvoeiro
manutencao-de-ares-condicionados-carvoeiro,Manutenção de ares condicionados em Carvoeiro,Oferecemos serviços de manutenção especializados para garantir o funcionamento eficiente do seu ar condicionado em qualquer ambiente.,Carvoeiro
manutencao-de-central-de-ar-carvoeiro,Manutenção de central de ar em Carvoeiro,"Oferecemos serviços completos de manutenção de centrais de ar, garantindo o funcionamento eficiente e duradouro do seu sistema.",Carvoeiro
manutencao-de-central-de-ar-condicionado-carvoeiro,Manutenção de central de ar condicionado em Carvoeiro,"Oferecemos serviços de manutenção profissional para centrais de ar condicionado, garantindo o seu correto funcionamento e eficiência.",Carvoeiro
manutencao-de-condicionador-de-ar-carvoeiro,Manutenção de condicionador de ar em Carvoeiro,"Oferecemos serviços de manutenção para condicionadores de ar, garantindo que o seu sistema funcione de forma eficiente e confiável.",Carvoeiro
manutencao-de-fan-coil-carvoeiro,Manutenção de fan coil em Carvoeiro,Oferecemos serviços de manutenção de fan coil para garantir que seu sistema de climatização funcione de forma eficiente e sem problemas.,Carvoeiro
manutencao-de-placa-de-ar-condicionado-carvoeiro,Manutenção de placa de ar condicionado em Carvoeiro,Oferecemos serviços de manutenção de placas de ar condicionado para garantir o perfeito funcionamento do seu equipamento.,Carvoeiro
manutencao-do-ar-carvoeiro,Manutenção do ar em Carvoeiro,"Oferecemos serviços de manutenção de sistemas de ar condicionado em residências e empresas, garantindo o seu funcionamento eficiente e prolongando a vida útil do seu equipamento.",Carvoeiro
manutencao-do-ar-condicionado-split-carvoeiro,Manutenção do ar condicionado split em Carvoeiro,"Oferecemos serviços de manutenção especializados para ar condicionado split, garantindo o seu funcionamento ideal e prolongando a sua vida útil.",Carvoeiro
manutencao-dos-ar-condicionados-carvoeiro,Manutenção dos ar condicionados em Carvoeiro,"Oferecemos serviços de manutenção de ar condicionados para residências e empresas, garantindo o seu funcionamento eficiente e prolongando a sua vida útil.",Carvoeiro
manutencao-e-higienizacao-de-ar-condicionado-carvoeiro,Manutenção e higienização de ar condicionado em Carvoeiro,Oferecemos serviços de manutenção e higienização de ar condicionado para garantir o máximo desempenho e eficiência do seu equipamento.,Carvoeiro
manutencao-e-instalacao-de-ar-condicionado-split-carvoeiro,Manutenção e instalação de ar condicionado split em Carvoeiro,"Oferecemos serviços de instalação, manutenção e reparação de sistemas de ar condicionado split para residências e empresas.",Carvoeiro
manutencao-e-preventiva-ar-condicionados-carvoeiro,Manutenção e preventiva de ar condicionados em Carvoeiro,"Oferecemos serviços de manutenção e preventiva para ar condicionados, garantindo que o seu sistema funcione de forma eficiente e prolongando a sua vida útil.",Carvoeiro
manutencao-em-ar-condicionado-de-janela-carvoeiro,Manutenção em ar condicionado de janela em Carvoeiro,"Oferecemos serviços de manutenção para ar condicionado de janela, garantindo o seu funcionamento ideal e prolongando a sua vida útil.",Carvoeiro
manutencao-em-ar-condicionado-portatil-carvoeiro,Manutenção de ar condicionado portátil em Carvoeiro,"Oferecemos serviços de manutenção especializados para o seu ar condicionado portátil, garantindo que ele funcione de forma eficiente e confiável.",Carvoeiro
manutencao-em-central-de-ar-carvoeiro,Manutenção em central de ar em Carvoeiro,"Oferecemos serviços de manutenção especializada em sistemas de ar condicionado central, garantindo o seu funcionamento eficiente e duradouro.",Carvoeiro
manutencao-em-refrigeracao-comercial-carvoeiro,Manutenção em refrigeração comercial em Carvoeiro,"Oferecemos serviços de manutenção de sistemas de refrigeração comercial, garantindo eficiência e funcionalidade para o seu negócio.",Carvoeiro
manutencao-fan-coil-carvoeiro,Manutenção de fan coil em Carvoeiro,"Oferecemos serviços especializados de manutenção para sistemas de fan coil, garantindo que seu ar condicionado funcione de forma eficiente e eficaz em sua residência ou empresa.",Carvoeiro
manutencao-lg-dual-inverter-carvoeiro,Manutenção de ar condicionado LG Dual Inverter em Carvoeiro,"Oferecemos serviços de manutenção especializada para o seu ar condicionado LG Dual Inverter, garantindo o seu funcionamento eficiente e prolongando sua vida útil.",Carvoeiro
manutencao-no-ar-condicionado-carvoeiro,Manutenção no ar condicionado em Carvoeiro,Oferecemos serviços de manutenção de ar condicionado para garantir o funcionamento eficiente e prolongar a vida útil do seu equipamento.,Carvoeiro
manutencao-periodica-ar-condicionado-carvoeiro,Manutenção periódica de ar condicionado em Carvoeiro,"Oferecemos serviços de manutenção periódica para garantir o funcionamento ideal do seu ar condicionado, tanto em residências como em empresas.",Carvoeiro
manutencao-periodica-de-ar-condicionado-carvoeiro,Manutenção periódica de ar condicionado em Carvoeiro,Oferecemos serviços de manutenção periódica para garantir o funcionamento eficiente do seu sistema de ar condicionado em residências e empresas.,Carvoeiro
manutencao-preditiva-ar-condicionado-carvoeiro,Manutenção preditiva de ar condicionado em Carvoeiro,Oferecemos serviços de manutenção preditiva para garantir que o seu sistema de ar condicionado opere de forma eficiente e confiável.,Carvoeiro
manutencao-preditiva-de-ar-condicionado-carvoeiro,Manutenção preditiva de ar condicionado em Carvoeiro,Oferecemos serviços de manutenção preditiva para garantir o ótimo funcionamento do seu ar condicionado. Contamos com uma equipa especializada para atender tanto residências como empresas.,Carvoeiro
manutencao-preventiva-ar-condicionado-split-carvoeiro,Manutenção preventiva de ar condicionado split em Carvoeiro,Garanta o bom funcionamento e a eficiência do seu ar condicionado split com os nossos serviços de manutenção preventiva em Carvoeiro. Estamos aqui para ajudar na manutenção e reparação.,Carvoeiro
manutencao-preventiva-condicionada-carvoeiro,Manutenção preventiva de ar condicionado em Carvoeiro,"Oferecemos serviços de manutenção preventiva para garantir o funcionamento eficiente do seu sistema de ar condicionado, proporcionando conforto e economia de energia.",Carvoeiro
manutencao-preventiva-de-ar-condicionado-split-carvoeiro,Manutenção preventiva de ar condicionado split em Carvoeiro,"Oferecemos serviços de manutenção preventiva para o seu ar condicionado split, garantindo o seu funcionamento eficiente e prolongando a sua vida útil.",Carvoeiro
manutencao-preventiva-do-ar-condicionado-carvoeiro,Manutenção preventiva do ar condicionado em Carvoeiro,"Oferecemos serviços de manutenção preventiva para garantir o bom funcionamento do seu ar condicionado, tanto em residências como em empresas.",Carvoeiro
manutencao-preventiva-fan-coil-carvoeiro,Manutenção preventiva de fan coil em Carvoeiro,"Oferecemos serviços de manutenção preventiva para sistemas de fan coil, garantindo que o seu equipamento funcione sempre em ótimas condições.",Carvoeiro
manutencao-preventiva-refrigeracao-carvoeiro,Manutenção preventiva de refrigeração em Carvoeiro,"Oferecemos serviços de manutenção preventiva para sistemas de refrigeração, garantindo eficiência e durabilidade para sua instalação.",Carvoeiro
manutencao-preventiva-split-carvoeiro,Manutenção preventiva de ar condicionado split em Carvoeiro,Assegure o bom funcionamento do seu ar condicionado com a nossa manutenção preventiva especializada.,Carvoeiro
manutencao-refrigeracao-comercial-carvoeiro,Manutenção de refrigeração comercial em Carvoeiro,Oferecemos serviços de manutenção de sistemas de refrigeração comercial para garantir o funcionamento eficiente do seu negócio.,Carvoeiro
manutencao-sistemas-avac-carvoeiro,Manutenção de sistemas AVAC em Carvoeiro,Oferecemos serviços de manutenção de sistemas AVAC para garantir o melhor funcionamento e eficiência do seu equipamento.,Carvoeiro
manutencao-split-inverter-carvoeiro,Manutenção de ar condicionado split inverter em Carvoeiro,"Oferecemos serviços de manutenção para sistemas de ar condicionado split inverter, garantindo um desempenho eficiente e prolongando a vida útil do seu equipamento.",Carvoeiro
manutencao-springer-ar-condicionado-carvoeiro,Manutenção de ar condicionado Springer em Carvoeiro,"Oferecemos serviços de manutenção especializada para sistemas de ar condicionado Springer, garantindo o seu funcionamento eficiente e duradouro em Carvoeiro.",Carvoeiro
montagem-e-manutencao-de-ar-condicionado-carvoeiro,Montagem e manutenção de ar condicionado em Carvoeiro,"Oferecemos serviços de montagem e manutenção de sistemas de ar condicionado para residências e empresas, garantindo conforto e eficiência.",Carvoeiro
oficina-de-manutencao-de-ar-condicionado-carvoeiro,Oficina de manutenção de ar condicionado em Carvoeiro,Oferecemos serviços de manutenção e reparação de ar condicionado para garantir o conforto do seu espaço.,Carvoeiro
orcamento-manutencao-ar-condicionado-carvoeiro,Orçamento para manutenção de ar condicionado em Carvoeiro,"Oferecemos serviços de manutenção para garantir o perfeito funcionamento do seu ar condicionado, seja em residências ou empresas. Entre em contato para um orçamento personalizado.",Carvoeiro
orcamento-manutencao-de-ar-condicionado-carvoeiro,Orçamento para manutenção de ar condicionado em Carvoeiro,"Oferecemos serviços de manutenção de ar condicionado para residencial e comercial, garantindo o funcionamento ideal do seu equipamento.",Carvoeiro
orcamento-para-manutencao-de-ar-condicionado-carvoeiro,Orçamento para manutenção de ar condicionado em Carvoeiro,"Oferecemos serviços de manutenção de ar condicionado para residências e empresas, garantindo que o seu equipamento funcione de forma eficiente.",Carvoeiro
preventiva-em-ar-condicionado-carvoeiro,Manutenção preventiva em ar condicionado em Carvoeiro,Oferecemos serviços de manutenção preventiva para garantir que o seu sistema de ar condicionado funcione de forma eficiente e prolongue a sua vida útil.,Carvoeiro
refrigeracao-e-manutencao-carvoeiro,Refrigeração e manutenção em Carvoeiro,"Oferecemos serviços de refrigeração e manutenção para residências e empresas, garantindo um ambiente confortável durante todo o ano.",Carvoeiro
servico-de-manutencao-ar-condicionado-carvoeiro,Serviço de manutenção de ar condicionado em Carvoeiro,"Oferecemos serviços de manutenção para garantir o funcionamento ideal do seu ar condicionado, seja em ambientes residenciais ou comerciais.",Carvoeiro
servicos-de-manutencao-preventiva-e-corretiva-de-ar-condicionado-carvoeiro,Serviços de manutenção preventiva e corretiva de ar condicionado em Carvoeiro,"Oferecemos serviços de manutenção que garantem o funcionamento ótimo do seu ar condicionado, tanto para residências como para empresas.",Carvoeiro
split-manutencao-carvoeiro,Manutenção de ar condicionado split em Carvoeiro,"Oferecemos serviços de manutenção profissionais para sistemas de ar condicionado split, garantindo o seu perfeito funcionamento.",Carvoeiro
manutencao-ar-condicionado-vilamoura,Manutenção de ar condicionado em Vilamoura,Oferecemos serviços de manutenção de ar condicionado para garantir o funcionamento eficiente do seu sistema. Entre em contato conosco para agendar uma visita.,Vilamoura
manutencao-de-ar-condicionado-vilamoura,Manutenção de ar condicionado em Vilamoura,Oferecemos serviços de manutenção de ar condicionado para garantir o perfeito funcionamento do seu sistema de climatização.,Vilamoura
ar-condicionado-manutencao-vilamoura,Manutenção de ar condicionado em Vilamoura,"Oferecemos serviços de manutenção para garantir o funcionamento ideal do seu sistema de ar condicionado, atendendo tanto residências como empresas.",Vilamoura
manutencao-em-ar-condicionado-vilamoura,Manutenção em ar condicionado em Vilamoura,"Oferecemos serviços de manutenção de ar condicionado para garantir o seu conforto e eficiência, tanto em instalações residenciais como comerciais.",Vilamoura
empresa-de-manutencao-de-ar-condicionado-vilamoura,Empresa de manutenção de ar condicionado em Vilamoura,"Oferecemos serviços de manutenção e reparação de ar condicionado para residências e empresas, garantindo o funcionamento ideal do seu equipamento.",Vilamoura
manutencao-preventiva-ar-condicionado-vilamoura,Manutenção preventiva de ar condicionado em Vilamoura,"Oferecemos serviços de manutenção preventiva para garantir o funcionamento eficiente do seu ar condicionado, seja para sua residência ou empresa.",Vilamoura
manutencao-ar-condicionado-residencial-vilamoura,Manutenção de ar condicionado residencial em Vilamoura,Oferecemos serviços de manutenção de ar condicionado residencial para garantir que o seu sistema funcione de forma eficiente e confiável. Entre em contato conosco para uma avaliação e serviço de qualidade.,Vilamoura
instalacao-e-manutencao-de-ar-condicionado-vilamoura,Instalação e manutenção de ar condicionado em Vilamoura,"Oferecemos serviços de instalação e manutenção de ar condicionado para residências e empresas em Vilamoura. Trabalhamos com todas as principais marcas como LG, Daikin e Samsung.",Vilamoura
manutencao-de-ar-condicionado-residencial-vilamoura,Manutenção de ar condicionado residencial em Vilamoura,Oferecemos serviços de manutenção de ar condicionado residencial para garantir o seu conforto e eficiência.,Vilamoura
manutencao-de-ar-condicionado-split-vilamoura,Manutenção de ar condicionado split em Vilamoura,"Oferecemos serviços de manutenção especializada para ar condicionado split, garantindo conforto e eficiência em sua casa ou empresa.",Vilamoura
manutencao-ar-condicionado-perto-de-mim-vilamoura,Manutenção de ar condicionado perto de mim,"Oferecemos serviços de manutenção de ar condicionado em Vilamoura, garantindo o desempenho ideal do seu sistema de climatização.",Vilamoura
manutencao-ar-condicionado-split-vilamoura,Manutenção de ar condicionado split em Vilamoura,"Oferecemos serviços de manutenção especializada para sistemas de ar condicionado split, garantindo o desempenho ideal e a eficiência do seu equipamento.",Vilamoura
manutencao-preventiva-de-ar-condicionado-vilamoura,Manutenção preventiva de ar condicionado em Vilamoura,Oferecemos serviços de manutenção preventiva para garantir o funcionamento eficaz e duradouro do seu ar condicionado.,Vilamoura
empresa-manutencao-ar-condicionado-vilamoura,Empresa de manutenção de ar condicionado em Vilamoura,"Oferecemos serviços de manutenção para sistemas de ar condicionado, garantindo o seu funcionamento eficaz e prolongando a sua vida útil.",Vilamoura
manutencao-e-instalacao-de-ar-condicionado-vilamoura,Manutenção e instalação de ar condicionado em Vilamoura,"Oferecemos serviços profissionais de manutenção e instalação de ar condicionado para residências e empresas, garantindo conforto e eficiência.",Vilamoura
manutencao-em-ar-condicionado-residencial-vilamoura,Manutenção em ar condicionado residencial em Vilamoura,"Oferecemos serviços de manutenção para sistemas de ar condicionado residenciais, garantindo conforto e eficiência em sua casa.",Vilamoura
manutencao-ar-condicionado-lg-vilamoura,Manutenção de ar condicionado LG em Vilamoura,"Oferecemos serviços de manutenção para sistemas de ar condicionado da marca LG, garantindo que seu equipamento funcione perfeitamente. Também realizamos manutenção para todas as principais marcas.",Vilamoura
manutencao-ar-condicionado-portatil-vilamoura,Manutenção de ar condicionado portátil em Vilamoura,"Oferecemos serviços de manutenção especializados para garantir o bom funcionamento do seu ar condicionado portátil, tanto para residências como para empresas.",Vilamoura
manutencao-ar-condicionado-daikin-vilamoura,Manutenção de ar condicionado Daikin em Vilamoura,"Oferecemos serviços de manutenção especializados para sistemas de ar condicionado Daikin, garantindo o seu conforto e eficiência.",Vilamoura
manutencao-do-ar-condicionado-vilamoura,Manutenção do ar condicionado em Vilamoura,"Oferecemos serviços de manutenção de ar condicionado para garantir o seu funcionamento ideal, tanto para residências como para empresas.",Vilamoura
manutencao-de-ar-condicionado-portatil-vilamoura,Manutenção de ar condicionado portátil em Vilamoura,"Oferecemos serviços de manutenção especializados para ar condicionado portátil, garantindo que seu aparelho funcione de forma eficiente e eficaz.",Vilamoura
servico-de-manutencao-de-ar-condicionado-vilamoura,Serviço de manutenção de ar condicionado em Vilamoura,"Oferecemos serviços de manutenção para todos os tipos de sistemas de ar condicionado, garantindo o seu funcionamento eficiente e duradouro.",Vilamoura
manutencao-de-ar-condicionado-central-vilamoura,Manutenção de ar condicionado central em Vilamoura,"Oferecemos serviços de manutenção eficiente para sistemas de ar condicionado central em residências e empresas, garantindo o funcionamento ideal do seu equipamento.",Vilamoura
ar-condicionado-instalacao-e-manutencao-vilamoura,Instalação e manutenção de ar condicionado em Vilamoura,"Oferecemos serviços de instalação e manutenção de sistemas de ar condicionado para residências e empresas, garantindo conforto e eficiência.",Vilamoura
higienizacao-ar-condicionado-split-vilamoura,Higienização de ar condicionado split em Vilamoura,Garanta a eficiência e a qualidade do seu ar condicionado split com nossos serviços de higienização profissional.,Vilamoura
manutencao-de-ar-vilamoura,Manutenção de ar condicionado em Vilamoura,"Oferecemos serviços de manutenção de ar condicionado para garantir o funcionamento eficiente e duradouro do seu sistema, seja em residências ou empresas.",Vilamoura
refrigeracao-manutencao-vilamoura,Manutenção de refrigeração em Vilamoura,"Oferecemos serviços de manutenção para sistemas de refrigeração, garantindo que o seu equipamento funcione de forma eficiente e confiável.",Vilamoura
manutencao-de-ar-condicionado-industrial-vilamoura,Manutenção de ar condicionado industrial em Vilamoura,Oferecemos serviços de manutenção de ar condicionado industrial para garantir o funcionamento eficiente e duradouro do seu equipamento.,Vilamoura
empresas-que-fazem-manutencao-de-ar-condicionado-vilamoura,Empresa de ar condicionado em Vilamoura,"Oferecemos serviços de manutenção de ar condicionado para residências e empresas, garantindo o melhor desempenho do seu sistema.",Vilamoura
manutencao-ar-condicionado-samsung-vilamoura,Manutenção de ar condicionado Samsung em Vilamoura,"Oferecemos serviços de manutenção especializados para o seu ar condicionado Samsung, garantindo um funcionamento eficiente e duradouro.",Vilamoura
ar-condicionado-manutencao-preventiva-vilamoura,Manutenção preventiva de ar condicionado em Vilamoura,Garanta o funcionamento eficiente do seu ar condicionado com nossos serviços de manutenção preventiva em Vilamoura. Estamos à disposição para atender tanto residências quanto empresas.,Vilamoura
assistencia-tecnica-ar-condicionado-fujitsu-vilamoura,Assistência técnica de ar condicionado Fujitsu em Vilamoura,"Oferecemos serviços de reparação e manutenção de ar condicionado Fujitsu, garantindo que você tenha o conforto que precisa em sua casa ou empresa.",Vilamoura
ar-condicionado-assistencia-vilamoura,Assistência de ar condicionado em Vilamoura,"Oferecemos serviços de assistência técnica para qualquer marca de ar condicionado, garantindo conforto e qualidade no seu ambiente.",Vilamoura
empresa-de-manutencao-ar-condicionado-vilamoura,Empresa de manutenção de ar condicionado em Vilamoura,"Oferecemos serviços de manutenção para todos os tipos de sistemas de ar condicionado, garantindo eficiência e conforto para sua casa ou empresa.",Vilamoura
manutencao-em-ar-condicionado-split-vilamoura,Manutenção em ar condicionado split em Vilamoura,"Oferecemos serviços profissionais de manutenção para ar condicionado split, garantindo o seu funcionamento eficiente em ambientes residenciais e comerciais.",Vilamoura
manutencao-ar-condicionado-fujitsu-vilamoura,Manutenção de ar condicionado Fujitsu em Vilamoura,"Oferecemos serviços de manutenção especializada para sistemas de ar condicionado Fujitsu, garantindo um desempenho ideal e conforto em sua casa ou empresa.",Vilamoura
ar-condicionado-manutencao-e-instalacao-vilamoura,Manutenção e instalação de ar condicionado em Vilamoura,"Oferecemos serviços de manutenção e instalação de sistemas de ar condicionado, garantindo conforto e eficiência para sua casa ou empresa.",Vilamoura
manutencao-ar-condicionado-24-horas-vilamoura,Manutenção de ar condicionado 24 horas em Vilamoura,"Oferecemos serviços de manutenção de ar condicionado 24 horas para garantir que o seu sistema funcione perfeitamente, esteja você em casa ou no seu negócio.",Vilamoura
orcamento-de-manutencao-de-ar-condicionado-vilamoura,Orçamento de manutenção de ar condicionado em Vilamoura,"Oferecemos serviços de manutenção de ar condicionado para residências e empresas, garantindo o funcionamento eficiente do seu sistema.",Vilamoura
manutencao-corretiva-ar-condicionado-vilamoura,Manutenção corretiva de ar condicionado em Vilamoura,"Oferecemos serviços de manutenção corretiva para garantir o funcionamento eficiente do seu ar condicionado, tanto em instalações residenciais como comerciais.",Vilamoura
empresa-manutencao-de-ar-condicionado-vilamoura,Empresa de manutenção de ar condicionado em Vilamoura,"Oferecemos serviços de manutenção de ar condicionado para residências e empresas, garantindo conforto e eficiência no seu sistema.",Vilamoura
ar-condicionado-split-manutencao-vilamoura,Manutenção de ar condicionado split em Vilamoura,"Oferecemos serviços de manutenção de ar condicionado split para garantir o seu funcionamento ideal, tanto para residências como para empresas.",Vilamoura
manutencao-de-ar-condicionado-perto-de-mim-vilamoura,Manutenção de ar condicionado em Vilamoura,Oferecemos serviços de manutenção de ar condicionado para residências e empresas em Vilamoura. A nossa equipe está pronta para garantir que o seu sistema de ar condicionado funcione de forma eficiente.,Vilamoura
manutencao-split-vilamoura,Manutenção de ar condicionado split em Vilamoura,"Oferecemos serviços de manutenção de sistemas de ar condicionado split, garantindo o máximo desempenho e conforto para sua casa ou empresa.",Vilamoura
daikin-manutencao-vilamoura,Manutenção de ar condicionado Daikin em Vilamoura,"Oferecemos serviços de manutenção especializados para sistemas de ar condicionado Daikin, garantindo o melhor desempenho e eficiência do seu equipamento.",Vilamoura
manutencao-ar-condicionado-lg-dual-inverter-vilamoura,Manutenção de ar condicionado LG Dual Inverter em Vilamoura,"Oferecemos serviços de manutenção especializados para o seu ar condicionado LG Dual Inverter, garantindo performance e eficiência para o seu conforto.",Vilamoura
revisao-de-ar-condicionado-vilamoura,Revisão de ar condicionado em Vilamoura,Mantenha o seu ar condicionado em ótimo estado com os nossos serviços de revisão especializados.,Vilamoura
manutencao-preventiva-em-ar-condicionado-vilamoura,Manutenção preventiva em ar condicionado em Vilamoura,Oferecemos serviços de manutenção preventiva para garantir o perfeito funcionamento do seu ar condicionado em residências e empresas.,Vilamoura
manutencao-ar-condicionado-janela-vilamoura,Manutenção de ar condicionado de janela em Vilamoura,"Oferecemos serviços de manutenção especializados para ar condicionado de janela, garantindo um funcionamento eficiente e duradouro em sua casa ou empresa.",Vilamoura
manutencao-em-ar-condicionado-industrial-vilamoura,Manutenção em ar condicionado industrial em Vilamoura,"Oferecemos serviços de manutenção especializados para sistemas de ar condicionado industrial, garantindo o melhor desempenho e eficiência para a sua empresa.",Vilamoura
manutencao-preventiva-e-corretiva-ar-condicionado-vilamoura,Manutenção preventiva e corretiva de ar condicionado em Vilamoura,Oferecemos serviços de manutenção preventiva e corretiva para garantir o funcionamento ideal do seu ar condicionado em residências e empresas.,Vilamoura
manutencao-ar-condicionado-central-vilamoura,Manutenção de ar condicionado central em Vilamoura,"Oferecemos serviços de manutenção especializada para sistemas de ar condicionado central, garantindo o melhor desempenho e eficiência energética.",Vilamoura
manutencao-ar-condicionado-industrial-vilamoura,Manutenção de ar condicionado industrial em Vilamoura,"Oferecemos serviços de manutenção para sistemas de ar condicionado industrial, garantindo eficiência e durabilidade em suas instalações.",Vilamoura
manutencao-ar-condicionado-de-janela-vilamoura,Manutenção de ar condicionado de janela em Vilamoura,"Oferecemos serviços de manutenção para ar condicionado de janela, garantindo conforto e eficiência energética na sua casa ou empresa.",Vilamoura
preventiva-de-ar-condicionado-vilamoura,Manutenção preventiva de ar condicionado em Vilamoura,"Oferecemos serviços de manutenção preventiva para garantir o melhor desempenho do seu ar condicionado, tanto em residências como em empresas.",Vilamoura
manutencao-de-ar-condicionado-lg-vilamoura,Manutenção de ar condicionado LG em Vilamoura,"Oferecemos serviços de manutenção para sistemas de ar condicionado LG e de todas as marcas, garantindo o melhor desempenho do seu equipamento.",Vilamoura
assistencia-de-ar-condicionado-vilamoura,Assistência de ar condicionado em Vilamoura,"Oferecemos serviços de assistência técnica para todos os tipos de ar condicionados, garantindo o seu conforto em Vilamoura.",Vilamoura
manutencao-de-ar-condicionado-de-janela-vilamoura,Manutenção de ar condicionado de janela em Vilamoura,Oferecemos serviços de manutenção de ar condicionado de janela para garantir que o seu aparelho funcione de forma eficiente e duradoura.,Vilamoura
ar-condicionado-residencial-manutencao-vilamoura,Manutenção de ar condicionado residencial em Vilamoura,Oferecemos serviços de manutenção para garantir o funcionamento eficiente do seu ar condicionado residencial.,Vilamoura
preventiva-ar-condicionado-vilamoura,Manutenção preventiva de ar condicionado em Vilamoura,Garanta o desempenho ideal do seu sistema de ar condicionado com nossos serviços de manutenção preventiva em Vilamoura. Oferecemos soluções para residências e empresas.,Vilamoura
manutencao-de-split-vilamoura,Manutenção de ar condicionado split em Vilamoura,Oferecemos serviços de manutenção de ar condicionado split para garantir o desempenho ideal do seu equipamento.,Vilamoura
empresa-de-manutencao-em-ar-condicionado-vilamoura,Empresa de manutenção em ar condicionado em Vilamoura,Oferecemos serviços de manutenção e reparação de ar condicionado para residências e empresas em Vilamoura.,Vilamoura
manutencao-ar-condicionado-springer-vilamoura,Manutenção de ar condicionado Springer em Vilamoura,"Oferecemos serviços de manutenção profissional para sistemas de ar condicionado Springer, garantindo que o seu equipamento funcione de forma eficiente e confiável.",Vilamoura
manutencao-para-ar-condicionado-vilamoura,Manutenção para ar condicionado em Vilamoura,"Oferecemos serviços de manutenção para ar condicionado, garantindo um funcionamento eficiente dos seus sistemas, tanto em instalações residenciais como comerciais.",Vilamoura
manutencao-ar-split-vilamoura,Manutenção de ar condicionado split em Vilamoura,Oferecemos serviços de manutenção para garantir o funcionamento eficiente do seu ar condicionado split. Entre em contato para uma avaliação!,Vilamoura
manutencao-preventiva-e-corretiva-de-ar-condicionado-vilamoura,Manutenção preventiva e corretiva de ar condicionado em Vilamoura,"Oferecemos serviços completos de manutenção preventiva e corretiva para garantir o ótimo funcionamento do seu sistema de ar condicionado, seja em residências ou empresas.",Vilamoura
empresa-de-higienizacao-de-ar-condicionado-vilamoura,Empresa de higienização de ar condicionado em Vilamoura,"Oferecemos serviços de higienização para ar condicionado, garantindo a qualidade do ar e eficiência do seu equipamento.",Vilamoura
air-systems-manutencao-de-ar-condicionado-vilamoura,Manutenção de ar condicionado em Vilamoura,"Oferecemos serviços de manutenção para sistemas de ar condicionado, garantindo que o seu sistema funcione de maneira eficiente e prolongando a sua vida útil.",Vilamoura
ar-condicionado-carrier-manutencao-vilamoura,Manutenção de ar condicionado Carrier em Vilamoura,"Oferecemos serviços de manutenção especializados para unidades de ar condicionado Carrier, garantindo que seu sistema funcione de maneira eficiente e prolongue a sua vida útil.",Vilamoura
ar-condicionado-central-manutencao-vilamoura,Manutenção de ar condicionado central em Vilamoura,"Oferecemos serviços de manutenção completos para sistemas de ar condicionado central, garantindo que o seu equipamento funcione de forma eficiente e duradouro.",Vilamoura
ar-condicionado-daikin-manutencao-vilamoura,Manutenção de ar condicionado Daikin em Vilamoura,"Oferecemos serviços de manutenção especializados para sistemas de ar condicionado Daikin, garantindo que o seu equipamento funcione de forma eficiente e duradoura.",Vilamoura
ar-condicionado-de-janela-manutencao-vilamoura,Manutenção de ar condicionado de janela em Vilamoura,"Oferecemos serviços de manutenção especializados para ar condicionado de janela, assegurando que o seu sistema funcione de forma eficiente e eficaz.",Vilamoura
ar-condicionado-empresas-de-manutencao-vilamoura,Empresa de ar condicionado em Vilamoura,"Oferecemos serviços de manutenção de sistemas de ar condicionado para residências e empresas, garantindo o seu conforto e eficiência.",Vilamoura
ar-condicionado-fujitsu-manutencao-vilamoura,Manutenção de ar condicionado Fujitsu em Vilamoura,"Oferecemos serviços de manutenção de ar condicionado Fujitsu, garantindo que o seu sistema funcione de forma eficiente e prolongando a sua vida útil.",Vilamoura
ar-condicionado-instalacao-manutencao-vilamoura,Instalação e manutenção de ar condicionado em Vilamoura,"Oferecemos serviços de instalação e manutenção de sistemas de ar condicionado para residências e empresas. Trabalhamos com todas as principais marcas, garantindo eficiência e conforto.",Vilamoura
ar-condicionado-inverter-manutencao-vilamoura,Manutenção de ar condicionado inverter em Vilamoura,"Oferecemos serviços de manutenção especializada para sistemas de ar condicionado inverter, garantindo o seu funcionamento eficiente e prolongando a sua vida útil.",Vilamoura
ar-condicionado-janela-manutencao-vilamoura,Manutenção de ar condicionado de janela em Vilamoura,"Oferecemos serviços de manutenção profissional para o seu ar condicionado de janela, garantindo o funcionamento eficiente e prolongando a sua vida útil.",Vilamoura
ar-condicionado-lg-manutencao-vilamoura,Manutenção de ar condicionado LG em Vilamoura,"Oferecemos serviços de manutenção para o seu ar condicionado LG, garantindo que o seu equipamento funcione de forma eficiente e duradoura.",Vilamoura
ar-condicionado-portatil-manutencao-vilamoura,Manutenção de ar condicionado portátil em Vilamoura,Oferecemos serviços de manutenção para garantir que o seu ar condicionado portátil funcione sempre em ótimas condições.,Vilamoura
ar-condicionado-precisa-de-manutencao-vilamoura,Manutenção de ar condicionado em Vilamoura,Oferecemos serviços de manutenção de ar condicionado para garantir que seu aparelho funcione de forma eficiente e duradoura.,Vilamoura
ar-condicionado-samsung-manutencao-vilamoura,Manutenção de ar condicionado Samsung em Vilamoura,"Oferecemos serviços de manutenção especializada para o seu ar condicionado Samsung, garantindo o melhor desempenho e conforto no seu espaço.",Vilamoura
ar-condicionado-springer-manutencao-vilamoura,Manutenção de ar condicionado Springer em Vilamoura,"Oferecemos serviços de manutenção especializados para sistemas de ar condicionado Springer, garantindo o seu funcionamento eficiente e prolongando a sua vida útil.",Vilamoura
ar-ice-clean-manutencao-higienizacao-e-instalacao-de-ar-condicionado-vilamoura,"Manutenção, higienização e instalação de ar condicionado em Vilamoura","Oferecemos serviços completos de instalação, manutenção e higienização de sistemas de ar condicionado para residências e empresas, garantindo eficiência e conforto.",Vilamoura
ar-manutencao-vilamoura,Manutenção de ar condicionado em Vilamoura,Oferecemos serviços de manutenção de ar condicionado para garantir o seu bom funcionamento e prolongar a vida útil do seu equipamento.,Vilamoura
arcotec-ar-condicionado-instalacao-e-manutencao-vilamoura,Instalação e manutenção de ar condicionado Arcotec em Vilamoura,Oferecemos serviços de instalação e manutenção para sistemas de ar condicionado Arcotec e todas as principais marcas em Vilamoura. Entre em contato conosco para garantir um ambiente confortável.,Vilamoura
assistencia-em-ar-condicionado-vilamoura,Assistência em ar condicionado em Vilamoura,"Oferecemos serviços de assistência técnica, incluindo reparação e manutenção de sistemas de ar condicionado para residências e empresas.",Vilamoura
assistencia-tecnica-ar-vilamoura,Assistência técnica de ar em Vilamoura,"Oferecemos serviços de assistência técnica para ar condicionado, garantindo conforto e eficiência em sua casa ou empresa.",Vilamoura
assistencia-tecnica-ar-condicionado-hitachi-vilamoura,Assistência técnica de ar condicionado Hitachi em Vilamoura,"Oferecemos serviços de reparação e manutenção de unidades Hitachi, garantindo o funcionamento ideal do seu sistema de climatização.",Vilamoura
assistencia-tecnica-em-ar-condicionado-vilamoura,Assistência técnica em ar condicionado em Vilamoura,Oferecemos serviços de reparação e manutenção de ar condicionado para residências e empresas em Vilamoura.,Vilamoura
carrier-manutencao-ar-condicionado-vilamoura,Manutenção de ar condicionado Carrier em Vilamoura,"Oferecemos serviços de manutenção para sistemas de ar condicionado Carrier, garantindo o seu funcionamento ideal e aumentando a durabilidade do equipamento.",Vilamoura
empresa-de-ar-condicionado-manutencao-vilamoura,Empresa de ar condicionado em Vilamoura,Oferecemos serviços de manutenção especializada em sistemas de ar condicionado para residências e empresas.,Vilamoura
empresa-de-instalacao-e-manutencao-de-ar-condicionado-vilamoura,Empresa de instalação e manutenção de ar condicionado em Vilamoura,"Oferecemos serviços de instalação e manutenção de sistemas de ar condicionado para residências e empresas, garantindo conforto em qualquer espaço.",Vilamoura
empresas-de-instalacao-e-manutencao-de-ar-condicionado-vilamoura,Empresa de instalação e manutenção de ar condicionado em Vilamoura,"Oferecemos serviços profissionais de instalação e manutenção de ar condicionado para residências e empresas em Vilamoura. Trabalhamos com todas as principais marcas como LG, Daikin e Samsung, garantindo conforto e qualidade.",Vilamoura
fan-coil-manutencao-vilamoura,Manutenção de fan coil em Vilamoura,"Oferecemos serviços de manutenção para fan coils, garantindo o seu funcionamento eficiente e duradouro.",Vilamoura
fujitsu-ar-condicionado-assistencia-tecnica-vilamoura,Assistência técnica de ar condicionado Fujitsu em Vilamoura,"Oferecemos serviços de instalação, reparação e manutenção de ar condicionado Fujitsu, garantindo que seu sistema funcione sempre na melhor condição.",Vilamoura
fujitsu-ar-condicionado-manutencao-vilamoura,Manutenção de ar condicionado Fujitsu em Vilamoura,"Oferecemos serviços de manutenção especializados para sistemas de ar condicionado Fujitsu, garantindo eficiência e conforto em sua residência ou empresa.",Vilamoura
higienizar-ar-condicionado-split-vilamoura,Higienização de ar condicionado split em Vilamoura,"Oferecemos serviços de higienização profissional para unidades de ar condicionado split, garantindo um ambiente saudável e agradável na sua casa ou empresa.",Vilamoura
higienizacao-de-ar-condicionado-de-janela-vilamoura,Higienização de ar condicionado de janela em Vilamoura,"Oferecemos serviços de higienização eficientes para o seu ar condicionado de janela, garantindo um ambiente mais saudável and confortável em sua casa ou escritório.",Vilamoura
instalacao-de-ar-condicionado-e-manutencao-vilamoura,Instalação de ar condicionado e manutenção em Vilamoura,"Oferecemos serviços de instalação e manutenção de ar condicionado para residências e empresas, garantindo conforto e qualidade no seu ambiente.",Vilamoura
instalacao-e-manutencao-ar-condicionado-vilamoura,Instalação e manutenção de ar condicionado em Vilamoura,"Oferecemos serviços completos de instalação e manutenção para sistemas de ar condicionado, garantindo conforto e eficiência para residências e empresas.",Vilamoura
instalacao-e-manutencao-de-ar-condicionado-split-vilamoura,Instalação e manutenção de ar condicionado split em Vilamoura,"Oferecemos serviços completos de instalação e manutenção de sistemas de ar condicionado split, garantindo conforto e eficiência para sua casa ou empresa.",Vilamoura
instalacao-e-manutencao-de-split-vilamoura,Instalação e manutenção de ar condicionado split em Vilamoura,"Oferecemos serviços de instalação e manutenção para sistemas de ar condicionado split, garantindo conforto e eficiência energética para residências e empresas.",Vilamoura
instalacao-e-manutencao-em-ar-condicionado-vilamoura,Instalação e manutenção de ar condicionado em Vilamoura,Oferecemos serviços de instalação e manutenção de ar condicionado tanto para residências como para empresas em Vilamoura. Entre em contato para garantir o conforto no seu ambiente.,Vilamoura
instalacao-manutencao-ar-condicionado-vilamoura,Instalação e manutenção de ar condicionado em Vilamoura,"Oferecemos serviços de instalação e manutenção de ar condicionado para residências e empresas, trabalhando com todas as principais marcas como LG, Daikin e Samsung.",Vilamoura
manutencao-ar-vilamoura,Manutenção de ar condicionado em Vilamoura,"Oferecemos serviços de manutenção para todos os tipos de sistemas de ar condicionado, garantindo o seu funcionamento eficiente e duradouro.",Vilamoura
manutencao-ar-cond-vilamoura,Manutenção de ar condicionado em Vilamoura,"Oferecemos serviços de manutenção de ar condicionado para garantir o funcionamento eficiente do seu equipamento, seja em residências ou empresas.",Vilamoura
manutencao-de-ar-split-vilamoura,Manutenção de ar condicionado split em Vilamoura,"Oferecemos serviços de manutenção de ar condicionado split para garantir que o seu sistema funcione sempre em perfeitas condições, atendendo a residências e empresas.",Vilamoura
manutencao-em-ar-vilamoura,Manutenção de ar condicionado em Vilamoura,"Oferecemos serviços completos de manutenção para o seu sistema de ar condicionado, garantindo o seu perfeito funcionamento e eficiência.",Vilamoura
manutencao-ar-condicionado-carrier-vilamoura,Manutenção de ar condicionado Carrier em Vilamoura,"Oferecemos serviços de manutenção especializados para sistemas de ar condicionado Carrier, garantindo um funcionamento eficiente e prolongando a vida útil do seu equipamento.",Vilamoura
manutencao-ar-condicionado-comfee-vilamoura,Manutenção de ar condicionado Comfee em Vilamoura,"Oferecemos serviços de manutenção especializada para seus sistemas Comfee, garantindo o desempenho ideal do seu ar condicionado.",Vilamoura
manutencao-ar-condicionado-delonghi-vilamoura,Manutenção de ar condicionado Delonghi em Vilamoura,"Oferecemos serviços de manutenção para o seu ar condicionado Delonghi, garantindo o seu ideal funcionamento e conforto.",Vilamoura
manutencao-ar-condicionado-gree-vilamoura,Manutenção de ar condicionado Gree em Vilamoura,"Oferecemos serviços de manutenção especializados para ar condicionado Gree, garantindo que o seu sistema funcione de forma eficiente e prolongando a sua vida útil.",Vilamoura
manutencao-ar-condicionado-hitachi-vilamoura,Manutenção de ar condicionado Hitachi em Vilamoura,"Oferecemos serviços de manutenção especializados para sistemas de ar condicionado Hitachi, garantindo o perfeito funcionamento do seu equipamento.",Vilamoura
manutencao-ar-condicionado-inverter-vilamoura,Manutenção de ar condicionado inverter em Vilamoura,"Oferecemos serviços de manutenção especializados para sistemas de ar condicionado inverter, garantindo o seu funcionamento eficiente e prolongando a sua vida útil.",Vilamoura
manutencao-ar-condicionado-k7-vilamoura,Manutenção de ar condicionado K7 em Vilamoura,"Oferecemos serviços de manutenção para sistemas de ar condicionado K7, garantindo um funcionamento eficiente e duradouro.",Vilamoura
manutencao-ar-condicionado-lg-inverter-vilamoura,Manutenção de ar condicionado LG Inverter em Vilamoura,"Oferecemos serviços de manutenção especializados para sistemas de ar condicionado LG Inverter, garantindo o funcionamento eficiente e prolongando a vida útil do seu equipamento.",Vilamoura
manutencao-ar-condicionado-portatil-delonghi-vilamoura,Manutenção de ar condicionado portátil Delonghi em Vilamoura,"Oferecemos serviços completos de manutenção para o seu ar condicionado portátil Delonghi, garantindo que ele funcione de forma eficiente e prolongue a sua vida útil.",Vilamoura
manutencao-ar-condicionado-portatil-midea-vilamoura,Manutenção de ar condicionado portátil Midea em Vilamoura,"Oferecemos serviços de manutenção para o seu ar condicionado portátil Midea, garantindo o seu funcionamento ideal durante todo o ano.",Vilamoura
manutencao-ar-condicionado-samsung-inverter-vilamoura,Manutenção de ar condicionado Samsung inverter em Vilamoura,"Garantimos um serviço de qualidade para manter o seu ar condicionado Samsung inverter em perfeito estado, seja para uso residencial ou comercial.",Vilamoura
manutencao-ar-condicionado-split-gree-vilamoura,Manutenção de ar condicionado split Gree em Vilamoura,"Oferecemos serviços de manutenção para o seu ar condicionado split Gree, garantindo um funcionamento eficiente e prolongando a vida útil do seu equipamento em Vilamoura.",Vilamoura
manutencao-ar-condicionado-split-samsung-vilamoura,Manutenção de ar condicionado split Samsung em Vilamoura,"Oferecemos serviços de manutenção especializados para o seu ar condicionado split Samsung, garantindo o seu funcionamento eficiente e prolongando a sua vida útil.",Vilamoura
manutencao-ar-condicionado-springer-carrier-vilamoura,Manutenção de ar condicionado Springer e Carrier em Vilamoura,"Oferecemos serviços de manutenção para os sistemas de ar condicionado das marcas Springer e Carrier, garantindo que seu equipamento funcione de forma eficiente e duradoura.",Vilamoura
manutencao-ar-portatil-vilamoura,Manutenção de ar portátil em Vilamoura,"Oferecemos serviços de manutenção especializada para o seu ar condicionado portátil, garantindo o seu funcionamento eficaz e duradouro.",Vilamoura
manutencao-avac-vilamoura,Manutenção de AVAC em Vilamoura,"Oferecemos serviços de manutenção para sistemas de climatização, garantindo o funcionamento eficiente e duradouro do seu equipamento.",Vilamoura
manutencao-central-de-ar-vilamoura,Manutenção de central de ar em Vilamoura,Oferecemos serviços de manutenção de sistemas de ar condicionado central para garantir o seu funcionamento eficiente e prolongar a sua vida útil.,Vilamoura
manutencao-climatizador-springer-vilamoura,Manutenção de climatizador Springer em Vilamoura,"Oferecemos serviços especializados de manutenção para climatizadores Springer, garantindo eficiência e conforto em sua casa ou empresa.",Vilamoura
manutencao-condicionador-de-ar-vilamoura,Manutenção de condicionador de ar em Vilamoura,"Oferecemos serviços de manutenção para todos os tipos de condicionadores de ar, garantindo o seu funcionamento eficiente em ambientes residenciais e comerciais.",Vilamoura
manutencao-corretiva-de-ar-condicionado-vilamoura,Manutenção corretiva de ar condicionado em Vilamoura,Oferecemos serviços de manutenção corretiva para garantir o funcionamento otimizado do seu ar condicionado. Trabalhamos com todas as marcas e asseguramos a qualidade do nosso trabalho.,Vilamoura
manutencao-corretiva-e-preventiva-de-ar-condicionado-vilamoura,Manutenção corretiva e preventiva de ar condicionado em Vilamoura,"Oferecemos serviços de manutenção corretiva e preventiva de ar condicionado para garantir o funcionamento ideal do seu sistema, seja em residências ou empresas.",Vilamoura
manutencao-corretiva-em-ar-condicionado-vilamoura,Manutenção corretiva em ar condicionado em Vilamoura,"Oferecemos serviços de manutenção corretiva para garantir o funcionamento eficiente do seu ar condicionado, seja em ambientes residenciais ou comerciais.",Vilamoura
manutencao-de-aparelhos-de-ar-condicionado-vilamoura,Manutenção de aparelhos de ar condicionado em Vilamoura,"Oferecemos serviços de manutenção completos para aparelhos de ar condicionado, garantindo o seu funcionamento eficiente e prolongando a sua vida útil.",Vilamoura
manutencao-de-ar-central-vilamoura,Manutenção de ar condicionado central em Vilamoura,"Oferecemos serviços de manutenção de ar condicionado central para garantir o funcionamento eficiente do seu sistema, tanto em residências como em empresas.",Vilamoura
manutencao-de-ar-condicionado-24-horas-vilamoura,Manutenção de ar condicionado 24 horas em Vilamoura,"Oferecemos serviços de manutenção de ar condicionado disponíveis 24 horas, para garantir que seu ambiente esteja sempre confortável.",Vilamoura
manutencao-de-ar-condicionado-carrier-vilamoura,Manutenção de ar condicionado Carrier em Vilamoura,Oferecemos serviços de manutenção especializados para sistemas de ar condicionado Carrier e todas as principais marcas. Garantimos um desempenho eficiente e confiável.,Vilamoura
manutencao-de-ar-condicionado-comercial-vilamoura,Manutenção de ar condicionado comercial em Vilamoura,"Oferecemos serviços de manutenção para sistemas de ar condicionado comerciais, garantindo eficiência e conforto para o seu negócio.",Vilamoura
manutencao-de-ar-condicionado-daikin-vilamoura,Manutenção de ar condicionado Daikin em Vilamoura,"Oferecemos serviços de manutenção para sistemas de ar condicionado Daikin, garantindo o seu perfeito funcionamento e conforto em sua casa ou empresa.",Vilamoura
manutencao-de-ar-condicionado-de-parede-vilamoura,Manutenção de ar condicionado de parede em Vilamoura,Oferecemos serviços de manutenção de ar condicionado de parede para garantir o seu funcionamento eficiente e prolongar a sua vida útil. Entre em contacto connosco para um serviço rápido e de qualidade.,Vilamoura
manutencao-de-ar-condicionado-elgin-vilamoura,Manutenção de ar condicionado Elgin em Vilamoura,"Oferecemos serviços de manutenção eficientes e de qualidade para o seu ar condicionado Elgin, garantindo que o seu sistema funcione de forma otimizada.",Vilamoura
manutencao-de-ar-condicionado-fujitsu-vilamoura,Manutenção de ar condicionado Fujitsu em Vilamoura,Oferecemos serviços de manutenção especializados para garantir o ótimo funcionamento do seu ar condicionado Fujitsu em Vilamoura.,Vilamoura
manutencao-de-ar-condicionado-gree-vilamoura,Manutenção de ar condicionado Gree em Vilamoura,"Oferecemos serviços de manutenção para sistemas de ar condicionado Gree, garantindo o seu funcionamento eficaz e prolongando a sua vida útil.",Vilamoura
manutencao-de-ar-condicionado-inverter-vilamoura,Manutenção de ar condicionado inverter em Vilamoura,"Oferecemos serviços de manutenção especializada para sistemas de ar condicionado inverter, garantindo um desempenho eficiente e prolongando a vida útil do seu equipamento.",Vilamoura
manutencao-de-ar-condicionado-janela-vilamoura,Manutenção de ar condicionado de janela em Vilamoura,Oferecemos serviços de manutenção de ar condicionado de janela para garantir o funcionamento eficiente e duradouro do seu sistema.,Vilamoura
manutencao-de-ar-condicionado-mais-proximo-vilamoura,Manutenção de ar condicionado mais próximo em Vilamoura,"Oferecemos serviços de manutenção de ar condicionado para residências e empresas, garantindo o melhor desempenho do seu sistema.",Vilamoura
manutencao-de-ar-condicionado-midea-vilamoura,Manutenção de ar condicionado Midea em Vilamoura,"Oferecemos serviços de manutenção para a sua unidade Midea, garantindo o funcionamento eficiente e prolongando a sua vida útil.",Vilamoura
manutencao-de-ar-condicionado-portatil-springer-vilamoura,Manutenção de ar condicionado portátil Springer em Vilamoura,"Oferecemos serviços de manutenção especializados para o seu ar condicionado portátil Springer, garantindo o seu funcionamento eficiente e prolongando a sua vida útil.",Vilamoura
manutencao-de-ar-condicionado-predial-vilamoura,Manutenção de ar condicionado predial em Vilamoura,"Oferecemos serviços de manutenção para sistemas de ar condicionado predial, garantindo o desempenho ideal e a durabilidade do seu equipamento.",Vilamoura
manutencao-de-ar-condicionado-samsung-vilamoura,Manutenção de ar condicionado Samsung em Vilamoura,"Oferecemos serviços de manutenção profissional para o seu ar condicionado Samsung, garantindo que o seu sistema funcione perfeitamente durante todo o ano.",Vilamoura
manutencao-de-ar-condicionado-springer-vilamoura,Manutenção de ar condicionado Springer em Vilamoura,"Oferecemos serviços de manutenção especializada para unidades Springer, garantindo o ótimo funcionamento do seu ar condicionado.",Vilamoura
manutencao-de-ares-condicionados-vilamoura,Manutenção de ares condicionados em Vilamoura,Oferecemos serviços de manutenção especializados para garantir o funcionamento eficiente do seu ar condicionado em qualquer ambiente.,Vilamoura
manutencao-de-central-de-ar-vilamoura,Manutenção de central de ar em Vilamoura,"Oferecemos serviços completos de manutenção de centrais de ar, garantindo o funcionamento eficiente e duradouro do seu sistema.",Vilamoura
manutencao-de-central-de-ar-condicionado-vilamoura,Manutenção de central de ar condicionado em Vilamoura,"Oferecemos serviços de manutenção profissional para centrais de ar condicionado, garantindo o seu correto funcionamento e eficiência.",Vilamoura
manutencao-de-condicionador-de-ar-vilamoura,Manutenção de condicionador de ar em Vilamoura,"Oferecemos serviços de manutenção para condicionadores de ar, garantindo que o seu sistema funcione de forma eficiente e confiável.",Vilamoura
manutencao-de-fan-coil-vilamoura,Manutenção de fan coil em Vilamoura,Oferecemos serviços de manutenção de fan coil para garantir que seu sistema de climatização funcione de forma eficiente e sem problemas.,Vilamoura
manutencao-de-placa-de-ar-condicionado-vilamoura,Manutenção de placa de ar condicionado em Vilamoura,Oferecemos serviços de manutenção de placas de ar condicionado para garantir o perfeito funcionamento do seu equipamento.,Vilamoura
manutencao-do-ar-vilamoura,Manutenção do ar em Vilamoura,"Oferecemos serviços de manutenção de sistemas de ar condicionado em residências e empresas, garantindo o seu funcionamento eficiente e prolongando a vida útil do seu equipamento.",Vilamoura
manutencao-do-ar-condicionado-split-vilamoura,Manutenção do ar condicionado split em Vilamoura,"Oferecemos serviços de manutenção especializados para ar condicionado split, garantindo o seu funcionamento ideal e prolongando a sua vida útil.",Vilamoura
manutencao-dos-ar-condicionados-vilamoura,Manutenção dos ar condicionados em Vilamoura,"Oferecemos serviços de manutenção de ar condicionados para residências e empresas, garantindo o seu funcionamento eficiente e prolongando a sua vida útil.",Vilamoura
manutencao-e-higienizacao-de-ar-condicionado-vilamoura,Manutenção e higienização de ar condicionado em Vilamoura,Oferecemos serviços de manutenção e higienização de ar condicionado para garantir o máximo desempenho e eficiência do seu equipamento.,Vilamoura
manutencao-e-instalacao-de-ar-condicionado-split-vilamoura,Manutenção e instalação de ar condicionado split em Vilamoura,"Oferecemos serviços de instalação, manutenção e reparação de sistemas de ar condicionado split para residências e empresas.",Vilamoura
manutencao-e-preventiva-ar-condicionados-vilamoura,Manutenção e preventiva de ar condicionados em Vilamoura,"Oferecemos serviços de manutenção e preventiva para ar condicionados, garantindo que o seu sistema funcione de forma eficiente e prolongando a sua vida útil.",Vilamoura
manutencao-em-ar-condicionado-de-janela-vilamoura,Manutenção em ar condicionado de janela em Vilamoura,"Oferecemos serviços de manutenção para ar condicionado de janela, garantindo o seu funcionamento ideal e prolongando a sua vida útil.",Vilamoura
manutencao-em-ar-condicionado-portatil-vilamoura,Manutenção de ar condicionado portátil em Vilamoura,"Oferecemos serviços de manutenção especializados para o seu ar condicionado portátil, garantindo que ele funcione de forma eficiente e confiável.",Vilamoura
manutencao-em-central-de-ar-vilamoura,Manutenção em central de ar em Vilamoura,"Oferecemos serviços de manutenção especializada em sistemas de ar condicionado central, garantindo o seu funcionamento eficiente e duradouro.",Vilamoura
manutencao-em-refrigeracao-comercial-vilamoura,Manutenção em refrigeração comercial em Vilamoura,"Oferecemos serviços de manutenção de sistemas de refrigeração comercial, garantindo eficiência e funcionalidade para o seu negócio.",Vilamoura
manutencao-fan-coil-vilamoura,Manutenção de fan coil em Vilamoura,"Oferecemos serviços especializados de manutenção para sistemas de fan coil, garantindo que seu ar condicionado funcione de forma eficiente e eficaz em sua residência ou empresa.",Vilamoura
manutencao-lg-dual-inverter-vilamoura,Manutenção de ar condicionado LG Dual Inverter em Vilamoura,"Oferecemos serviços de manutenção especializada para o seu ar condicionado LG Dual Inverter, garantindo o seu funcionamento eficiente e prolongando sua vida útil.",Vilamoura
manutencao-no-ar-condicionado-vilamoura,Manutenção no ar condicionado em Vilamoura,Oferecemos serviços de manutenção de ar condicionado para garantir o funcionamento eficiente e prolongar a vida útil do seu equipamento.,Vilamoura
manutencao-periodica-ar-condicionado-vilamoura,Manutenção periódica de ar condicionado em Vilamoura,"Oferecemos serviços de manutenção periódica para garantir o funcionamento ideal do seu ar condicionado, tanto em residências como em empresas.",Vilamoura
manutencao-periodica-de-ar-condicionado-vilamoura,Manutenção periódica de ar condicionado em Vilamoura,Oferecemos serviços de manutenção periódica para garantir o funcionamento eficiente do seu sistema de ar condicionado em residências e empresas.,Vilamoura
manutencao-preditiva-ar-condicionado-vilamoura,Manutenção preditiva de ar condicionado em Vilamoura,Oferecemos serviços de manutenção preditiva para garantir que o seu sistema de ar condicionado opere de forma eficiente e confiável.,Vilamoura
manutencao-preditiva-de-ar-condicionado-vilamoura,Manutenção preditiva de ar condicionado em Vilamoura,Oferecemos serviços de manutenção preditiva para garantir o ótimo funcionamento do seu ar condicionado. Contamos com uma equipa especializada para atender tanto residências como empresas.,Vilamoura
manutencao-preventiva-ar-condicionado-split-vilamoura,Manutenção preventiva de ar condicionado split em Vilamoura,Garanta o bom funcionamento e a eficiência do seu ar condicionado split com os nossos serviços de manutenção preventiva em Vilamoura. Estamos aqui para ajudar na manutenção e reparação.,Vilamoura
manutencao-preventiva-condicionada-vilamoura,Manutenção preventiva de ar condicionado em Vilamoura,"Oferecemos serviços de manutenção preventiva para garantir o funcionamento eficiente do seu sistema de ar condicionado, proporcionando conforto e economia de energia.",Vilamoura
manutencao-preventiva-de-ar-condicionado-split-vilamoura,Manutenção preventiva de ar condicionado split em Vilamoura,"Oferecemos serviços de manutenção preventiva para o seu ar condicionado split, garantindo o seu funcionamento eficiente e prolongando a sua vida útil.",Vilamoura
manutencao-preventiva-do-ar-condicionado-vilamoura,Manutenção preventiva do ar condicionado em Vilamoura,"Oferecemos serviços de manutenção preventiva para garantir o bom funcionamento do seu ar condicionado, tanto em residências como em empresas.",Vilamoura
manutencao-preventiva-fan-coil-vilamoura,Manutenção preventiva de fan coil em Vilamoura,"Oferecemos serviços de manutenção preventiva para sistemas de fan coil, garantindo que o seu equipamento funcione sempre em ótimas condições.",Vilamoura
manutencao-preventiva-refrigeracao-vilamoura,Manutenção preventiva de refrigeração em Vilamoura,"Oferecemos serviços de manutenção preventiva para sistemas de refrigeração, garantindo eficiência e durabilidade para sua instalação.",Vilamoura
manutencao-preventiva-split-vilamoura,Manutenção preventiva de ar condicionado split em Vilamoura,Assegure o bom funcionamento do seu ar condicionado com a nossa manutenção preventiva especializada.,Vilamoura
manutencao-refrigeracao-comercial-vilamoura,Manutenção de refrigeração comercial em Vilamoura,Oferecemos serviços de manutenção de sistemas de refrigeração comercial para garantir o funcionamento eficiente do seu negócio.,Vilamoura
manutencao-sistemas-avac-vilamoura,Manutenção de sistemas AVAC em Vilamoura,Oferecemos serviços de manutenção de sistemas AVAC para garantir o melhor funcionamento e eficiência do seu equipamento.,Vilamoura
manutencao-split-inverter-vilamoura,Manutenção de ar condicionado split inverter em Vilamoura,"Oferecemos serviços de manutenção para sistemas de ar condicionado split inverter, garantindo um desempenho eficiente e prolongando a vida útil do seu equipamento.",Vilamoura
manutencao-springer-ar-condicionado-vilamoura,Manutenção de ar condicionado Springer em Vilamoura,"Oferecemos serviços de manutenção especializada para sistemas de ar condicionado Springer, garantindo o seu funcionamento eficiente e duradouro em Vilamoura.",Vilamoura
montagem-e-manutencao-de-ar-condicionado-vilamoura,Montagem e manutenção de ar condicionado em Vilamoura,"Oferecemos serviços de montagem e manutenção de sistemas de ar condicionado para residências e empresas, garantindo conforto e eficiência.",Vilamoura
oficina-de-manutencao-de-ar-condicionado-vilamoura,Oficina de manutenção de ar condicionado em Vilamoura,Oferecemos serviços de manutenção e reparação de ar condicionado para garantir o conforto do seu espaço.,Vilamoura
orcamento-manutencao-ar-condicionado-vilamoura,Orçamento para manutenção de ar condicionado em Vilamoura,"Oferecemos serviços de manutenção para garantir o perfeito funcionamento do seu ar condicionado, seja em residências ou empresas. Entre em contato para um orçamento personalizado.",Vilamoura
orcamento-manutencao-de-ar-condicionado-vilamoura,Orçamento para manutenção de ar condicionado em Vilamoura,"Oferecemos serviços de manutenção de ar condicionado para residencial e comercial, garantindo o funcionamento ideal do seu equipamento.",Vilamoura
orcamento-para-manutencao-de-ar-condicionado-vilamoura,Orçamento para manutenção de ar condicionado em Vilamoura,"Oferecemos serviços de manutenção de ar condicionado para residências e empresas, garantindo que o seu equipamento funcione de forma eficiente.",Vilamoura
preventiva-em-ar-condicionado-vilamoura,Manutenção preventiva em ar condicionado em Vilamoura,Oferecemos serviços de manutenção preventiva para garantir que o seu sistema de ar condicionado funcione de forma eficiente e prolongue a sua vida útil.,Vilamoura
refrigeracao-e-manutencao-vilamoura,Refrigeração e manutenção em Vilamoura,"Oferecemos serviços de refrigeração e manutenção para residências e empresas, garantindo um ambiente confortável durante todo o ano.",Vilamoura
servico-de-manutencao-ar-condicionado-vilamoura,Serviço de manutenção de ar condicionado em Vilamoura,"Oferecemos serviços de manutenção para garantir o funcionamento ideal do seu ar condicionado, seja em ambientes residenciais ou comerciais.",Vilamoura
servicos-de-manutencao-preventiva-e-corretiva-de-ar-condicionado-vilamoura,Serviços de manutenção preventiva e corretiva de ar condicionado em Vilamoura,"Oferecemos serviços de manutenção que garantem o funcionamento ótimo do seu ar condicionado, tanto para residências como para empresas.",Vilamoura
split-manutencao-vilamoura,Manutenção de ar condicionado split em Vilamoura,"Oferecemos serviços de manutenção profissionais para sistemas de ar condicionado split, garantindo o seu perfeito funcionamento.",Vilamoura
manutencao-ar-condicionado-guia,Manutenção de ar condicionado em Guia,Oferecemos serviços de manutenção de ar condicionado para garantir o funcionamento eficiente do seu sistema. Entre em contato conosco para agendar uma visita.,Guia
manutencao-de-ar-condicionado-guia,Manutenção de ar condicionado em Guia,Oferecemos serviços de manutenção de ar condicionado para garantir o perfeito funcionamento do seu sistema de climatização.,Guia
ar-condicionado-manutencao-guia,Manutenção de ar condicionado em Guia,"Oferecemos serviços de manutenção para garantir o funcionamento ideal do seu sistema de ar condicionado, atendendo tanto residências como empresas.",Guia
manutencao-em-ar-condicionado-guia,Manutenção em ar condicionado em Guia,"Oferecemos serviços de manutenção de ar condicionado para garantir o seu conforto e eficiência, tanto em instalações residenciais como comerciais.",Guia
empresa-de-manutencao-de-ar-condicionado-guia,Empresa de manutenção de ar condicionado em Guia,"Oferecemos serviços de manutenção e reparação de ar condicionado para residências e empresas, garantindo o funcionamento ideal do seu equipamento.",Guia
manutencao-preventiva-ar-condicionado-guia,Manutenção preventiva de ar condicionado em Guia,"Oferecemos serviços de manutenção preventiva para garantir o funcionamento eficiente do seu ar condicionado, seja para sua residência ou empresa.",Guia
manutencao-ar-condicionado-residencial-guia,Manutenção de ar condicionado residencial em Guia,Oferecemos serviços de manutenção de ar condicionado residencial para garantir que o seu sistema funcione de forma eficiente e confiável. Entre em contato conosco para uma avaliação e serviço de qualidade.,Guia
instalacao-e-manutencao-de-ar-condicionado-guia,Instalação e manutenção de ar condicionado em Guia,"Oferecemos serviços de instalação e manutenção de ar condicionado para residências e empresas em Guia. Trabalhamos com todas as principais marcas como LG, Daikin e Samsung.",Guia
manutencao-de-ar-condicionado-residencial-guia,Manutenção de ar condicionado residencial em Guia,Oferecemos serviços de manutenção de ar condicionado residencial para garantir o seu conforto e eficiência.,Guia
manutencao-de-ar-condicionado-split-guia,Manutenção de ar condicionado split em Guia,"Oferecemos serviços de manutenção especializada para ar condicionado split, garantindo conforto e eficiência em sua casa ou empresa.",Guia
manutencao-ar-condicionado-perto-de-mim-guia,Manutenção de ar condicionado perto de mim,"Oferecemos serviços de manutenção de ar condicionado em Guia, garantindo o desempenho ideal do seu sistema de climatização.",Guia
manutencao-ar-condicionado-split-guia,Manutenção de ar condicionado split em Guia,"Oferecemos serviços de manutenção especializada para sistemas de ar condicionado split, garantindo o desempenho ideal e a eficiência do seu equipamento.",Guia
manutencao-preventiva-de-ar-condicionado-guia,Manutenção preventiva de ar condicionado em Guia,Oferecemos serviços de manutenção preventiva para garantir o funcionamento eficaz e duradouro do seu ar condicionado.,Guia
empresa-manutencao-ar-condicionado-guia,Empresa de manutenção de ar condicionado em Guia,"Oferecemos serviços de manutenção para sistemas de ar condicionado, garantindo o seu funcionamento eficaz e prolongando a sua vida útil.",Guia
manutencao-e-instalacao-de-ar-condicionado-guia,Manutenção e instalação de ar condicionado em Guia,"Oferecemos serviços profissionais de manutenção e instalação de ar condicionado para residências e empresas, garantindo conforto e eficiência.",Guia
manutencao-em-ar-condicionado-residencial-guia,Manutenção em ar condicionado residencial em Guia,"Oferecemos serviços de manutenção para sistemas de ar condicionado residenciais, garantindo conforto e eficiência em sua casa.",Guia
manutencao-ar-condicionado-lg-guia,Manutenção de ar condicionado LG em Guia,"Oferecemos serviços de manutenção para sistemas de ar condicionado da marca LG, garantindo que seu equipamento funcione perfeitamente. Também realizamos manutenção para todas as principais marcas.",Guia
manutencao-ar-condicionado-portatil-guia,Manutenção de ar condicionado portátil em Guia,"Oferecemos serviços de manutenção especializados para garantir o bom funcionamento do seu ar condicionado portátil, tanto para residências como para empresas.",Guia
manutencao-ar-condicionado-daikin-guia,Manutenção de ar condicionado Daikin em Guia,"Oferecemos serviços de manutenção especializados para sistemas de ar condicionado Daikin, garantindo o seu conforto e eficiência.",Guia
manutencao-do-ar-condicionado-guia,Manutenção do ar condicionado em Guia,"Oferecemos serviços de manutenção de ar condicionado para garantir o seu funcionamento ideal, tanto para residências como para empresas.",Guia
manutencao-de-ar-condicionado-portatil-guia,Manutenção de ar condicionado portátil em Guia,"Oferecemos serviços de manutenção especializados para ar condicionado portátil, garantindo que seu aparelho funcione de forma eficiente e eficaz.",Guia
servico-de-manutencao-de-ar-condicionado-guia,Serviço de manutenção de ar condicionado em Guia,"Oferecemos serviços de manutenção para todos os tipos de sistemas de ar condicionado, garantindo o seu funcionamento eficiente e duradouro.",Guia
manutencao-de-ar-condicionado-central-guia,Manutenção de ar condicionado central em Guia,"Oferecemos serviços de manutenção eficiente para sistemas de ar condicionado central em residências e empresas, garantindo o funcionamento ideal do seu equipamento.",Guia
ar-condicionado-instalacao-e-manutencao-guia,Instalação e manutenção de ar condicionado em Guia,"Oferecemos serviços de instalação e manutenção de sistemas de ar condicionado para residências e empresas, garantindo conforto e eficiência.",Guia
higienizacao-ar-condicionado-split-guia,Higienização de ar condicionado split em Guia,Garanta a eficiência e a qualidade do seu ar condicionado split com nossos serviços de higienização profissional.,Guia
manutencao-de-ar-guia,Manutenção de ar condicionado em Guia,"Oferecemos serviços de manutenção de ar condicionado para garantir o funcionamento eficiente e duradouro do seu sistema, seja em residências ou empresas.",Guia
refrigeracao-manutencao-guia,Manutenção de refrigeração em Guia,"Oferecemos serviços de manutenção para sistemas de refrigeração, garantindo que o seu equipamento funcione de forma eficiente e confiável.",Guia
manutencao-de-ar-condicionado-industrial-guia,Manutenção de ar condicionado industrial em Guia,Oferecemos serviços de manutenção de ar condicionado industrial para garantir o funcionamento eficiente e duradouro do seu equipamento.,Guia
empresas-que-fazem-manutencao-de-ar-condicionado-guia,Empresa de ar condicionado em Guia,"Oferecemos serviços de manutenção de ar condicionado para residências e empresas, garantindo o melhor desempenho do seu sistema.",Guia
manutencao-ar-condicionado-samsung-guia,Manutenção de ar condicionado Samsung em Guia,"Oferecemos serviços de manutenção especializados para o seu ar condicionado Samsung, garantindo um funcionamento eficiente e duradouro.",Guia
ar-condicionado-manutencao-preventiva-guia,Manutenção preventiva de ar condicionado em Guia,Garanta o funcionamento eficiente do seu ar condicionado com nossos serviços de manutenção preventiva em Guia. Estamos à disposição para atender tanto residências quanto empresas.,Guia
assistencia-tecnica-ar-condicionado-fujitsu-guia,Assistência técnica de ar condicionado Fujitsu em Guia,"Oferecemos serviços de reparação e manutenção de ar condicionado Fujitsu, garantindo que você tenha o conforto que precisa em sua casa ou empresa.",Guia
ar-condicionado-assistencia-guia,Assistência de ar condicionado em Guia,"Oferecemos serviços de assistência técnica para qualquer marca de ar condicionado, garantindo conforto e qualidade no seu ambiente.",Guia
empresa-de-manutencao-ar-condicionado-guia,Empresa de manutenção de ar condicionado em Guia,"Oferecemos serviços de manutenção para todos os tipos de sistemas de ar condicionado, garantindo eficiência e conforto para sua casa ou empresa.",Guia
manutencao-em-ar-condicionado-split-guia,Manutenção em ar condicionado split em Guia,"Oferecemos serviços profissionais de manutenção para ar condicionado split, garantindo o seu funcionamento eficiente em ambientes residenciais e comerciais.",Guia
manutencao-ar-condicionado-fujitsu-guia,Manutenção de ar condicionado Fujitsu em Guia,"Oferecemos serviços de manutenção especializada para sistemas de ar condicionado Fujitsu, garantindo um desempenho ideal e conforto em sua casa ou empresa.",Guia
ar-condicionado-manutencao-e-instalacao-guia,Manutenção e instalação de ar condicionado em Guia,"Oferecemos serviços de manutenção e instalação de sistemas de ar condicionado, garantindo conforto e eficiência para sua casa ou empresa.",Guia
manutencao-ar-condicionado-24-horas-guia,Manutenção de ar condicionado 24 horas em Guia,"Oferecemos serviços de manutenção de ar condicionado 24 horas para garantir que o seu sistema funcione perfeitamente, esteja você em casa ou no seu negócio.",Guia
orcamento-de-manutencao-de-ar-condicionado-guia,Orçamento de manutenção de ar condicionado em Guia,"Oferecemos serviços de manutenção de ar condicionado para residências e empresas, garantindo o funcionamento eficiente do seu sistema.",Guia
manutencao-corretiva-ar-condicionado-guia,Manutenção corretiva de ar condicionado em Guia,"Oferecemos serviços de manutenção corretiva para garantir o funcionamento eficiente do seu ar condicionado, tanto em instalações residenciais como comerciais.",Guia
empresa-manutencao-de-ar-condicionado-guia,Empresa de manutenção de ar condicionado em Guia,"Oferecemos serviços de manutenção de ar condicionado para residências e empresas, garantindo conforto e eficiência no seu sistema.",Guia
ar-condicionado-split-manutencao-guia,Manutenção de ar condicionado split em Guia,"Oferecemos serviços de manutenção de ar condicionado split para garantir o seu funcionamento ideal, tanto para residências como para empresas.",Guia
manutencao-de-ar-condicionado-perto-de-mim-guia,Manutenção de ar condicionado em Guia,Oferecemos serviços de manutenção de ar condicionado para residências e empresas em Guia. A nossa equipe está pronta para garantir que o seu sistema de ar condicionado funcione de forma eficiente.,Guia
manutencao-split-guia,Manutenção de ar condicionado split em Guia,"Oferecemos serviços de manutenção de sistemas de ar condicionado split, garantindo o máximo desempenho e conforto para sua casa ou empresa.",Guia
daikin-manutencao-guia,Manutenção de ar condicionado Daikin em Guia,"Oferecemos serviços de manutenção especializados para sistemas de ar condicionado Daikin, garantindo o melhor desempenho e eficiência do seu equipamento.",Guia
manutencao-ar-condicionado-lg-dual-inverter-guia,Manutenção de ar condicionado LG Dual Inverter em Guia,"Oferecemos serviços de manutenção especializados para o seu ar condicionado LG Dual Inverter, garantindo performance e eficiência para o seu conforto.",Guia
revisao-de-ar-condicionado-guia,Revisão de ar condicionado em Guia,Mantenha o seu ar condicionado em ótimo estado com os nossos serviços de revisão especializados.,Guia
manutencao-preventiva-em-ar-condicionado-guia,Manutenção preventiva em ar condicionado em Guia,Oferecemos serviços de manutenção preventiva para garantir o perfeito funcionamento do seu ar condicionado em residências e empresas.,Guia
manutencao-ar-condicionado-janela-guia,Manutenção de ar condicionado de janela em Guia,"Oferecemos serviços de manutenção especializados para ar condicionado de janela, garantindo um funcionamento eficiente e duradouro em sua casa ou empresa.",Guia
manutencao-em-ar-condicionado-industrial-guia,Manutenção em ar condicionado industrial em Guia,"Oferecemos serviços de manutenção especializados para sistemas de ar condicionado industrial, garantindo o melhor desempenho e eficiência para a sua empresa.",Guia
manutencao-preventiva-e-corretiva-ar-condicionado-guia,Manutenção preventiva e corretiva de ar condicionado em Guia,Oferecemos serviços de manutenção preventiva e corretiva para garantir o funcionamento ideal do seu ar condicionado em residências e empresas.,Guia
manutencao-ar-condicionado-central-guia,Manutenção de ar condicionado central em Guia,"Oferecemos serviços de manutenção especializada para sistemas de ar condicionado central, garantindo o melhor desempenho e eficiência energética.",Guia
manutencao-ar-condicionado-industrial-guia,Manutenção de ar condicionado industrial em Guia,"Oferecemos serviços de manutenção para sistemas de ar condicionado industrial, garantindo eficiência e durabilidade em suas instalações.",Guia
manutencao-ar-condicionado-de-janela-guia,Manutenção de ar condicionado de janela em Guia,"Oferecemos serviços de manutenção para ar condicionado de janela, garantindo conforto e eficiência energética na sua casa ou empresa.",Guia
preventiva-de-ar-condicionado-guia,Manutenção preventiva de ar condicionado em Guia,"Oferecemos serviços de manutenção preventiva para garantir o melhor desempenho do seu ar condicionado, tanto em residências como em empresas.",Guia
manutencao-de-ar-condicionado-lg-guia,Manutenção de ar condicionado LG em Guia,"Oferecemos serviços de manutenção para sistemas de ar condicionado LG e de todas as marcas, garantindo o melhor desempenho do seu equipamento.",Guia
assistencia-de-ar-condicionado-guia,Assistência de ar condicionado em Guia,"Oferecemos serviços de assistência técnica para todos os tipos de ar condicionados, garantindo o seu conforto em Guia.",Guia
manutencao-de-ar-condicionado-de-janela-guia,Manutenção de ar condicionado de janela em Guia,Oferecemos serviços de manutenção de ar condicionado de janela para garantir que o seu aparelho funcione de forma eficiente e duradoura.,Guia
ar-condicionado-residencial-manutencao-guia,Manutenção de ar condicionado residencial em Guia,Oferecemos serviços de manutenção para garantir o funcionamento eficiente do seu ar condicionado residencial.,Guia
preventiva-ar-condicionado-guia,Manutenção preventiva de ar condicionado em Guia,Garanta o desempenho ideal do seu sistema de ar condicionado com nossos serviços de manutenção preventiva em Guia. Oferecemos soluções para residências e empresas.,Guia
manutencao-de-split-guia,Manutenção de ar condicionado split em Guia,Oferecemos serviços de manutenção de ar condicionado split para garantir o desempenho ideal do seu equipamento.,Guia
empresa-de-manutencao-em-ar-condicionado-guia,Empresa de manutenção em ar condicionado em Guia,Oferecemos serviços de manutenção e reparação de ar condicionado para residências e empresas em Guia.,Guia
manutencao-ar-condicionado-springer-guia,Manutenção de ar condicionado Springer em Guia,"Oferecemos serviços de manutenção profissional para sistemas de ar condicionado Springer, garantindo que o seu equipamento funcione de forma eficiente e confiável.",Guia
manutencao-para-ar-condicionado-guia,Manutenção para ar condicionado em Guia,"Oferecemos serviços de manutenção para ar condicionado, garantindo um funcionamento eficiente dos seus sistemas, tanto em instalações residenciais como comerciais.",Guia
manutencao-ar-split-guia,Manutenção de ar condicionado split em Guia,Oferecemos serviços de manutenção para garantir o funcionamento eficiente do seu ar condicionado split. Entre em contato para uma avaliação!,Guia
manutencao-preventiva-e-corretiva-de-ar-condicionado-guia,Manutenção preventiva e corretiva de ar condicionado em Guia,"Oferecemos serviços completos de manutenção preventiva e corretiva para garantir o ótimo funcionamento do seu sistema de ar condicionado, seja em residências ou empresas.",Guia
empresa-de-higienizacao-de-ar-condicionado-guia,Empresa de higienização de ar condicionado em Guia,"Oferecemos serviços de higienização para ar condicionado, garantindo a qualidade do ar e eficiência do seu equipamento.",Guia
air-systems-manutencao-de-ar-condicionado-guia,Manutenção de ar condicionado em Guia,"Oferecemos serviços de manutenção para sistemas de ar condicionado, garantindo que o seu sistema funcione de maneira eficiente e prolongando a sua vida útil.",Guia
ar-condicionado-carrier-manutencao-guia,Manutenção de ar condicionado Carrier em Guia,"Oferecemos serviços de manutenção especializados para unidades de ar condicionado Carrier, garantindo que seu sistema funcione de maneira eficiente e prolongue a sua vida útil.",Guia
ar-condicionado-central-manutencao-guia,Manutenção de ar condicionado central em Guia,"Oferecemos serviços de manutenção completos para sistemas de ar condicionado central, garantindo que o seu equipamento funcione de forma eficiente e duradouro.",Guia
ar-condicionado-daikin-manutencao-guia,Manutenção de ar condicionado Daikin em Guia,"Oferecemos serviços de manutenção especializados para sistemas de ar condicionado Daikin, garantindo que o seu equipamento funcione de forma eficiente e duradoura.",Guia
ar-condicionado-de-janela-manutencao-guia,Manutenção de ar condicionado de janela em Guia,"Oferecemos serviços de manutenção especializados para ar condicionado de janela, assegurando que o seu sistema funcione de forma eficiente e eficaz.",Guia
ar-condicionado-empresas-de-manutencao-guia,Empresa de ar condicionado em Guia,"Oferecemos serviços de manutenção de sistemas de ar condicionado para residências e empresas, garantindo o seu conforto e eficiência.",Guia
ar-condicionado-fujitsu-manutencao-guia,Manutenção de ar condicionado Fujitsu em Guia,"Oferecemos serviços de manutenção de ar condicionado Fujitsu, garantindo que o seu sistema funcione de forma eficiente e prolongando a sua vida útil.",Guia
ar-condicionado-instalacao-manutencao-guia,Instalação e manutenção de ar condicionado em Guia,"Oferecemos serviços de instalação e manutenção de sistemas de ar condicionado para residências e empresas. Trabalhamos com todas as principais marcas, garantindo eficiência e conforto.",Guia
ar-condicionado-inverter-manutencao-guia,Manutenção de ar condicionado inverter em Guia,"Oferecemos serviços de manutenção especializada para sistemas de ar condicionado inverter, garantindo o seu funcionamento eficiente e prolongando a sua vida útil.",Guia
ar-condicionado-janela-manutencao-guia,Manutenção de ar condicionado de janela em Guia,"Oferecemos serviços de manutenção profissional para o seu ar condicionado de janela, garantindo o funcionamento eficiente e prolongando a sua vida útil.",Guia
ar-condicionado-lg-manutencao-guia,Manutenção de ar condicionado LG em Guia,"Oferecemos serviços de manutenção para o seu ar condicionado LG, garantindo que o seu equipamento funcione de forma eficiente e duradoura.",Guia
ar-condicionado-portatil-manutencao-guia,Manutenção de ar condicionado portátil em Guia,Oferecemos serviços de manutenção para garantir que o seu ar condicionado portátil funcione sempre em ótimas condições.,Guia
ar-condicionado-precisa-de-manutencao-guia,Manutenção de ar condicionado em Guia,Oferecemos serviços de manutenção de ar condicionado para garantir que seu aparelho funcione de forma eficiente e duradoura.,Guia
ar-condicionado-samsung-manutencao-guia,Manutenção de ar condicionado Samsung em Guia,"Oferecemos serviços de manutenção especializada para o seu ar condicionado Samsung, garantindo o melhor desempenho e conforto no seu espaço.",Guia
ar-condicionado-springer-manutencao-guia,Manutenção de ar condicionado Springer em Guia,"Oferecemos serviços de manutenção especializados para sistemas de ar condicionado Springer, garantindo o seu funcionamento eficiente e prolongando a sua vida útil.",Guia
ar-ice-clean-manutencao-higienizacao-e-instalacao-de-ar-condicionado-guia,"Manutenção, higienização e instalação de ar condicionado em Guia","Oferecemos serviços completos de instalação, manutenção e higienização de sistemas de ar condicionado para residências e empresas, garantindo eficiência e conforto.",Guia
ar-manutencao-guia,Manutenção de ar condicionado em Guia,Oferecemos serviços de manutenção de ar condicionado para garantir o seu bom funcionamento e prolongar a vida útil do seu equipamento.,Guia
arcotec-ar-condicionado-instalacao-e-manutencao-guia,Instalação e manutenção de ar condicionado Arcotec em Guia,Oferecemos serviços de instalação e manutenção para sistemas de ar condicionado Arcotec e todas as principais marcas em Guia. Entre em contato conosco para garantir um ambiente confortável.,Guia
assistencia-em-ar-condicionado-guia,Assistência em ar condicionado em Guia,"Oferecemos serviços de assistência técnica, incluindo reparação e manutenção de sistemas de ar condicionado para residências e empresas.",Guia
assistencia-tecnica-ar-guia,Assistência técnica de ar em Guia,"Oferecemos serviços de assistência técnica para ar condicionado, garantindo conforto e eficiência em sua casa ou empresa.",Guia
assistencia-tecnica-ar-condicionado-hitachi-guia,Assistência técnica de ar condicionado Hitachi em Guia,"Oferecemos serviços de reparação e manutenção de unidades Hitachi, garantindo o funcionamento ideal do seu sistema de climatização.",Guia
assistencia-tecnica-em-ar-condicionado-guia,Assistência técnica em ar condicionado em Guia,Oferecemos serviços de reparação e manutenção de ar condicionado para residências e empresas em Guia.,Guia
carrier-manutencao-ar-condicionado-guia,Manutenção de ar condicionado Carrier em Guia,"Oferecemos serviços de manutenção para sistemas de ar condicionado Carrier, garantindo o seu funcionamento ideal e aumentando a durabilidade do equipamento.",Guia
empresa-de-ar-condicionado-manutencao-guia,Empresa de ar condicionado em Guia,Oferecemos serviços de manutenção especializada em sistemas de ar condicionado para residências e empresas.,Guia
empresa-de-instalacao-e-manutencao-de-ar-condicionado-guia,Empresa de instalação e manutenção de ar condicionado em Guia,"Oferecemos serviços de instalação e manutenção de sistemas de ar condicionado para residências e empresas, garantindo conforto em qualquer espaço.",Guia
empresas-de-instalacao-e-manutencao-de-ar-condicionado-guia,Empresa de instalação e manutenção de ar condicionado em Guia,"Oferecemos serviços profissionais de instalação e manutenção de ar condicionado para residências e empresas em Guia. Trabalhamos com todas as principais marcas como LG, Daikin e Samsung, garantindo conforto e qualidade.",Guia
fan-coil-manutencao-guia,Manutenção de fan coil em Guia,"Oferecemos serviços de manutenção para fan coils, garantindo o seu funcionamento eficiente e duradouro.",Guia
fujitsu-ar-condicionado-assistencia-tecnica-guia,Assistência técnica de ar condicionado Fujitsu em Guia,"Oferecemos serviços de instalação, reparação e manutenção de ar condicionado Fujitsu, garantindo que seu sistema funcione sempre na melhor condição.",Guia
fujitsu-ar-condicionado-manutencao-guia,Manutenção de ar condicionado Fujitsu em Guia,"Oferecemos serviços de manutenção especializados para sistemas de ar condicionado Fujitsu, garantindo eficiência e conforto em sua residência ou empresa.",Guia
higienizar-ar-condicionado-split-guia,Higienização de ar condicionado split em Guia,"Oferecemos serviços de higienização profissional para unidades de ar condicionado split, garantindo um ambiente saudável e agradável na sua casa ou empresa.",Guia
higienizacao-de-ar-condicionado-de-janela-guia,Higienização de ar condicionado de janela em Guia,"Oferecemos serviços de higienização eficientes para o seu ar condicionado de janela, garantindo um ambiente mais saudável and confortável em sua casa ou escritório.",Guia
instalacao-de-ar-condicionado-e-manutencao-guia,Instalação de ar condicionado e manutenção em Guia,"Oferecemos serviços de instalação e manutenção de ar condicionado para residências e empresas, garantindo conforto e qualidade no seu ambiente.",Guia
instalacao-e-manutencao-ar-condicionado-guia,Instalação e manutenção de ar condicionado em Guia,"Oferecemos serviços completos de instalação e manutenção para sistemas de ar condicionado, garantindo conforto e eficiência para residências e empresas.",Guia
instalacao-e-manutencao-de-ar-condicionado-split-guia,Instalação e manutenção de ar condicionado split em Guia,"Oferecemos serviços completos de instalação e manutenção de sistemas de ar condicionado split, garantindo conforto e eficiência para sua casa ou empresa.",Guia
instalacao-e-manutencao-de-split-guia,Instalação e manutenção de ar condicionado split em Guia,"Oferecemos serviços de instalação e manutenção para sistemas de ar condicionado split, garantindo conforto e eficiência energética para residências e empresas.",Guia
instalacao-e-manutencao-em-ar-condicionado-guia,Instalação e manutenção de ar condicionado em Guia,Oferecemos serviços de instalação e manutenção de ar condicionado tanto para residências como para empresas em Guia. Entre em contato para garantir o conforto no seu ambiente.,Guia
instalacao-manutencao-ar-condicionado-guia,Instalação e manutenção de ar condicionado em Guia,"Oferecemos serviços de instalação e manutenção de ar condicionado para residências e empresas, trabalhando com todas as principais marcas como LG, Daikin e Samsung.",Guia
manutencao-ar-guia,Manutenção de ar condicionado em Guia,"Oferecemos serviços de manutenção para todos os tipos de sistemas de ar condicionado, garantindo o seu funcionamento eficiente e duradouro.",Guia
manutencao-ar-cond-guia,Manutenção de ar condicionado em Guia,"Oferecemos serviços de manutenção de ar condicionado para garantir o funcionamento eficiente do seu equipamento, seja em residências ou empresas.",Guia
manutencao-de-ar-split-guia,Manutenção de ar condicionado split em Guia,"Oferecemos serviços de manutenção de ar condicionado split para garantir que o seu sistema funcione sempre em perfeitas condições, atendendo a residências e empresas.",Guia
manutencao-em-ar-guia,Manutenção de ar condicionado em Guia,"Oferecemos serviços completos de manutenção para o seu sistema de ar condicionado, garantindo o seu perfeito funcionamento e eficiência.",Guia
manutencao-ar-condicionado-carrier-guia,Manutenção de ar condicionado Carrier em Guia,"Oferecemos serviços de manutenção especializados para sistemas de ar condicionado Carrier, garantindo um funcionamento eficiente e prolongando a vida útil do seu equipamento.",Guia
manutencao-ar-condicionado-comfee-guia,Manutenção de ar condicionado Comfee em Guia,"Oferecemos serviços de manutenção especializada para seus sistemas Comfee, garantindo o desempenho ideal do seu ar condicionado.",Guia
manutencao-ar-condicionado-delonghi-guia,Manutenção de ar condicionado Delonghi em Guia,"Oferecemos serviços de manutenção para o seu ar condicionado Delonghi, garantindo o seu ideal funcionamento e conforto.",Guia
manutencao-ar-condicionado-gree-guia,Manutenção de ar condicionado Gree em Guia,"Oferecemos serviços de manutenção especializados para ar condicionado Gree, garantindo que o seu sistema funcione de forma eficiente e prolongando a sua vida útil.",Guia
manutencao-ar-condicionado-hitachi-guia,Manutenção de ar condicionado Hitachi em Guia,"Oferecemos serviços de manutenção especializados para sistemas de ar condicionado Hitachi, garantindo o perfeito funcionamento do seu equipamento.",Guia
manutencao-ar-condicionado-inverter-guia,Manutenção de ar condicionado inverter em Guia,"Oferecemos serviços de manutenção especializados para sistemas de ar condicionado inverter, garantindo o seu funcionamento eficiente e prolongando a sua vida útil.",Guia
manutencao-ar-condicionado-k7-guia,Manutenção de ar condicionado K7 em Guia,"Oferecemos serviços de manutenção para sistemas de ar condicionado K7, garantindo um funcionamento eficiente e duradouro.",Guia
manutencao-ar-condicionado-lg-inverter-guia,Manutenção de ar condicionado LG Inverter em Guia,"Oferecemos serviços de manutenção especializados para sistemas de ar condicionado LG Inverter, garantindo o funcionamento eficiente e prolongando a vida útil do seu equipamento.",Guia
manutencao-ar-condicionado-portatil-delonghi-guia,Manutenção de ar condicionado portátil Delonghi em Guia,"Oferecemos serviços completos de manutenção para o seu ar condicionado portátil Delonghi, garantindo que ele funcione de forma eficiente e prolongue a sua vida útil.",Guia
manutencao-ar-condicionado-portatil-midea-guia,Manutenção de ar condicionado portátil Midea em Guia,"Oferecemos serviços de manutenção para o seu ar condicionado portátil Midea, garantindo o seu funcionamento ideal durante todo o ano.",Guia
manutencao-ar-condicionado-samsung-inverter-guia,Manutenção de ar condicionado Samsung inverter em Guia,"Garantimos um serviço de qualidade para manter o seu ar condicionado Samsung inverter em perfeito estado, seja para uso residencial ou comercial.",Guia
manutencao-ar-condicionado-split-gree-guia,Manutenção de ar condicionado split Gree em Guia,"Oferecemos serviços de manutenção para o seu ar condicionado split Gree, garantindo um funcionamento eficiente e prolongando a vida útil do seu equipamento em Guia.",Guia
manutencao-ar-condicionado-split-samsung-guia,Manutenção de ar condicionado split Samsung em Guia,"Oferecemos serviços de manutenção especializados para o seu ar condicionado split Samsung, garantindo o seu funcionamento eficiente e prolongando a sua vida útil.",Guia
manutencao-ar-condicionado-springer-carrier-guia,Manutenção de ar condicionado Springer e Carrier em Guia,"Oferecemos serviços de manutenção para os sistemas de ar condicionado das marcas Springer e Carrier, garantindo que seu equipamento funcione de forma eficiente e duradoura.",Guia
manutencao-ar-portatil-guia,Manutenção de ar portátil em Guia,"Oferecemos serviços de manutenção especializada para o seu ar condicionado portátil, garantindo o seu funcionamento eficaz e duradouro.",Guia
manutencao-avac-guia,Manutenção de AVAC em Guia,"Oferecemos serviços de manutenção para sistemas de climatização, garantindo o funcionamento eficiente e duradouro do seu equipamento.",Guia
manutencao-central-de-ar-guia,Manutenção de central de ar em Guia,Oferecemos serviços de manutenção de sistemas de ar condicionado central para garantir o seu funcionamento eficiente e prolongar a sua vida útil.,Guia
manutencao-climatizador-springer-guia,Manutenção de climatizador Springer em Guia,"Oferecemos serviços especializados de manutenção para climatizadores Springer, garantindo eficiência e conforto em sua casa ou empresa.",Guia
manutencao-condicionador-de-ar-guia,Manutenção de condicionador de ar em Guia,"Oferecemos serviços de manutenção para todos os tipos de condicionadores de ar, garantindo o seu funcionamento eficiente em ambientes residenciais e comerciais.",Guia
manutencao-corretiva-de-ar-condicionado-guia,Manutenção corretiva de ar condicionado em Guia,Oferecemos serviços de manutenção corretiva para garantir o funcionamento otimizado do seu ar condicionado. Trabalhamos com todas as marcas e asseguramos a qualidade do nosso trabalho.,Guia
manutencao-corretiva-e-preventiva-de-ar-condicionado-guia,Manutenção corretiva e preventiva de ar condicionado em Guia,"Oferecemos serviços de manutenção corretiva e preventiva de ar condicionado para garantir o funcionamento ideal do seu sistema, seja em residências ou empresas.",Guia
manutencao-corretiva-em-ar-condicionado-guia,Manutenção corretiva em ar condicionado em Guia,"Oferecemos serviços de manutenção corretiva para garantir o funcionamento eficiente do seu ar condicionado, seja em ambientes residenciais ou comerciais.",Guia
manutencao-de-aparelhos-de-ar-condicionado-guia,Manutenção de aparelhos de ar condicionado em Guia,"Oferecemos serviços de manutenção completos para aparelhos de ar condicionado, garantindo o seu funcionamento eficiente e prolongando a sua vida útil.",Guia
manutencao-de-ar-central-guia,Manutenção de ar condicionado central em Guia,"Oferecemos serviços de manutenção de ar condicionado central para garantir o funcionamento eficiente do seu sistema, tanto em residências como em empresas.",Guia
manutencao-de-ar-condicionado-24-horas-guia,Manutenção de ar condicionado 24 horas em Guia,"Oferecemos serviços de manutenção de ar condicionado disponíveis 24 horas, para garantir que seu ambiente esteja sempre confortável.",Guia
manutencao-de-ar-condicionado-carrier-guia,Manutenção de ar condicionado Carrier em Guia,Oferecemos serviços de manutenção especializados para sistemas de ar condicionado Carrier e todas as principais marcas. Garantimos um desempenho eficiente e confiável.,Guia
manutencao-de-ar-condicionado-comercial-guia,Manutenção de ar condicionado comercial em Guia,"Oferecemos serviços de manutenção para sistemas de ar condicionado comerciais, garantindo eficiência e conforto para o seu negócio.",Guia
manutencao-de-ar-condicionado-daikin-guia,Manutenção de ar condicionado Daikin em Guia,"Oferecemos serviços de manutenção para sistemas de ar condicionado Daikin, garantindo o seu perfeito funcionamento e conforto em sua casa ou empresa.",Guia
manutencao-de-ar-condicionado-de-parede-guia,Manutenção de ar condicionado de parede em Guia,Oferecemos serviços de manutenção de ar condicionado de parede para garantir o seu funcionamento eficiente e prolongar a sua vida útil. Entre em contacto connosco para um serviço rápido e de qualidade.,Guia
manutencao-de-ar-condicionado-elgin-guia,Manutenção de ar condicionado Elgin em Guia,"Oferecemos serviços de manutenção eficientes e de qualidade para o seu ar condicionado Elgin, garantindo que o seu sistema funcione de forma otimizada.",Guia
manutencao-de-ar-condicionado-fujitsu-guia,Manutenção de ar condicionado Fujitsu em Guia,Oferecemos serviços de manutenção especializados para garantir o ótimo funcionamento do seu ar condicionado Fujitsu em Guia.,Guia
manutencao-de-ar-condicionado-gree-guia,Manutenção de ar condicionado Gree em Guia,"Oferecemos serviços de manutenção para sistemas de ar condicionado Gree, garantindo o seu funcionamento eficaz e prolongando a sua vida útil.",Guia
manutencao-de-ar-condicionado-inverter-guia,Manutenção de ar condicionado inverter em Guia,"Oferecemos serviços de manutenção especializada para sistemas de ar condicionado inverter, garantindo um desempenho eficiente e prolongando a vida útil do seu equipamento.",Guia
manutencao-de-ar-condicionado-janela-guia,Manutenção de ar condicionado de janela em Guia,Oferecemos serviços de manutenção de ar condicionado de janela para garantir o funcionamento eficiente e duradouro do seu sistema.,Guia
manutencao-de-ar-condicionado-mais-proximo-guia,Manutenção de ar condicionado mais próximo em Guia,"Oferecemos serviços de manutenção de ar condicionado para residências e empresas, garantindo o melhor desempenho do seu sistema.",Guia
manutencao-de-ar-condicionado-midea-guia,Manutenção de ar condicionado Midea em Guia,"Oferecemos serviços de manutenção para a sua unidade Midea, garantindo o funcionamento eficiente e prolongando a sua vida útil.",Guia
manutencao-de-ar-condicionado-portatil-springer-guia,Manutenção de ar condicionado portátil Springer em Guia,"Oferecemos serviços de manutenção especializados para o seu ar condicionado portátil Springer, garantindo o seu funcionamento eficiente e prolongando a sua vida útil.",Guia
manutencao-de-ar-condicionado-predial-guia,Manutenção de ar condicionado predial em Guia,"Oferecemos serviços de manutenção para sistemas de ar condicionado predial, garantindo o desempenho ideal e a durabilidade do seu equipamento.",Guia
manutencao-de-ar-condicionado-samsung-guia,Manutenção de ar condicionado Samsung em Guia,"Oferecemos serviços de manutenção profissional para o seu ar condicionado Samsung, garantindo que o seu sistema funcione perfeitamente durante todo o ano.",Guia
manutencao-de-ar-condicionado-springer-guia,Manutenção de ar condicionado Springer em Guia,"Oferecemos serviços de manutenção especializada para unidades Springer, garantindo o ótimo funcionamento do seu ar condicionado.",Guia
manutencao-de-ares-condicionados-guia,Manutenção de ares condicionados em Guia,Oferecemos serviços de manutenção especializados para garantir o funcionamento eficiente do seu ar condicionado em qualquer ambiente.,Guia
manutencao-de-central-de-ar-guia,Manutenção de central de ar em Guia,"Oferecemos serviços completos de manutenção de centrais de ar, garantindo o funcionamento eficiente e duradouro do seu sistema.",Guia
manutencao-de-central-de-ar-condicionado-guia,Manutenção de central de ar condicionado em Guia,"Oferecemos serviços de manutenção profissional para centrais de ar condicionado, garantindo o seu correto funcionamento e eficiência.",Guia
manutencao-de-condicionador-de-ar-guia,Manutenção de condicionador de ar em Guia,"Oferecemos serviços de manutenção para condicionadores de ar, garantindo que o seu sistema funcione de forma eficiente e confiável.",Guia
manutencao-de-fan-coil-guia,Manutenção de fan coil em Guia,Oferecemos serviços de manutenção de fan coil para garantir que seu sistema de climatização funcione de forma eficiente e sem problemas.,Guia
manutencao-de-placa-de-ar-condicionado-guia,Manutenção de placa de ar condicionado em Guia,Oferecemos serviços de manutenção de placas de ar condicionado para garantir o perfeito funcionamento do seu equipamento.,Guia
manutencao-do-ar-guia,Manutenção do ar em Guia,"Oferecemos serviços de manutenção de sistemas de ar condicionado em residências e empresas, garantindo o seu funcionamento eficiente e prolongando a vida útil do seu equipamento.",Guia
manutencao-do-ar-condicionado-split-guia,Manutenção do ar condicionado split em Guia,"Oferecemos serviços de manutenção especializados para ar condicionado split, garantindo o seu funcionamento ideal e prolongando a sua vida útil.",Guia
manutencao-dos-ar-condicionados-guia,Manutenção dos ar condicionados em Guia,"Oferecemos serviços de manutenção de ar condicionados para residências e empresas, garantindo o seu funcionamento eficiente e prolongando a sua vida útil.",Guia
manutencao-e-higienizacao-de-ar-condicionado-guia,Manutenção e higienização de ar condicionado em Guia,Oferecemos serviços de manutenção e higienização de ar condicionado para garantir o máximo desempenho e eficiência do seu equipamento.,Guia
manutencao-e-instalacao-de-ar-condicionado-split-guia,Manutenção e instalação de ar condicionado split em Guia,"Oferecemos serviços de instalação, manutenção e reparação de sistemas de ar condicionado split para residências e empresas.",Guia
manutencao-e-preventiva-ar-condicionados-guia,Manutenção e preventiva de ar condicionados em Guia,"Oferecemos serviços de manutenção e preventiva para ar condicionados, garantindo que o seu sistema funcione de forma eficiente e prolongando a sua vida útil.",Guia
manutencao-em-ar-condicionado-de-janela-guia,Manutenção em ar condicionado de janela em Guia,"Oferecemos serviços de manutenção para ar condicionado de janela, garantindo o seu funcionamento ideal e prolongando a sua vida útil.",Guia
manutencao-em-ar-condicionado-portatil-guia,Manutenção de ar condicionado portátil em Guia,"Oferecemos serviços de manutenção especializados para o seu ar condicionado portátil, garantindo que ele funcione de forma eficiente e confiável.",Guia
manutencao-em-central-de-ar-guia,Manutenção em central de ar em Guia,"Oferecemos serviços de manutenção especializada em sistemas de ar condicionado central, garantindo o seu funcionamento eficiente e duradouro.",Guia
manutencao-em-refrigeracao-comercial-guia,Manutenção em refrigeração comercial em Guia,"Oferecemos serviços de manutenção de sistemas de refrigeração comercial, garantindo eficiência e funcionalidade para o seu negócio.",Guia
manutencao-fan-coil-guia,Manutenção de fan coil em Guia,"Oferecemos serviços especializados de manutenção para sistemas de fan coil, garantindo que seu ar condicionado funcione de forma eficiente e eficaz em sua residência ou empresa.",Guia
manutencao-lg-dual-inverter-guia,Manutenção de ar condicionado LG Dual Inverter em Guia,"Oferecemos serviços de manutenção especializada para o seu ar condicionado LG Dual Inverter, garantindo o seu funcionamento eficiente e prolongando sua vida útil.",Guia
manutencao-no-ar-condicionado-guia,Manutenção no ar condicionado em Guia,Oferecemos serviços de manutenção de ar condicionado para garantir o funcionamento eficiente e prolongar a vida útil do seu equipamento.,Guia
manutencao-periodica-ar-condicionado-guia,Manutenção periódica de ar condicionado em Guia,"Oferecemos serviços de manutenção periódica para garantir o funcionamento ideal do seu ar condicionado, tanto em residências como em empresas.",Guia
manutencao-periodica-de-ar-condicionado-guia,Manutenção periódica de ar condicionado em Guia,Oferecemos serviços de manutenção periódica para garantir o funcionamento eficiente do seu sistema de ar condicionado em residências e empresas.,Guia
manutencao-preditiva-ar-condicionado-guia,Manutenção preditiva de ar condicionado em Guia,Oferecemos serviços de manutenção preditiva para garantir que o seu sistema de ar condicionado opere de forma eficiente e confiável.,Guia
manutencao-preditiva-de-ar-condicionado-guia,Manutenção preditiva de ar condicionado em Guia,Oferecemos serviços de manutenção preditiva para garantir o ótimo funcionamento do seu ar condicionado. Contamos com uma equipa especializada para atender tanto residências como empresas.,Guia
manutencao-preventiva-ar-condicionado-split-guia,Manutenção preventiva de ar condicionado split em Guia,Garanta o bom funcionamento e a eficiência do seu ar condicionado split com os nossos serviços de manutenção preventiva em Guia. Estamos aqui para ajudar na manutenção e reparação.,Guia
manutencao-preventiva-condicionada-guia,Manutenção preventiva de ar condicionado em Guia,"Oferecemos serviços de manutenção preventiva para garantir o funcionamento eficiente do seu sistema de ar condicionado, proporcionando conforto e economia de energia.",Guia
manutencao-preventiva-de-ar-condicionado-split-guia,Manutenção preventiva de ar condicionado split em Guia,"Oferecemos serviços de manutenção preventiva para o seu ar condicionado split, garantindo o seu funcionamento eficiente e prolongando a sua vida útil.",Guia
manutencao-preventiva-do-ar-condicionado-guia,Manutenção preventiva do ar condicionado em Guia,"Oferecemos serviços de manutenção preventiva para garantir o bom funcionamento do seu ar condicionado, tanto em residências como em empresas.",Guia
manutencao-preventiva-fan-coil-guia,Manutenção preventiva de fan coil em Guia,"Oferecemos serviços de manutenção preventiva para sistemas de fan coil, garantindo que o seu equipamento funcione sempre em ótimas condições.",Guia
manutencao-preventiva-refrigeracao-guia,Manutenção preventiva de refrigeração em Guia,"Oferecemos serviços de manutenção preventiva para sistemas de refrigeração, garantindo eficiência e durabilidade para sua instalação.",Guia
manutencao-preventiva-split-guia,Manutenção preventiva de ar condicionado split em Guia,Assegure o bom funcionamento do seu ar condicionado com a nossa manutenção preventiva especializada.,Guia
manutencao-refrigeracao-comercial-guia,Manutenção de refrigeração comercial em Guia,Oferecemos serviços de manutenção de sistemas de refrigeração comercial para garantir o funcionamento eficiente do seu negócio.,Guia
manutencao-sistemas-avac-guia,Manutenção de sistemas AVAC em Guia,Oferecemos serviços de manutenção de sistemas AVAC para garantir o melhor funcionamento e eficiência do seu equipamento.,Guia
manutencao-split-inverter-guia,Manutenção de ar condicionado split inverter em Guia,"Oferecemos serviços de manutenção para sistemas de ar condicionado split inverter, garantindo um desempenho eficiente e prolongando a vida útil do seu equipamento.",Guia
manutencao-springer-ar-condicionado-guia,Manutenção de ar condicionado Springer em Guia,"Oferecemos serviços de manutenção especializada para sistemas de ar condicionado Springer, garantindo o seu funcionamento eficiente e duradouro em Guia.",Guia
montagem-e-manutencao-de-ar-condicionado-guia,Montagem e manutenção de ar condicionado em Guia,"Oferecemos serviços de montagem e manutenção de sistemas de ar condicionado para residências e empresas, garantindo conforto e eficiência.",Guia
oficina-de-manutencao-de-ar-condicionado-guia,Oficina de manutenção de ar condicionado em Guia,Oferecemos serviços de manutenção e reparação de ar condicionado para garantir o conforto do seu espaço.,Guia
orcamento-manutencao-ar-condicionado-guia,Orçamento para manutenção de ar condicionado em Guia,"Oferecemos serviços de manutenção para garantir o perfeito funcionamento do seu ar condicionado, seja em residências ou empresas. Entre em contato para um orçamento personalizado.",Guia
orcamento-manutencao-de-ar-condicionado-guia,Orçamento para manutenção de ar condicionado em Guia,"Oferecemos serviços de manutenção de ar condicionado para residencial e comercial, garantindo o funcionamento ideal do seu equipamento.",Guia
orcamento-para-manutencao-de-ar-condicionado-guia,Orçamento para manutenção de ar condicionado em Guia,"Oferecemos serviços de manutenção de ar condicionado para residências e empresas, garantindo que o seu equipamento funcione de forma eficiente.",Guia
preventiva-em-ar-condicionado-guia,Manutenção preventiva em ar condicionado em Guia,Oferecemos serviços de manutenção preventiva para garantir que o seu sistema de ar condicionado funcione de forma eficiente e prolongue a sua vida útil.,Guia
refrigeracao-e-manutencao-guia,Refrigeração e manutenção em Guia,"Oferecemos serviços de refrigeração e manutenção para residências e empresas, garantindo um ambiente confortável durante todo o ano.",Guia
servico-de-manutencao-ar-condicionado-guia,Serviço de manutenção de ar condicionado em Guia,"Oferecemos serviços de manutenção para garantir o funcionamento ideal do seu ar condicionado, seja em ambientes residenciais ou comerciais.",Guia
servicos-de-manutencao-preventiva-e-corretiva-de-ar-condicionado-guia,Serviços de manutenção preventiva e corretiva de ar condicionado em Guia,"Oferecemos serviços de manutenção que garantem o funcionamento ótimo do seu ar condicionado, tanto para residências como para empresas.",Guia
split-manutencao-guia,Manutenção de ar condicionado split em Guia,"Oferecemos serviços de manutenção profissionais para sistemas de ar condicionado split, garantindo o seu perfeito funcionamento.",Guia
manutencao-ar-condicionado-alvor,Manutenção de ar condicionado em Alvor,Oferecemos serviços de manutenção de ar condicionado para garantir o funcionamento eficiente do seu sistema. Entre em contato conosco para agendar uma visita.,Alvor
manutencao-de-ar-condicionado-alvor,Manutenção de ar condicionado em Alvor,Oferecemos serviços de manutenção de ar condicionado para garantir o perfeito funcionamento do seu sistema de climatização.,Alvor
ar-condicionado-manutencao-alvor,Manutenção de ar condicionado em Alvor,"Oferecemos serviços de manutenção para garantir o funcionamento ideal do seu sistema de ar condicionado, atendendo tanto residências como empresas.",Alvor
manutencao-em-ar-condicionado-alvor,Manutenção em ar condicionado em Alvor,"Oferecemos serviços de manutenção de ar condicionado para garantir o seu conforto e eficiência, tanto em instalações residenciais como comerciais.",Alvor
empresa-de-manutencao-de-ar-condicionado-alvor,Empresa de manutenção de ar condicionado em Alvor,"Oferecemos serviços de manutenção e reparação de ar condicionado para residências e empresas, garantindo o funcionamento ideal do seu equipamento.",Alvor
manutencao-preventiva-ar-condicionado-alvor,Manutenção preventiva de ar condicionado em Alvor,"Oferecemos serviços de manutenção preventiva para garantir o funcionamento eficiente do seu ar condicionado, seja para sua residência ou empresa.",Alvor
manutencao-ar-condicionado-residencial-alvor,Manutenção de ar condicionado residencial em Alvor,Oferecemos serviços de manutenção de ar condicionado residencial para garantir que o seu sistema funcione de forma eficiente e confiável. Entre em contato conosco para uma avaliação e serviço de qualidade.,Alvor
instalacao-e-manutencao-de-ar-condicionado-alvor,Instalação e manutenção de ar condicionado em Alvor,"Oferecemos serviços de instalação e manutenção de ar condicionado para residências e empresas em Alvor. Trabalhamos com todas as principais marcas como LG, Daikin e Samsung.",Alvor
manutencao-de-ar-condicionado-residencial-alvor,Manutenção de ar condicionado residencial em Alvor,Oferecemos serviços de manutenção de ar condicionado residencial para garantir o seu conforto e eficiência.,Alvor
manutencao-de-ar-condicionado-split-alvor,Manutenção de ar condicionado split em Alvor,"Oferecemos serviços de manutenção especializada para ar condicionado split, garantindo conforto e eficiência em sua casa ou empresa.",Alvor
manutencao-ar-condicionado-perto-de-mim-alvor,Manutenção de ar condicionado perto de mim,"Oferecemos serviços de manutenção de ar condicionado em Alvor, garantindo o desempenho ideal do seu sistema de climatização.",Alvor
manutencao-ar-condicionado-split-alvor,Manutenção de ar condicionado split em Alvor,"Oferecemos serviços de manutenção especializada para sistemas de ar condicionado split, garantindo o desempenho ideal e a eficiência do seu equipamento.",Alvor
manutencao-preventiva-de-ar-condicionado-alvor,Manutenção preventiva de ar condicionado em Alvor,Oferecemos serviços de manutenção preventiva para garantir o funcionamento eficaz e duradouro do seu ar condicionado.,Alvor
empresa-manutencao-ar-condicionado-alvor,Empresa de manutenção de ar condicionado em Alvor,"Oferecemos serviços de manutenção para sistemas de ar condicionado, garantindo o seu funcionamento eficaz e prolongando a sua vida útil.",Alvor
manutencao-e-instalacao-de-ar-condicionado-alvor,Manutenção e instalação de ar condicionado em Alvor,"Oferecemos serviços profissionais de manutenção e instalação de ar condicionado para residências e empresas, garantindo conforto e eficiência.",Alvor
manutencao-em-ar-condicionado-residencial-alvor,Manutenção em ar condicionado residencial em Alvor,"Oferecemos serviços de manutenção para sistemas de ar condicionado residenciais, garantindo conforto e eficiência em sua casa.",Alvor
manutencao-ar-condicionado-lg-alvor,Manutenção de ar condicionado LG em Alvor,"Oferecemos serviços de manutenção para sistemas de ar condicionado da marca LG, garantindo que seu equipamento funcione perfeitamente. Também realizamos manutenção para todas as principais marcas.",Alvor
manutencao-ar-condicionado-portatil-alvor,Manutenção de ar condicionado portátil em Alvor,"Oferecemos serviços de manutenção especializados para garantir o bom funcionamento do seu ar condicionado portátil, tanto para residências como para empresas.",Alvor
manutencao-ar-condicionado-daikin-alvor,Manutenção de ar condicionado Daikin em Alvor,"Oferecemos serviços de manutenção especializados para sistemas de ar condicionado Daikin, garantindo o seu conforto e eficiência.",Alvor
manutencao-do-ar-condicionado-alvor,Manutenção do ar condicionado em Alvor,"Oferecemos serviços de manutenção de ar condicionado para garantir o seu funcionamento ideal, tanto para residências como para empresas.",Alvor
manutencao-de-ar-condicionado-portatil-alvor,Manutenção de ar condicionado portátil em Alvor,"Oferecemos serviços de manutenção especializados para ar condicionado portátil, garantindo que seu aparelho funcione de forma eficiente e eficaz.",Alvor
servico-de-manutencao-de-ar-condicionado-alvor,Serviço de manutenção de ar condicionado em Alvor,"Oferecemos serviços de manutenção para todos os tipos de sistemas de ar condicionado, garantindo o seu funcionamento eficiente e duradouro.",Alvor
manutencao-de-ar-condicionado-central-alvor,Manutenção de ar condicionado central em Alvor,"Oferecemos serviços de manutenção eficiente para sistemas de ar condicionado central em residências e empresas, garantindo o funcionamento ideal do seu equipamento.",Alvor
ar-condicionado-instalacao-e-manutencao-alvor,Instalação e manutenção de ar condicionado em Alvor,"Oferecemos serviços de instalação e manutenção de sistemas de ar condicionado para residências e empresas, garantindo conforto e eficiência.",Alvor
higienizacao-ar-condicionado-split-alvor,Higienização de ar condicionado split em Alvor,Garanta a eficiência e a qualidade do seu ar condicionado split com nossos serviços de higienização profissional.,Alvor
manutencao-de-ar-alvor,Manutenção de ar condicionado em Alvor,"Oferecemos serviços de manutenção de ar condicionado para garantir o funcionamento eficiente e duradouro do seu sistema, seja em residências ou empresas.",Alvor
refrigeracao-manutencao-alvor,Manutenção de refrigeração em Alvor,"Oferecemos serviços de manutenção para sistemas de refrigeração, garantindo que o seu equipamento funcione de forma eficiente e confiável.",Alvor
manutencao-de-ar-condicionado-industrial-alvor,Manutenção de ar condicionado industrial em Alvor,Oferecemos serviços de manutenção de ar condicionado industrial para garantir o funcionamento eficiente e duradouro do seu equipamento.,Alvor
empresas-que-fazem-manutencao-de-ar-condicionado-alvor,Empresa de ar condicionado em Alvor,"Oferecemos serviços de manutenção de ar condicionado para residências e empresas, garantindo o melhor desempenho do seu sistema.",Alvor
manutencao-ar-condicionado-samsung-alvor,Manutenção de ar condicionado Samsung em Alvor,"Oferecemos serviços de manutenção especializados para o seu ar condicionado Samsung, garantindo um funcionamento eficiente e duradouro.",Alvor
ar-condicionado-manutencao-preventiva-alvor,Manutenção preventiva de ar condicionado em Alvor,Garanta o funcionamento eficiente do seu ar condicionado com nossos serviços de manutenção preventiva em Alvor. Estamos à disposição para atender tanto residências quanto empresas.,Alvor
assistencia-tecnica-ar-condicionado-fujitsu-alvor,Assistência técnica de ar condicionado Fujitsu em Alvor,"Oferecemos serviços de reparação e manutenção de ar condicionado Fujitsu, garantindo que você tenha o conforto que precisa em sua casa ou empresa.",Alvor
ar-condicionado-assistencia-alvor,Assistência de ar condicionado em Alvor,"Oferecemos serviços de assistência técnica para qualquer marca de ar condicionado, garantindo conforto e qualidade no seu ambiente.",Alvor
empresa-de-manutencao-ar-condicionado-alvor,Empresa de manutenção de ar condicionado em Alvor,"Oferecemos serviços de manutenção para todos os tipos de sistemas de ar condicionado, garantindo eficiência e conforto para sua casa ou empresa.",Alvor
manutencao-em-ar-condicionado-split-alvor,Manutenção em ar condicionado split em Alvor,"Oferecemos serviços profissionais de manutenção para ar condicionado split, garantindo o seu funcionamento eficiente em ambientes residenciais e comerciais.",Alvor
manutencao-ar-condicionado-fujitsu-alvor,Manutenção de ar condicionado Fujitsu em Alvor,"Oferecemos serviços de manutenção especializada para sistemas de ar condicionado Fujitsu, garantindo um desempenho ideal e conforto em sua casa ou empresa.",Alvor
ar-condicionado-manutencao-e-instalacao-alvor,Manutenção e instalação de ar condicionado em Alvor,"Oferecemos serviços de manutenção e instalação de sistemas de ar condicionado, garantindo conforto e eficiência para sua casa ou empresa.",Alvor
manutencao-ar-condicionado-24-horas-alvor,Manutenção de ar condicionado 24 horas em Alvor,"Oferecemos serviços de manutenção de ar condicionado 24 horas para garantir que o seu sistema funcione perfeitamente, esteja você em casa ou no seu negócio.",Alvor
orcamento-de-manutencao-de-ar-condicionado-alvor,Orçamento de manutenção de ar condicionado em Alvor,"Oferecemos serviços de manutenção de ar condicionado para residências e empresas, garantindo o funcionamento eficiente do seu sistema.",Alvor
manutencao-corretiva-ar-condicionado-alvor,Manutenção corretiva de ar condicionado em Alvor,"Oferecemos serviços de manutenção corretiva para garantir o funcionamento eficiente do seu ar condicionado, tanto em instalações residenciais como comerciais.",Alvor
empresa-manutencao-de-ar-condicionado-alvor,Empresa de manutenção de ar condicionado em Alvor,"Oferecemos serviços de manutenção de ar condicionado para residências e empresas, garantindo conforto e eficiência no seu sistema.",Alvor
ar-condicionado-split-manutencao-alvor,Manutenção de ar condicionado split em Alvor,"Oferecemos serviços de manutenção de ar condicionado split para garantir o seu funcionamento ideal, tanto para residências como para empresas.",Alvor
manutencao-de-ar-condicionado-perto-de-mim-alvor,Manutenção de ar condicionado em Alvor,Oferecemos serviços de manutenção de ar condicionado para residências e empresas em Alvor. A nossa equipe está pronta para garantir que o seu sistema de ar condicionado funcione de forma eficiente.,Alvor
manutencao-split-alvor,Manutenção de ar condicionado split em Alvor,"Oferecemos serviços de manutenção de sistemas de ar condicionado split, garantindo o máximo desempenho e conforto para sua casa ou empresa.",Alvor
daikin-manutencao-alvor,Manutenção de ar condicionado Daikin em Alvor,"Oferecemos serviços de manutenção especializados para sistemas de ar condicionado Daikin, garantindo o melhor desempenho e eficiência do seu equipamento.",Alvor
manutencao-ar-condicionado-lg-dual-inverter-alvor,Manutenção de ar condicionado LG Dual Inverter em Alvor,"Oferecemos serviços de manutenção especializados para o seu ar condicionado LG Dual Inverter, garantindo performance e eficiência para o seu conforto.",Alvor
revisao-de-ar-condicionado-alvor,Revisão de ar condicionado em Alvor,Mantenha o seu ar condicionado em ótimo estado com os nossos serviços de revisão especializados.,Alvor
manutencao-preventiva-em-ar-condicionado-alvor,Manutenção preventiva em ar condicionado em Alvor,Oferecemos serviços de manutenção preventiva para garantir o perfeito funcionamento do seu ar condicionado em residências e empresas.,Alvor
manutencao-ar-condicionado-janela-alvor,Manutenção de ar condicionado de janela em Alvor,"Oferecemos serviços de manutenção especializados para ar condicionado de janela, garantindo um funcionamento eficiente e duradouro em sua casa ou empresa.",Alvor
manutencao-em-ar-condicionado-industrial-alvor,Manutenção em ar condicionado industrial em Alvor,"Oferecemos serviços de manutenção especializados para sistemas de ar condicionado industrial, garantindo o melhor desempenho e eficiência para a sua empresa.",Alvor
manutencao-preventiva-e-corretiva-ar-condicionado-alvor,Manutenção preventiva e corretiva de ar condicionado em Alvor,Oferecemos serviços de manutenção preventiva e corretiva para garantir o funcionamento ideal do seu ar condicionado em residências e empresas.,Alvor
manutencao-ar-condicionado-central-alvor,Manutenção de ar condicionado central em Alvor,"Oferecemos serviços de manutenção especializada para sistemas de ar condicionado central, garantindo o melhor desempenho e eficiência energética.",Alvor
manutencao-ar-condicionado-industrial-alvor,Manutenção de ar condicionado industrial em Alvor,"Oferecemos serviços de manutenção para sistemas de ar condicionado industrial, garantindo eficiência e durabilidade em suas instalações.",Alvor
manutencao-ar-condicionado-de-janela-alvor,Manutenção de ar condicionado de janela em Alvor,"Oferecemos serviços de manutenção para ar condicionado de janela, garantindo conforto e eficiência energética na sua casa ou empresa.",Alvor
preventiva-de-ar-condicionado-alvor,Manutenção preventiva de ar condicionado em Alvor,"Oferecemos serviços de manutenção preventiva para garantir o melhor desempenho do seu ar condicionado, tanto em residências como em empresas.",Alvor
manutencao-de-ar-condicionado-lg-alvor,Manutenção de ar condicionado LG em Alvor,"Oferecemos serviços de manutenção para sistemas de ar condicionado LG e de todas as marcas, garantindo o melhor desempenho do seu equipamento.",Alvor
assistencia-de-ar-condicionado-alvor,Assistência de ar condicionado em Alvor,"Oferecemos serviços de assistência técnica para todos os tipos de ar condicionados, garantindo o seu conforto em Alvor.",Alvor
manutencao-de-ar-condicionado-de-janela-alvor,Manutenção de ar condicionado de janela em Alvor,Oferecemos serviços de manutenção de ar condicionado de janela para garantir que o seu aparelho funcione de forma eficiente e duradoura.,Alvor
ar-condicionado-residencial-manutencao-alvor,Manutenção de ar condicionado residencial em Alvor,Oferecemos serviços de manutenção para garantir o funcionamento eficiente do seu ar condicionado residencial.,Alvor
preventiva-ar-condicionado-alvor,Manutenção preventiva de ar condicionado em Alvor,Garanta o desempenho ideal do seu sistema de ar condicionado com nossos serviços de manutenção preventiva em Alvor. Oferecemos soluções para residências e empresas.,Alvor
manutencao-de-split-alvor,Manutenção de ar condicionado split em Alvor,Oferecemos serviços de manutenção de ar condicionado split para garantir o desempenho ideal do seu equipamento.,Alvor
empresa-de-manutencao-em-ar-condicionado-alvor,Empresa de manutenção em ar condicionado em Alvor,Oferecemos serviços de manutenção e reparação de ar condicionado para residências e empresas em Alvor.,Alvor
manutencao-ar-condicionado-springer-alvor,Manutenção de ar condicionado Springer em Alvor,"Oferecemos serviços de manutenção profissional para sistemas de ar condicionado Springer, garantindo que o seu equipamento funcione de forma eficiente e confiável.",Alvor
manutencao-para-ar-condicionado-alvor,Manutenção para ar condicionado em Alvor,"Oferecemos serviços de manutenção para ar condicionado, garantindo um funcionamento eficiente dos seus sistemas, tanto em instalações residenciais como comerciais.",Alvor
manutencao-ar-split-alvor,Manutenção de ar condicionado split em Alvor,Oferecemos serviços de manutenção para garantir o funcionamento eficiente do seu ar condicionado split. Entre em contato para uma avaliação!,Alvor
manutencao-preventiva-e-corretiva-de-ar-condicionado-alvor,Manutenção preventiva e corretiva de ar condicionado em Alvor,"Oferecemos serviços completos de manutenção preventiva e corretiva para garantir o ótimo funcionamento do seu sistema de ar condicionado, seja em residências ou empresas.",Alvor
empresa-de-higienizacao-de-ar-condicionado-alvor,Empresa de higienização de ar condicionado em Alvor,"Oferecemos serviços de higienização para ar condicionado, garantindo a qualidade do ar e eficiência do seu equipamento.",Alvor
air-systems-manutencao-de-ar-condicionado-alvor,Manutenção de ar condicionado em Alvor,"Oferecemos serviços de manutenção para sistemas de ar condicionado, garantindo que o seu sistema funcione de maneira eficiente e prolongando a sua vida útil.",Alvor
ar-condicionado-carrier-manutencao-alvor,Manutenção de ar condicionado Carrier em Alvor,"Oferecemos serviços de manutenção especializados para unidades de ar condicionado Carrier, garantindo que seu sistema funcione de maneira eficiente e prolongue a sua vida útil.",Alvor
ar-condicionado-central-manutencao-alvor,Manutenção de ar condicionado central em Alvor,"Oferecemos serviços de manutenção completos para sistemas de ar condicionado central, garantindo que o seu equipamento funcione de forma eficiente e duradouro.",Alvor
ar-condicionado-daikin-manutencao-alvor,Manutenção de ar condicionado Daikin em Alvor,"Oferecemos serviços de manutenção especializados para sistemas de ar condicionado Daikin, garantindo que o seu equipamento funcione de forma eficiente e duradoura.",Alvor
ar-condicionado-de-janela-manutencao-alvor,Manutenção de ar condicionado de janela em Alvor,"Oferecemos serviços de manutenção especializados para ar condicionado de janela, assegurando que o seu sistema funcione de forma eficiente e eficaz.",Alvor
ar-condicionado-empresas-de-manutencao-alvor,Empresa de ar condicionado em Alvor,"Oferecemos serviços de manutenção de sistemas de ar condicionado para residências e empresas, garantindo o seu conforto e eficiência.",Alvor
ar-condicionado-fujitsu-manutencao-alvor,Manutenção de ar condicionado Fujitsu em Alvor,"Oferecemos serviços de manutenção de ar condicionado Fujitsu, garantindo que o seu sistema funcione de forma eficiente e prolongando a sua vida útil.",Alvor
ar-condicionado-instalacao-manutencao-alvor,Instalação e manutenção de ar condicionado em Alvor,"Oferecemos serviços de instalação e manutenção de sistemas de ar condicionado para residências e empresas. Trabalhamos com todas as principais marcas, garantindo eficiência e conforto.",Alvor
ar-condicionado-inverter-manutencao-alvor,Manutenção de ar condicionado inverter em Alvor,"Oferecemos serviços de manutenção especializada para sistemas de ar condicionado inverter, garantindo o seu funcionamento eficiente e prolongando a sua vida útil.",Alvor
ar-condicionado-janela-manutencao-alvor,Manutenção de ar condicionado de janela em Alvor,"Oferecemos serviços de manutenção profissional para o seu ar condicionado de janela, garantindo o funcionamento eficiente e prolongando a sua vida útil.",Alvor
ar-condicionado-lg-manutencao-alvor,Manutenção de ar condicionado LG em Alvor,"Oferecemos serviços de manutenção para o seu ar condicionado LG, garantindo que o seu equipamento funcione de forma eficiente e duradoura.",Alvor
ar-condicionado-portatil-manutencao-alvor,Manutenção de ar condicionado portátil em Alvor,Oferecemos serviços de manutenção para garantir que o seu ar condicionado portátil funcione sempre em ótimas condições.,Alvor
ar-condicionado-precisa-de-manutencao-alvor,Manutenção de ar condicionado em Alvor,Oferecemos serviços de manutenção de ar condicionado para garantir que seu aparelho funcione de forma eficiente e duradoura.,Alvor
ar-condicionado-samsung-manutencao-alvor,Manutenção de ar condicionado Samsung em Alvor,"Oferecemos serviços de manutenção especializada para o seu ar condicionado Samsung, garantindo o melhor desempenho e conforto no seu espaço.",Alvor
ar-condicionado-springer-manutencao-alvor,Manutenção de ar condicionado Springer em Alvor,"Oferecemos serviços de manutenção especializados para sistemas de ar condicionado Springer, garantindo o seu funcionamento eficiente e prolongando a sua vida útil.",Alvor
ar-ice-clean-manutencao-higienizacao-e-instalacao-de-ar-condicionado-alvor,"Manutenção, higienização e instalação de ar condicionado em Alvor","Oferecemos serviços completos de instalação, manutenção e higienização de sistemas de ar condicionado para residências e empresas, garantindo eficiência e conforto.",Alvor
ar-manutencao-alvor,Manutenção de ar condicionado em Alvor,Oferecemos serviços de manutenção de ar condicionado para garantir o seu bom funcionamento e prolongar a vida útil do seu equipamento.,Alvor
arcotec-ar-condicionado-instalacao-e-manutencao-alvor,Instalação e manutenção de ar condicionado Arcotec em Alvor,Oferecemos serviços de instalação e manutenção para sistemas de ar condicionado Arcotec e todas as principais marcas em Alvor. Entre em contato conosco para garantir um ambiente confortável.,Alvor
assistencia-em-ar-condicionado-alvor,Assistência em ar condicionado em Alvor,"Oferecemos serviços de assistência técnica, incluindo reparação e manutenção de sistemas de ar condicionado para residências e empresas.",Alvor
assistencia-tecnica-ar-alvor,Assistência técnica de ar em Alvor,"Oferecemos serviços de assistência técnica para ar condicionado, garantindo conforto e eficiência em sua casa ou empresa.",Alvor
assistencia-tecnica-ar-condicionado-hitachi-alvor,Assistência técnica de ar condicionado Hitachi em Alvor,"Oferecemos serviços de reparação e manutenção de unidades Hitachi, garantindo o funcionamento ideal do seu sistema de climatização.",Alvor
assistencia-tecnica-em-ar-condicionado-alvor,Assistência técnica em ar condicionado em Alvor,Oferecemos serviços de reparação e manutenção de ar condicionado para residências e empresas em Alvor.,Alvor
carrier-manutencao-ar-condicionado-alvor,Manutenção de ar condicionado Carrier em Alvor,"Oferecemos serviços de manutenção para sistemas de ar condicionado Carrier, garantindo o seu funcionamento ideal e aumentando a durabilidade do equipamento.",Alvor
empresa-de-ar-condicionado-manutencao-alvor,Empresa de ar condicionado em Alvor,Oferecemos serviços de manutenção especializada em sistemas de ar condicionado para residências e empresas.,Alvor
empresa-de-instalacao-e-manutencao-de-ar-condicionado-alvor,Empresa de instalação e manutenção de ar condicionado em Alvor,"Oferecemos serviços de instalação e manutenção de sistemas de ar condicionado para residências e empresas, garantindo conforto em qualquer espaço.",Alvor
empresas-de-instalacao-e-manutencao-de-ar-condicionado-alvor,Empresa de instalação e manutenção de ar condicionado em Alvor,"Oferecemos serviços profissionais de instalação e manutenção de ar condicionado para residências e empresas em Alvor. Trabalhamos com todas as principais marcas como LG, Daikin e Samsung, garantindo conforto e qualidade.",Alvor
fan-coil-manutencao-alvor,Manutenção de fan coil em Alvor,"Oferecemos serviços de manutenção para fan coils, garantindo o seu funcionamento eficiente e duradouro.",Alvor
fujitsu-ar-condicionado-assistencia-tecnica-alvor,Assistência técnica de ar condicionado Fujitsu em Alvor,"Oferecemos serviços de instalação, reparação e manutenção de ar condicionado Fujitsu, garantindo que seu sistema funcione sempre na melhor condição.",Alvor
fujitsu-ar-condicionado-manutencao-alvor,Manutenção de ar condicionado Fujitsu em Alvor,"Oferecemos serviços de manutenção especializados para sistemas de ar condicionado Fujitsu, garantindo eficiência e conforto em sua residência ou empresa.",Alvor
higienizar-ar-condicionado-split-alvor,Higienização de ar condicionado split em Alvor,"Oferecemos serviços de higienização profissional para unidades de ar condicionado split, garantindo um ambiente saudável e agradável na sua casa ou empresa.",Alvor
higienizacao-de-ar-condicionado-de-janela-alvor,Higienização de ar condicionado de janela em Alvor,"Oferecemos serviços de higienização eficientes para o seu ar condicionado de janela, garantindo um ambiente mais saudável and confortável em sua casa ou escritório.",Alvor
instalacao-de-ar-condicionado-e-manutencao-alvor,Instalação de ar condicionado e manutenção em Alvor,"Oferecemos serviços de instalação e manutenção de ar condicionado para residências e empresas, garantindo conforto e qualidade no seu ambiente.",Alvor
instalacao-e-manutencao-ar-condicionado-alvor,Instalação e manutenção de ar condicionado em Alvor,"Oferecemos serviços completos de instalação e manutenção para sistemas de ar condicionado, garantindo conforto e eficiência para residências e empresas.",Alvor
instalacao-e-manutencao-de-ar-condicionado-split-alvor,Instalação e manutenção de ar condicionado split em Alvor,"Oferecemos serviços completos de instalação e manutenção de sistemas de ar condicionado split, garantindo conforto e eficiência para sua casa ou empresa.",Alvor
instalacao-e-manutencao-de-split-alvor,Instalação e manutenção de ar condicionado split em Alvor,"Oferecemos serviços de instalação e manutenção para sistemas de ar condicionado split, garantindo conforto e eficiência energética para residências e empresas.",Alvor
instalacao-e-manutencao-em-ar-condicionado-alvor,Instalação e manutenção de ar condicionado em Alvor,Oferecemos serviços de instalação e manutenção de ar condicionado tanto para residências como para empresas em Alvor. Entre em contato para garantir o conforto no seu ambiente.,Alvor
instalacao-manutencao-ar-condicionado-alvor,Instalação e manutenção de ar condicionado em Alvor,"Oferecemos serviços de instalação e manutenção de ar condicionado para residências e empresas, trabalhando com todas as principais marcas como LG, Daikin e Samsung.",Alvor
manutencao-ar-alvor,Manutenção de ar condicionado em Alvor,"Oferecemos serviços de manutenção para todos os tipos de sistemas de ar condicionado, garantindo o seu funcionamento eficiente e duradouro.",Alvor
manutencao-ar-cond-alvor,Manutenção de ar condicionado em Alvor,"Oferecemos serviços de manutenção de ar condicionado para garantir o funcionamento eficiente do seu equipamento, seja em residências ou empresas.",Alvor
manutencao-de-ar-split-alvor,Manutenção de ar condicionado split em Alvor,"Oferecemos serviços de manutenção de ar condicionado split para garantir que o seu sistema funcione sempre em perfeitas condições, atendendo a residências e empresas.",Alvor
manutencao-em-ar-alvor,Manutenção de ar condicionado em Alvor,"Oferecemos serviços completos de manutenção para o seu sistema de ar condicionado, garantindo o seu perfeito funcionamento e eficiência.",Alvor
manutencao-ar-condicionado-carrier-alvor,Manutenção de ar condicionado Carrier em Alvor,"Oferecemos serviços de manutenção especializados para sistemas de ar condicionado Carrier, garantindo um funcionamento eficiente e prolongando a vida útil do seu equipamento.",Alvor
manutencao-ar-condicionado-comfee-alvor,Manutenção de ar condicionado Comfee em Alvor,"Oferecemos serviços de manutenção especializada para seus sistemas Comfee, garantindo o desempenho ideal do seu ar condicionado.",Alvor
manutencao-ar-condicionado-delonghi-alvor,Manutenção de ar condicionado Delonghi em Alvor,"Oferecemos serviços de manutenção para o seu ar condicionado Delonghi, garantindo o seu ideal funcionamento e conforto.",Alvor
manutencao-ar-condicionado-gree-alvor,Manutenção de ar condicionado Gree em Alvor,"Oferecemos serviços de manutenção especializados para ar condicionado Gree, garantindo que o seu sistema funcione de forma eficiente e prolongando a sua vida útil.",Alvor
manutencao-ar-condicionado-hitachi-alvor,Manutenção de ar condicionado Hitachi em Alvor,"Oferecemos serviços de manutenção especializados para sistemas de ar condicionado Hitachi, garantindo o perfeito funcionamento do seu equipamento.",Alvor
manutencao-ar-condicionado-inverter-alvor,Manutenção de ar condicionado inverter em Alvor,"Oferecemos serviços de manutenção especializados para sistemas de ar condicionado inverter, garantindo o seu funcionamento eficiente e prolongando a sua vida útil.",Alvor
manutencao-ar-condicionado-k7-alvor,Manutenção de ar condicionado K7 em Alvor,"Oferecemos serviços de manutenção para sistemas de ar condicionado K7, garantindo um funcionamento eficiente e duradouro.",Alvor
manutencao-ar-condicionado-lg-inverter-alvor,Manutenção de ar condicionado LG Inverter em Alvor,"Oferecemos serviços de manutenção especializados para sistemas de ar condicionado LG Inverter, garantindo o funcionamento eficiente e prolongando a vida útil do seu equipamento.",Alvor
manutencao-ar-condicionado-portatil-delonghi-alvor,Manutenção de ar condicionado portátil Delonghi em Alvor,"Oferecemos serviços completos de manutenção para o seu ar condicionado portátil Delonghi, garantindo que ele funcione de forma eficiente e prolongue a sua vida útil.",Alvor
manutencao-ar-condicionado-portatil-midea-alvor,Manutenção de ar condicionado portátil Midea em Alvor,"Oferecemos serviços de manutenção para o seu ar condicionado portátil Midea, garantindo o seu funcionamento ideal durante todo o ano.",Alvor
manutencao-ar-condicionado-samsung-inverter-alvor,Manutenção de ar condicionado Samsung inverter em Alvor,"Garantimos um serviço de qualidade para manter o seu ar condicionado Samsung inverter em perfeito estado, seja para uso residencial ou comercial.",Alvor
manutencao-ar-condicionado-split-gree-alvor,Manutenção de ar condicionado split Gree em Alvor,"Oferecemos serviços de manutenção para o seu ar condicionado split Gree, garantindo um funcionamento eficiente e prolongando a vida útil do seu equipamento em Alvor.",Alvor
manutencao-ar-condicionado-split-samsung-alvor,Manutenção de ar condicionado split Samsung em Alvor,"Oferecemos serviços de manutenção especializados para o seu ar condicionado split Samsung, garantindo o seu funcionamento eficiente e prolongando a sua vida útil.",Alvor
manutencao-ar-condicionado-springer-carrier-alvor,Manutenção de ar condicionado Springer e Carrier em Alvor,"Oferecemos serviços de manutenção para os sistemas de ar condicionado das marcas Springer e Carrier, garantindo que seu equipamento funcione de forma eficiente e duradoura.",Alvor
manutencao-ar-portatil-alvor,Manutenção de ar portátil em Alvor,"Oferecemos serviços de manutenção especializada para o seu ar condicionado portátil, garantindo o seu funcionamento eficaz e duradouro.",Alvor
manutencao-avac-alvor,Manutenção de AVAC em Alvor,"Oferecemos serviços de manutenção para sistemas de climatização, garantindo o funcionamento eficiente e duradouro do seu equipamento.",Alvor
manutencao-central-de-ar-alvor,Manutenção de central de ar em Alvor,Oferecemos serviços de manutenção de sistemas de ar condicionado central para garantir o seu funcionamento eficiente e prolongar a sua vida útil.,Alvor
manutencao-climatizador-springer-alvor,Manutenção de climatizador Springer em Alvor,"Oferecemos serviços especializados de manutenção para climatizadores Springer, garantindo eficiência e conforto em sua casa ou empresa.",Alvor
manutencao-condicionador-de-ar-alvor,Manutenção de condicionador de ar em Alvor,"Oferecemos serviços de manutenção para todos os tipos de condicionadores de ar, garantindo o seu funcionamento eficiente em ambientes residenciais e comerciais.",Alvor
manutencao-corretiva-de-ar-condicionado-alvor,Manutenção corretiva de ar condicionado em Alvor,Oferecemos serviços de manutenção corretiva para garantir o funcionamento otimizado do seu ar condicionado. Trabalhamos com todas as marcas e asseguramos a qualidade do nosso trabalho.,Alvor
manutencao-corretiva-e-preventiva-de-ar-condicionado-alvor,Manutenção corretiva e preventiva de ar condicionado em Alvor,"Oferecemos serviços de manutenção corretiva e preventiva de ar condicionado para garantir o funcionamento ideal do seu sistema, seja em residências ou empresas.",Alvor
manutencao-corretiva-em-ar-condicionado-alvor,Manutenção corretiva em ar condicionado em Alvor,"Oferecemos serviços de manutenção corretiva para garantir o funcionamento eficiente do seu ar condicionado, seja em ambientes residenciais ou comerciais.",Alvor
manutencao-de-aparelhos-de-ar-condicionado-alvor,Manutenção de aparelhos de ar condicionado em Alvor,"Oferecemos serviços de manutenção completos para aparelhos de ar condicionado, garantindo o seu funcionamento eficiente e prolongando a sua vida útil.",Alvor
manutencao-de-ar-central-alvor,Manutenção de ar condicionado central em Alvor,"Oferecemos serviços de manutenção de ar condicionado central para garantir o funcionamento eficiente do seu sistema, tanto em residências como em empresas.",Alvor
manutencao-de-ar-condicionado-24-horas-alvor,Manutenção de ar condicionado 24 horas em Alvor,"Oferecemos serviços de manutenção de ar condicionado disponíveis 24 horas, para garantir que seu ambiente esteja sempre confortável.",Alvor
manutencao-de-ar-condicionado-carrier-alvor,Manutenção de ar condicionado Carrier em Alvor,Oferecemos serviços de manutenção especializados para sistemas de ar condicionado Carrier e todas as principais marcas. Garantimos um desempenho eficiente e confiável.,Alvor
manutencao-de-ar-condicionado-comercial-alvor,Manutenção de ar condicionado comercial em Alvor,"Oferecemos serviços de manutenção para sistemas de ar condicionado comerciais, garantindo eficiência e conforto para o seu negócio.",Alvor
manutencao-de-ar-condicionado-daikin-alvor,Manutenção de ar condicionado Daikin em Alvor,"Oferecemos serviços de manutenção para sistemas de ar condicionado Daikin, garantindo o seu perfeito funcionamento e conforto em sua casa ou empresa.",Alvor
manutencao-de-ar-condicionado-de-parede-alvor,Manutenção de ar condicionado de parede em Alvor,Oferecemos serviços de manutenção de ar condicionado de parede para garantir o seu funcionamento eficiente e prolongar a sua vida útil. Entre em contacto connosco para um serviço rápido e de qualidade.,Alvor
manutencao-de-ar-condicionado-elgin-alvor,Manutenção de ar condicionado Elgin em Alvor,"Oferecemos serviços de manutenção eficientes e de qualidade para o seu ar condicionado Elgin, garantindo que o seu sistema funcione de forma otimizada.",Alvor
manutencao-de-ar-condicionado-fujitsu-alvor,Manutenção de ar condicionado Fujitsu em Alvor,Oferecemos serviços de manutenção especializados para garantir o ótimo funcionamento do seu ar condicionado Fujitsu em Alvor.,Alvor
manutencao-de-ar-condicionado-gree-alvor,Manutenção de ar condicionado Gree em Alvor,"Oferecemos serviços de manutenção para sistemas de ar condicionado Gree, garantindo o seu funcionamento eficaz e prolongando a sua vida útil.",Alvor
manutencao-de-ar-condicionado-inverter-alvor,Manutenção de ar condicionado inverter em Alvor,"Oferecemos serviços de manutenção especializada para sistemas de ar condicionado inverter, garantindo um desempenho eficiente e prolongando a vida útil do seu equipamento.",Alvor
manutencao-de-ar-condicionado-janela-alvor,Manutenção de ar condicionado de janela em Alvor,Oferecemos serviços de manutenção de ar condicionado de janela para garantir o funcionamento eficiente e duradouro do seu sistema.,Alvor
manutencao-de-ar-condicionado-mais-proximo-alvor,Manutenção de ar condicionado mais próximo em Alvor,"Oferecemos serviços de manutenção de ar condicionado para residências e empresas, garantindo o melhor desempenho do seu sistema.",Alvor
manutencao-de-ar-condicionado-midea-alvor,Manutenção de ar condicionado Midea em Alvor,"Oferecemos serviços de manutenção para a sua unidade Midea, garantindo o funcionamento eficiente e prolongando a sua vida útil.",Alvor
manutencao-de-ar-condicionado-portatil-springer-alvor,Manutenção de ar condicionado portátil Springer em Alvor,"Oferecemos serviços de manutenção especializados para o seu ar condicionado portátil Springer, garantindo o seu funcionamento eficiente e prolongando a sua vida útil.",Alvor
manutencao-de-ar-condicionado-predial-alvor,Manutenção de ar condicionado predial em Alvor,"Oferecemos serviços de manutenção para sistemas de ar condicionado predial, garantindo o desempenho ideal e a durabilidade do seu equipamento.",Alvor
manutencao-de-ar-condicionado-samsung-alvor,Manutenção de ar condicionado Samsung em Alvor,"Oferecemos serviços de manutenção profissional para o seu ar condicionado Samsung, garantindo que o seu sistema funcione perfeitamente durante todo o ano.",Alvor
manutencao-de-ar-condicionado-springer-alvor,Manutenção de ar condicionado Springer em Alvor,"Oferecemos serviços de manutenção especializada para unidades Springer, garantindo o ótimo funcionamento do seu ar condicionado.",Alvor
manutencao-de-ares-condicionados-alvor,Manutenção de ares condicionados em Alvor,Oferecemos serviços de manutenção especializados para garantir o funcionamento eficiente do seu ar condicionado em qualquer ambiente.,Alvor
manutencao-de-central-de-ar-alvor,Manutenção de central de ar em Alvor,"Oferecemos serviços completos de manutenção de centrais de ar, garantindo o funcionamento eficiente e duradouro do seu sistema.",Alvor
manutencao-de-central-de-ar-condicionado-alvor,Manutenção de central de ar condicionado em Alvor,"Oferecemos serviços de manutenção profissional para centrais de ar condicionado, garantindo o seu correto funcionamento e eficiência.",Alvor
manutencao-de-condicionador-de-ar-alvor,Manutenção de condicionador de ar em Alvor,"Oferecemos serviços de manutenção para condicionadores de ar, garantindo que o seu sistema funcione de forma eficiente e confiável.",Alvor
manutencao-de-fan-coil-alvor,Manutenção de fan coil em Alvor,Oferecemos serviços de manutenção de fan coil para garantir que seu sistema de climatização funcione de forma eficiente e sem problemas.,Alvor
manutencao-de-placa-de-ar-condicionado-alvor,Manutenção de placa de ar condicionado em Alvor,Oferecemos serviços de manutenção de placas de ar condicionado para garantir o perfeito funcionamento do seu equipamento.,Alvor
manutencao-do-ar-alvor,Manutenção do ar em Alvor,"Oferecemos serviços de manutenção de sistemas de ar condicionado em residências e empresas, garantindo o seu funcionamento eficiente e prolongando a vida útil do seu equipamento.",Alvor
manutencao-do-ar-condicionado-split-alvor,Manutenção do ar condicionado split em Alvor,"Oferecemos serviços de manutenção especializados para ar condicionado split, garantindo o seu funcionamento ideal e prolongando a sua vida útil.",Alvor
manutencao-dos-ar-condicionados-alvor,Manutenção dos ar condicionados em Alvor,"Oferecemos serviços de manutenção de ar condicionados para residências e empresas, garantindo o seu funcionamento eficiente e prolongando a sua vida útil.",Alvor
manutencao-e-higienizacao-de-ar-condicionado-alvor,Manutenção e higienização de ar condicionado em Alvor,Oferecemos serviços de manutenção e higienização de ar condicionado para garantir o máximo desempenho e eficiência do seu equipamento.,Alvor
manutencao-e-instalacao-de-ar-condicionado-split-alvor,Manutenção e instalação de ar condicionado split em Alvor,"Oferecemos serviços de instalação, manutenção e reparação de sistemas de ar condicionado split para residências e empresas.",Alvor
manutencao-e-preventiva-ar-condicionados-alvor,Manutenção e preventiva de ar condicionados em Alvor,"Oferecemos serviços de manutenção e preventiva para ar condicionados, garantindo que o seu sistema funcione de forma eficiente e prolongando a sua vida útil.",Alvor
manutencao-em-ar-condicionado-de-janela-alvor,Manutenção em ar condicionado de janela em Alvor,"Oferecemos serviços de manutenção para ar condicionado de janela, garantindo o seu funcionamento ideal e prolongando a sua vida útil.",Alvor
manutencao-em-ar-condicionado-portatil-alvor,Manutenção de ar condicionado portátil em Alvor,"Oferecemos serviços de manutenção especializados para o seu ar condicionado portátil, garantindo que ele funcione de forma eficiente e confiável.",Alvor
manutencao-em-central-de-ar-alvor,Manutenção em central de ar em Alvor,"Oferecemos serviços de manutenção especializada em sistemas de ar condicionado central, garantindo o seu funcionamento eficiente e duradouro.",Alvor
manutencao-em-refrigeracao-comercial-alvor,Manutenção em refrigeração comercial em Alvor,"Oferecemos serviços de manutenção de sistemas de refrigeração comercial, garantindo eficiência e funcionalidade para o seu negócio.",Alvor
manutencao-fan-coil-alvor,Manutenção de fan coil em Alvor,"Oferecemos serviços especializados de manutenção para sistemas de fan coil, garantindo que seu ar condicionado funcione de forma eficiente e eficaz em sua residência ou empresa.",Alvor
manutencao-lg-dual-inverter-alvor,Manutenção de ar condicionado LG Dual Inverter em Alvor,"Oferecemos serviços de manutenção especializada para o seu ar condicionado LG Dual Inverter, garantindo o seu funcionamento eficiente e prolongando sua vida útil.",Alvor
manutencao-no-ar-condicionado-alvor,Manutenção no ar condicionado em Alvor,Oferecemos serviços de manutenção de ar condicionado para garantir o funcionamento eficiente e prolongar a vida útil do seu equipamento.,Alvor
manutencao-periodica-ar-condicionado-alvor,Manutenção periódica de ar condicionado em Alvor,"Oferecemos serviços de manutenção periódica para garantir o funcionamento ideal do seu ar condicionado, tanto em residências como em empresas.",Alvor
manutencao-periodica-de-ar-condicionado-alvor,Manutenção periódica de ar condicionado em Alvor,Oferecemos serviços de manutenção periódica para garantir o funcionamento eficiente do seu sistema de ar condicionado em residências e empresas.,Alvor
manutencao-preditiva-ar-condicionado-alvor,Manutenção preditiva de ar condicionado em Alvor,Oferecemos serviços de manutenção preditiva para garantir que o seu sistema de ar condicionado opere de forma eficiente e confiável.,Alvor
manutencao-preditiva-de-ar-condicionado-alvor,Manutenção preditiva de ar condicionado em Alvor,Oferecemos serviços de manutenção preditiva para garantir o ótimo funcionamento do seu ar condicionado. Contamos com uma equipa especializada para atender tanto residências como empresas.,Alvor
manutencao-preventiva-ar-condicionado-split-alvor,Manutenção preventiva de ar condicionado split em Alvor,Garanta o bom funcionamento e a eficiência do seu ar condicionado split com os nossos serviços de manutenção preventiva em Alvor. Estamos aqui para ajudar na manutenção e reparação.,Alvor
manutencao-preventiva-condicionada-alvor,Manutenção preventiva de ar condicionado em Alvor,"Oferecemos serviços de manutenção preventiva para garantir o funcionamento eficiente do seu sistema de ar condicionado, proporcionando conforto e economia de energia.",Alvor
manutencao-preventiva-de-ar-condicionado-split-alvor,Manutenção preventiva de ar condicionado split em Alvor,"Oferecemos serviços de manutenção preventiva para o seu ar condicionado split, garantindo o seu funcionamento eficiente e prolongando a sua vida útil.",Alvor
manutencao-preventiva-do-ar-condicionado-alvor,Manutenção preventiva do ar condicionado em Alvor,"Oferecemos serviços de manutenção preventiva para garantir o bom funcionamento do seu ar condicionado, tanto em residências como em empresas.",Alvor
manutencao-preventiva-fan-coil-alvor,Manutenção preventiva de fan coil em Alvor,"Oferecemos serviços de manutenção preventiva para sistemas de fan coil, garantindo que o seu equipamento funcione sempre em ótimas condições.",Alvor
manutencao-preventiva-refrigeracao-alvor,Manutenção preventiva de refrigeração em Alvor,"Oferecemos serviços de manutenção preventiva para sistemas de refrigeração, garantindo eficiência e durabilidade para sua instalação.",Alvor
manutencao-preventiva-split-alvor,Manutenção preventiva de ar condicionado split em Alvor,Assegure o bom funcionamento do seu ar condicionado com a nossa manutenção preventiva especializada.,Alvor
manutencao-refrigeracao-comercial-alvor,Manutenção de refrigeração comercial em Alvor,Oferecemos serviços de manutenção de sistemas de refrigeração comercial para garantir o funcionamento eficiente do seu negócio.,Alvor
manutencao-sistemas-avac-alvor,Manutenção de sistemas AVAC em Alvor,Oferecemos serviços de manutenção de sistemas AVAC para garantir o melhor funcionamento e eficiência do seu equipamento.,Alvor
manutencao-split-inverter-alvor,Manutenção de ar condicionado split inverter em Alvor,"Oferecemos serviços de manutenção para sistemas de ar condicionado split inverter, garantindo um desempenho eficiente e prolongando a vida útil do seu equipamento.",Alvor
manutencao-springer-ar-condicionado-alvor,Manutenção de ar condicionado Springer em Alvor,"Oferecemos serviços de manutenção especializada para sistemas de ar condicionado Springer, garantindo o seu funcionamento eficiente e duradouro em Alvor.",Alvor
montagem-e-manutencao-de-ar-condicionado-alvor,Montagem e manutenção de ar condicionado em Alvor,"Oferecemos serviços de montagem e manutenção de sistemas de ar condicionado para residências e empresas, garantindo conforto e eficiência.",Alvor
oficina-de-manutencao-de-ar-condicionado-alvor,Oficina de manutenção de ar condicionado em Alvor,Oferecemos serviços de manutenção e reparação de ar condicionado para garantir o conforto do seu espaço.,Alvor
orcamento-manutencao-ar-condicionado-alvor,Orçamento para manutenção de ar condicionado em Alvor,"Oferecemos serviços de manutenção para garantir o perfeito funcionamento do seu ar condicionado, seja em residências ou empresas. Entre em contato para um orçamento personalizado.",Alvor
orcamento-manutencao-de-ar-condicionado-alvor,Orçamento para manutenção de ar condicionado em Alvor,"Oferecemos serviços de manutenção de ar condicionado para residencial e comercial, garantindo o funcionamento ideal do seu equipamento.",Alvor
orcamento-para-manutencao-de-ar-condicionado-alvor,Orçamento para manutenção de ar condicionado em Alvor,"Oferecemos serviços de manutenção de ar condicionado para residências e empresas, garantindo que o seu equipamento funcione de forma eficiente.",Alvor
preventiva-em-ar-condicionado-alvor,Manutenção preventiva em ar condicionado em Alvor,Oferecemos serviços de manutenção preventiva para garantir que o seu sistema de ar condicionado funcione de forma eficiente e prolongue a sua vida útil.,Alvor
refrigeracao-e-manutencao-alvor,Refrigeração e manutenção em Alvor,"Oferecemos serviços de refrigeração e manutenção para residências e empresas, garantindo um ambiente confortável durante todo o ano.",Alvor
servico-de-manutencao-ar-condicionado-alvor,Serviço de manutenção de ar condicionado em Alvor,"Oferecemos serviços de manutenção para garantir o funcionamento ideal do seu ar condicionado, seja em ambientes residenciais ou comerciais.",Alvor
servicos-de-manutencao-preventiva-e-corretiva-de-ar-condicionado-alvor,Serviços de manutenção preventiva e corretiva de ar condicionado em Alvor,"Oferecemos serviços de manutenção que garantem o funcionamento ótimo do seu ar condicionado, tanto para residências como para empresas.",Alvor
split-manutencao-alvor,Manutenção de ar condicionado split em Alvor,"Oferecemos serviços de manutenção profissionais para sistemas de ar condicionado split, garantindo o seu perfeito funcionamento.",Alvor
manutencao-ar-condicionado-quarteira,Manutenção de ar condicionado em Quarteira,Oferecemos serviços de manutenção de ar condicionado para garantir o funcionamento eficiente do seu sistema. Entre em contato conosco para agendar uma visita.,Quarteira
manutencao-de-ar-condicionado-quarteira,Manutenção de ar condicionado em Quarteira,Oferecemos serviços de manutenção de ar condicionado para garantir o perfeito funcionamento do seu sistema de climatização.,Quarteira
ar-condicionado-manutencao-quarteira,Manutenção de ar condicionado em Quarteira,"Oferecemos serviços de manutenção para garantir o funcionamento ideal do seu sistema de ar condicionado, atendendo tanto residências como empresas.",Quarteira
manutencao-em-ar-condicionado-quarteira,Manutenção em ar condicionado em Quarteira,"Oferecemos serviços de manutenção de ar condicionado para garantir o seu conforto e eficiência, tanto em instalações residenciais como comerciais.",Quarteira
empresa-de-manutencao-de-ar-condicionado-quarteira,Empresa de manutenção de ar condicionado em Quarteira,"Oferecemos serviços de manutenção e reparação de ar condicionado para residências e empresas, garantindo o funcionamento ideal do seu equipamento.",Quarteira
manutencao-preventiva-ar-condicionado-quarteira,Manutenção preventiva de ar condicionado em Quarteira,"Oferecemos serviços de manutenção preventiva para garantir o funcionamento eficiente do seu ar condicionado, seja para sua residência ou empresa.",Quarteira
manutencao-ar-condicionado-residencial-quarteira,Manutenção de ar condicionado residencial em Quarteira,Oferecemos serviços de manutenção de ar condicionado residencial para garantir que o seu sistema funcione de forma eficiente e confiável. Entre em contato conosco para uma avaliação e serviço de qualidade.,Quarteira
instalacao-e-manutencao-de-ar-condicionado-quarteira,Instalação e manutenção de ar condicionado em Quarteira,"Oferecemos serviços de instalação e manutenção de ar condicionado para residências e empresas em Quarteira. Trabalhamos com todas as principais marcas como LG, Daikin e Samsung.",Quarteira
manutencao-de-ar-condicionado-residencial-quarteira,Manutenção de ar condicionado residencial em Quarteira,Oferecemos serviços de manutenção de ar condicionado residencial para garantir o seu conforto e eficiência.,Quarteira
manutencao-de-ar-condicionado-split-quarteira,Manutenção de ar condicionado split em Quarteira,"Oferecemos serviços de manutenção especializada para ar condicionado split, garantindo conforto e eficiência em sua casa ou empresa.",Quarteira
manutencao-ar-condicionado-perto-de-mim-quarteira,Manutenção de ar condicionado perto de mim,"Oferecemos serviços de manutenção de ar condicionado em Quarteira, garantindo o desempenho ideal do seu sistema de climatização.",Quarteira
manutencao-ar-condicionado-split-quarteira,Manutenção de ar condicionado split em Quarteira,"Oferecemos serviços de manutenção especializada para sistemas de ar condicionado split, garantindo o desempenho ideal e a eficiência do seu equipamento.",Quarteira
manutencao-preventiva-de-ar-condicionado-quarteira,Manutenção preventiva de ar condicionado em Quarteira,Oferecemos serviços de manutenção preventiva para garantir o funcionamento eficaz e duradouro do seu ar condicionado.,Quarteira
empresa-manutencao-ar-condicionado-quarteira,Empresa de manutenção de ar condicionado em Quarteira,"Oferecemos serviços de manutenção para sistemas de ar condicionado, garantindo o seu funcionamento eficaz e prolongando a sua vida útil.",Quarteira
manutencao-e-instalacao-de-ar-condicionado-quarteira,Manutenção e instalação de ar condicionado em Quarteira,"Oferecemos serviços profissionais de manutenção e instalação de ar condicionado para residências e empresas, garantindo conforto e eficiência.",Quarteira
manutencao-em-ar-condicionado-residencial-quarteira,Manutenção em ar condicionado residencial em Quarteira,"Oferecemos serviços de manutenção para sistemas de ar condicionado residenciais, garantindo conforto e eficiência em sua casa.",Quarteira
manutencao-ar-condicionado-lg-quarteira,Manutenção de ar condicionado LG em Quarteira,"Oferecemos serviços de manutenção para sistemas de ar condicionado da marca LG, garantindo que seu equipamento funcione perfeitamente. Também realizamos manutenção para todas as principais marcas.",Quarteira
manutencao-ar-condicionado-portatil-quarteira,Manutenção de ar condicionado portátil em Quarteira,"Oferecemos serviços de manutenção especializados para garantir o bom funcionamento do seu ar condicionado portátil, tanto para residências como para empresas.",Quarteira
manutencao-ar-condicionado-daikin-quarteira,Manutenção de ar condicionado Daikin em Quarteira,"Oferecemos serviços de manutenção especializados para sistemas de ar condicionado Daikin, garantindo o seu conforto e eficiência.",Quarteira
manutencao-do-ar-condicionado-quarteira,Manutenção do ar condicionado em Quarteira,"Oferecemos serviços de manutenção de ar condicionado para garantir o seu funcionamento ideal, tanto para residências como para empresas.",Quarteira
manutencao-de-ar-condicionado-portatil-quarteira,Manutenção de ar condicionado portátil em Quarteira,"Oferecemos serviços de manutenção especializados para ar condicionado portátil, garantindo que seu aparelho funcione de forma eficiente e eficaz.",Quarteira
servico-de-manutencao-de-ar-condicionado-quarteira,Serviço de manutenção de ar condicionado em Quarteira,"Oferecemos serviços de manutenção para todos os tipos de sistemas de ar condicionado, garantindo o seu funcionamento eficiente e duradouro.",Quarteira
manutencao-de-ar-condicionado-central-quarteira,Manutenção de ar condicionado central em Quarteira,"Oferecemos serviços de manutenção eficiente para sistemas de ar condicionado central em residências e empresas, garantindo o funcionamento ideal do seu equipamento.",Quarteira
ar-condicionado-instalacao-e-manutencao-quarteira,Instalação e manutenção de ar condicionado em Quarteira,"Oferecemos serviços de instalação e manutenção de sistemas de ar condicionado para residências e empresas, garantindo conforto e eficiência.",Quarteira
higienizacao-ar-condicionado-split-quarteira,Higienização de ar condicionado split em Quarteira,Garanta a eficiência e a qualidade do seu ar condicionado split com nossos serviços de higienização profissional.,Quarteira
manutencao-de-ar-quarteira,Manutenção de ar condicionado em Quarteira,"Oferecemos serviços de manutenção de ar condicionado para garantir o funcionamento eficiente e duradouro do seu sistema, seja em residências ou empresas.",Quarteira
refrigeracao-manutencao-quarteira,Manutenção de refrigeração em Quarteira,"Oferecemos serviços de manutenção para sistemas de refrigeração, garantindo que o seu equipamento funcione de forma eficiente e confiável.",Quarteira
manutencao-de-ar-condicionado-industrial-quarteira,Manutenção de ar condicionado industrial em Quarteira,Oferecemos serviços de manutenção de ar condicionado industrial para garantir o funcionamento eficiente e duradouro do seu equipamento.,Quarteira
empresas-que-fazem-manutencao-de-ar-condicionado-quarteira,Empresa de ar condicionado em Quarteira,"Oferecemos serviços de manutenção de ar condicionado para residências e empresas, garantindo o melhor desempenho do seu sistema.",Quarteira
manutencao-ar-condicionado-samsung-quarteira,Manutenção de ar condicionado Samsung em Quarteira,"Oferecemos serviços de manutenção especializados para o seu ar condicionado Samsung, garantindo um funcionamento eficiente e duradouro.",Quarteira
ar-condicionado-manutencao-preventiva-quarteira,Manutenção preventiva de ar condicionado em Quarteira,Garanta o funcionamento eficiente do seu ar condicionado com nossos serviços de manutenção preventiva em Quarteira. Estamos à disposição para atender tanto residências quanto empresas.,Quarteira
assistencia-tecnica-ar-condicionado-fujitsu-quarteira,Assistência técnica de ar condicionado Fujitsu em Quarteira,"Oferecemos serviços de reparação e manutenção de ar condicionado Fujitsu, garantindo que você tenha o conforto que precisa em sua casa ou empresa.",Quarteira
ar-condicionado-assistencia-quarteira,Assistência de ar condicionado em Quarteira,"Oferecemos serviços de assistência técnica para qualquer marca de ar condicionado, garantindo conforto e qualidade no seu ambiente.",Quarteira
empresa-de-manutencao-ar-condicionado-quarteira,Empresa de manutenção de ar condicionado em Quarteira,"Oferecemos serviços de manutenção para todos os tipos de sistemas de ar condicionado, garantindo eficiência e conforto para sua casa ou empresa.",Quarteira
manutencao-em-ar-condicionado-split-quarteira,Manutenção em ar condicionado split em Quarteira,"Oferecemos serviços profissionais de manutenção para ar condicionado split, garantindo o seu funcionamento eficiente em ambientes residenciais e comerciais.",Quarteira
manutencao-ar-condicionado-fujitsu-quarteira,Manutenção de ar condicionado Fujitsu em Quarteira,"Oferecemos serviços de manutenção especializada para sistemas de ar condicionado Fujitsu, garantindo um desempenho ideal e conforto em sua casa ou empresa.",Quarteira
ar-condicionado-manutencao-e-instalacao-quarteira,Manutenção e instalação de ar condicionado em Quarteira,"Oferecemos serviços de manutenção e instalação de sistemas de ar condicionado, garantindo conforto e eficiência para sua casa ou empresa.",Quarteira
manutencao-ar-condicionado-24-horas-quarteira,Manutenção de ar condicionado 24 horas em Quarteira,"Oferecemos serviços de manutenção de ar condicionado 24 horas para garantir que o seu sistema funcione perfeitamente, esteja você em casa ou no seu negócio.",Quarteira
orcamento-de-manutencao-de-ar-condicionado-quarteira,Orçamento de manutenção de ar condicionado em Quarteira,"Oferecemos serviços de manutenção de ar condicionado para residências e empresas, garantindo o funcionamento eficiente do seu sistema.",Quarteira
manutencao-corretiva-ar-condicionado-quarteira,Manutenção corretiva de ar condicionado em Quarteira,"Oferecemos serviços de manutenção corretiva para garantir o funcionamento eficiente do seu ar condicionado, tanto em instalações residenciais como comerciais.",Quarteira
empresa-manutencao-de-ar-condicionado-quarteira,Empresa de manutenção de ar condicionado em Quarteira,"Oferecemos serviços de manutenção de ar condicionado para residências e empresas, garantindo conforto e eficiência no seu sistema.",Quarteira
ar-condicionado-split-manutencao-quarteira,Manutenção de ar condicionado split em Quarteira,"Oferecemos serviços de manutenção de ar condicionado split para garantir o seu funcionamento ideal, tanto para residências como para empresas.",Quarteira
manutencao-de-ar-condicionado-perto-de-mim-quarteira,Manutenção de ar condicionado em Quarteira,Oferecemos serviços de manutenção de ar condicionado para residências e empresas em Quarteira. A nossa equipe está pronta para garantir que o seu sistema de ar condicionado funcione de forma eficiente.,Quarteira
manutencao-split-quarteira,Manutenção de ar condicionado split em Quarteira,"Oferecemos serviços de manutenção de sistemas de ar condicionado split, garantindo o máximo desempenho e conforto para sua casa ou empresa.",Quarteira
daikin-manutencao-quarteira,Manutenção de ar condicionado Daikin em Quarteira,"Oferecemos serviços de manutenção especializados para sistemas de ar condicionado Daikin, garantindo o melhor desempenho e eficiência do seu equipamento.",Quarteira
manutencao-ar-condicionado-lg-dual-inverter-quarteira,Manutenção de ar condicionado LG Dual Inverter em Quarteira,"Oferecemos serviços de manutenção especializados para o seu ar condicionado LG Dual Inverter, garantindo performance e eficiência para o seu conforto.",Quarteira
revisao-de-ar-condicionado-quarteira,Revisão de ar condicionado em Quarteira,Mantenha o seu ar condicionado em ótimo estado com os nossos serviços de revisão especializados.,Quarteira
manutencao-preventiva-em-ar-condicionado-quarteira,Manutenção preventiva em ar condicionado em Quarteira,Oferecemos serviços de manutenção preventiva para garantir o perfeito funcionamento do seu ar condicionado em residências e empresas.,Quarteira
manutencao-ar-condicionado-janela-quarteira,Manutenção de ar condicionado de janela em Quarteira,"Oferecemos serviços de manutenção especializados para ar condicionado de janela, garantindo um funcionamento eficiente e duradouro em sua casa ou empresa.",Quarteira
manutencao-em-ar-condicionado-industrial-quarteira,Manutenção em ar condicionado industrial em Quarteira,"Oferecemos serviços de manutenção especializados para sistemas de ar condicionado industrial, garantindo o melhor desempenho e eficiência para a sua empresa.",Quarteira
manutencao-preventiva-e-corretiva-ar-condicionado-quarteira,Manutenção preventiva e corretiva de ar condicionado em Quarteira,Oferecemos serviços de manutenção preventiva e corretiva para garantir o funcionamento ideal do seu ar condicionado em residências e empresas.,Quarteira
manutencao-ar-condicionado-central-quarteira,Manutenção de ar condicionado central em Quarteira,"Oferecemos serviços de manutenção especializada para sistemas de ar condicionado central, garantindo o melhor desempenho e eficiência energética.",Quarteira
manutencao-ar-condicionado-industrial-quarteira,Manutenção de ar condicionado industrial em Quarteira,"Oferecemos serviços de manutenção para sistemas de ar condicionado industrial, garantindo eficiência e durabilidade em suas instalações.",Quarteira
manutencao-ar-condicionado-de-janela-quarteira,Manutenção de ar condicionado de janela em Quarteira,"Oferecemos serviços de manutenção para ar condicionado de janela, garantindo conforto e eficiência energética na sua casa ou empresa.",Quarteira
preventiva-de-ar-condicionado-quarteira,Manutenção preventiva de ar condicionado em Quarteira,"Oferecemos serviços de manutenção preventiva para garantir o melhor desempenho do seu ar condicionado, tanto em residências como em empresas.",Quarteira
manutencao-de-ar-condicionado-lg-quarteira,Manutenção de ar condicionado LG em Quarteira,"Oferecemos serviços de manutenção para sistemas de ar condicionado LG e de todas as marcas, garantindo o melhor desempenho do seu equipamento.",Quarteira
assistencia-de-ar-condicionado-quarteira,Assistência de ar condicionado em Quarteira,"Oferecemos serviços de assistência técnica para todos os tipos de ar condicionados, garantindo o seu conforto em Quarteira.",Quarteira
manutencao-de-ar-condicionado-de-janela-quarteira,Manutenção de ar condicionado de janela em Quarteira,Oferecemos serviços de manutenção de ar condicionado de janela para garantir que o seu aparelho funcione de forma eficiente e duradoura.,Quarteira
ar-condicionado-residencial-manutencao-quarteira,Manutenção de ar condicionado residencial em Quarteira,Oferecemos serviços de manutenção para garantir o funcionamento eficiente do seu ar condicionado residencial.,Quarteira
preventiva-ar-condicionado-quarteira,Manutenção preventiva de ar condicionado em Quarteira,Garanta o desempenho ideal do seu sistema de ar condicionado com nossos serviços de manutenção preventiva em Quarteira. Oferecemos soluções para residências e empresas.,Quarteira
manutencao-de-split-quarteira,Manutenção de ar condicionado split em Quarteira,Oferecemos serviços de manutenção de ar condicionado split para garantir o desempenho ideal do seu equipamento.,Quarteira
empresa-de-manutencao-em-ar-condicionado-quarteira,Empresa de manutenção em ar condicionado em Quarteira,Oferecemos serviços de manutenção e reparação de ar condicionado para residências e empresas em Quarteira.,Quarteira
manutencao-ar-condicionado-springer-quarteira,Manutenção de ar condicionado Springer em Quarteira,"Oferecemos serviços de manutenção profissional para sistemas de ar condicionado Springer, garantindo que o seu equipamento funcione de forma eficiente e confiável.",Quarteira
manutencao-para-ar-condicionado-quarteira,Manutenção para ar condicionado em Quarteira,"Oferecemos serviços de manutenção para ar condicionado, garantindo um funcionamento eficiente dos seus sistemas, tanto em instalações residenciais como comerciais.",Quarteira
manutencao-ar-split-quarteira,Manutenção de ar condicionado split em Quarteira,Oferecemos serviços de manutenção para garantir o funcionamento eficiente do seu ar condicionado split. Entre em contato para uma avaliação!,Quarteira
manutencao-preventiva-e-corretiva-de-ar-condicionado-quarteira,Manutenção preventiva e corretiva de ar condicionado em Quarteira,"Oferecemos serviços completos de manutenção preventiva e corretiva para garantir o ótimo funcionamento do seu sistema de ar condicionado, seja em residências ou empresas.",Quarteira
empresa-de-higienizacao-de-ar-condicionado-quarteira,Empresa de higienização de ar condicionado em Quarteira,"Oferecemos serviços de higienização para ar condicionado, garantindo a qualidade do ar e eficiência do seu equipamento.",Quarteira
air-systems-manutencao-de-ar-condicionado-quarteira,Manutenção de ar condicionado em Quarteira,"Oferecemos serviços de manutenção para sistemas de ar condicionado, garantindo que o seu sistema funcione de maneira eficiente e prolongando a sua vida útil.",Quarteira
ar-condicionado-carrier-manutencao-quarteira,Manutenção de ar condicionado Carrier em Quarteira,"Oferecemos serviços de manutenção especializados para unidades de ar condicionado Carrier, garantindo que seu sistema funcione de maneira eficiente e prolongue a sua vida útil.",Quarteira
ar-condicionado-central-manutencao-quarteira,Manutenção de ar condicionado central em Quarteira,"Oferecemos serviços de manutenção completos para sistemas de ar condicionado central, garantindo que o seu equipamento funcione de forma eficiente e duradouro.",Quarteira
ar-condicionado-daikin-manutencao-quarteira,Manutenção de ar condicionado Daikin em Quarteira,"Oferecemos serviços de manutenção especializados para sistemas de ar condicionado Daikin, garantindo que o seu equipamento funcione de forma eficiente e duradoura.",Quarteira
ar-condicionado-de-janela-manutencao-quarteira,Manutenção de ar condicionado de janela em Quarteira,"Oferecemos serviços de manutenção especializados para ar condicionado de janela, assegurando que o seu sistema funcione de forma eficiente e eficaz.",Quarteira
ar-condicionado-empresas-de-manutencao-quarteira,Empresa de ar condicionado em Quarteira,"Oferecemos serviços de manutenção de sistemas de ar condicionado para residências e empresas, garantindo o seu conforto e eficiência.",Quarteira
ar-condicionado-fujitsu-manutencao-quarteira,Manutenção de ar condicionado Fujitsu em Quarteira,"Oferecemos serviços de manutenção de ar condicionado Fujitsu, garantindo que o seu sistema funcione de forma eficiente e prolongando a sua vida útil.",Quarteira
ar-condicionado-instalacao-manutencao-quarteira,Instalação e manutenção de ar condicionado em Quarteira,"Oferecemos serviços de instalação e manutenção de sistemas de ar condicionado para residências e empresas. Trabalhamos com todas as principais marcas, garantindo eficiência e conforto.",Quarteira
ar-condicionado-inverter-manutencao-quarteira,Manutenção de ar condicionado inverter em Quarteira,"Oferecemos serviços de manutenção especializada para sistemas de ar condicionado inverter, garantindo o seu funcionamento eficiente e prolongando a sua vida útil.",Quarteira
ar-condicionado-janela-manutencao-quarteira,Manutenção de ar condicionado de janela em Quarteira,"Oferecemos serviços de manutenção profissional para o seu ar condicionado de janela, garantindo o funcionamento eficiente e prolongando a sua vida útil.",Quarteira
ar-condicionado-lg-manutencao-quarteira,Manutenção de ar condicionado LG em Quarteira,"Oferecemos serviços de manutenção para o seu ar condicionado LG, garantindo que o seu equipamento funcione de forma eficiente e duradoura.",Quarteira
ar-condicionado-portatil-manutencao-quarteira,Manutenção de ar condicionado portátil em Quarteira,Oferecemos serviços de manutenção para garantir que o seu ar condicionado portátil funcione sempre em ótimas condições.,Quarteira
ar-condicionado-precisa-de-manutencao-quarteira,Manutenção de ar condicionado em Quarteira,Oferecemos serviços de manutenção de ar condicionado para garantir que seu aparelho funcione de forma eficiente e duradoura.,Quarteira
ar-condicionado-samsung-manutencao-quarteira,Manutenção de ar condicionado Samsung em Quarteira,"Oferecemos serviços de manutenção especializada para o seu ar condicionado Samsung, garantindo o melhor desempenho e conforto no seu espaço.",Quarteira
ar-condicionado-springer-manutencao-quarteira,Manutenção de ar condicionado Springer em Quarteira,"Oferecemos serviços de manutenção especializados para sistemas de ar condicionado Springer, garantindo o seu funcionamento eficiente e prolongando a sua vida útil.",Quarteira
ar-ice-clean-manutencao-higienizacao-e-instalacao-de-ar-condicionado-quarteira,"Manutenção, higienização e instalação de ar condicionado em Quarteira","Oferecemos serviços completos de instalação, manutenção e higienização de sistemas de ar condicionado para residências e empresas, garantindo eficiência e conforto.",Quarteira
ar-manutencao-quarteira,Manutenção de ar condicionado em Quarteira,Oferecemos serviços de manutenção de ar condicionado para garantir o seu bom funcionamento e prolongar a vida útil do seu equipamento.,Quarteira
arcotec-ar-condicionado-instalacao-e-manutencao-quarteira,Instalação e manutenção de ar condicionado Arcotec em Quarteira,Oferecemos serviços de instalação e manutenção para sistemas de ar condicionado Arcotec e todas as principais marcas em Quarteira. Entre em contato conosco para garantir um ambiente confortável.,Quarteira
assistencia-em-ar-condicionado-quarteira,Assistência em ar condicionado em Quarteira,"Oferecemos serviços de assistência técnica, incluindo reparação e manutenção de sistemas de ar condicionado para residências e empresas.",Quarteira
assistencia-tecnica-ar-quarteira,Assistência técnica de ar em Quarteira,"Oferecemos serviços de assistência técnica para ar condicionado, garantindo conforto e eficiência em sua casa ou empresa.",Quarteira
assistencia-tecnica-ar-condicionado-hitachi-quarteira,Assistência técnica de ar condicionado Hitachi em Quarteira,"Oferecemos serviços de reparação e manutenção de unidades Hitachi, garantindo o funcionamento ideal do seu sistema de climatização.",Quarteira
assistencia-tecnica-em-ar-condicionado-quarteira,Assistência técnica em ar condicionado em Quarteira,Oferecemos serviços de reparação e manutenção de ar condicionado para residências e empresas em Quarteira.,Quarteira
carrier-manutencao-ar-condicionado-quarteira,Manutenção de ar condicionado Carrier em Quarteira,"Oferecemos serviços de manutenção para sistemas de ar condicionado Carrier, garantindo o seu funcionamento ideal e aumentando a durabilidade do equipamento.",Quarteira
empresa-de-ar-condicionado-manutencao-quarteira,Empresa de ar condicionado em Quarteira,Oferecemos serviços de manutenção especializada em sistemas de ar condicionado para residências e empresas.,Quarteira
empresa-de-instalacao-e-manutencao-de-ar-condicionado-quarteira,Empresa de instalação e manutenção de ar condicionado em Quarteira,"Oferecemos serviços de instalação e manutenção de sistemas de ar condicionado para residências e empresas, garantindo conforto em qualquer espaço.",Quarteira
empresas-de-instalacao-e-manutencao-de-ar-condicionado-quarteira,Empresa de instalação e manutenção de ar condicionado em Quarteira,"Oferecemos serviços profissionais de instalação e manutenção de ar condicionado para residências e empresas em Quarteira. Trabalhamos com todas as principais marcas como LG, Daikin e Samsung, garantindo conforto e qualidade.",Quarteira
fan-coil-manutencao-quarteira,Manutenção de fan coil em Quarteira,"Oferecemos serviços de manutenção para fan coils, garantindo o seu funcionamento eficiente e duradouro.",Quarteira
fujitsu-ar-condicionado-assistencia-tecnica-quarteira,Assistência técnica de ar condicionado Fujitsu em Quarteira,"Oferecemos serviços de instalação, reparação e manutenção de ar condicionado Fujitsu, garantindo que seu sistema funcione sempre na melhor condição.",Quarteira
fujitsu-ar-condicionado-manutencao-quarteira,Manutenção de ar condicionado Fujitsu em Quarteira,"Oferecemos serviços de manutenção especializados para sistemas de ar condicionado Fujitsu, garantindo eficiência e conforto em sua residência ou empresa.",Quarteira
higienizar-ar-condicionado-split-quarteira,Higienização de ar condicionado split em Quarteira,"Oferecemos serviços de higienização profissional para unidades de ar condicionado split, garantindo um ambiente saudável e agradável na sua casa ou empresa.",Quarteira
higienizacao-de-ar-condicionado-de-janela-quarteira,Higienização de ar condicionado de janela em Quarteira,"Oferecemos serviços de higienização eficientes para o seu ar condicionado de janela, garantindo um ambiente mais saudável and confortável em sua casa ou escritório.",Quarteira
instalacao-de-ar-condicionado-e-manutencao-quarteira,Instalação de ar condicionado e manutenção em Quarteira,"Oferecemos serviços de instalação e manutenção de ar condicionado para residências e empresas, garantindo conforto e qualidade no seu ambiente.",Quarteira
instalacao-e-manutencao-ar-condicionado-quarteira,Instalação e manutenção de ar condicionado em Quarteira,"Oferecemos serviços completos de instalação e manutenção para sistemas de ar condicionado, garantindo conforto e eficiência para residências e empresas.",Quarteira
instalacao-e-manutencao-de-ar-condicionado-split-quarteira,Instalação e manutenção de ar condicionado split em Quarteira,"Oferecemos serviços completos de instalação e manutenção de sistemas de ar condicionado split, garantindo conforto e eficiência para sua casa ou empresa.",Quarteira
instalacao-e-manutencao-de-split-quarteira,Instalação e manutenção de ar condicionado split em Quarteira,"Oferecemos serviços de instalação e manutenção para sistemas de ar condicionado split, garantindo conforto e eficiência energética para residências e empresas.",Quarteira
instalacao-e-manutencao-em-ar-condicionado-quarteira,Instalação e manutenção de ar condicionado em Quarteira,Oferecemos serviços de instalação e manutenção de ar condicionado tanto para residências como para empresas em Quarteira. Entre em contato para garantir o conforto no seu ambiente.,Quarteira
instalacao-manutencao-ar-condicionado-quarteira,Instalação e manutenção de ar condicionado em Quarteira,"Oferecemos serviços de instalação e manutenção de ar condicionado para residências e empresas, trabalhando com todas as principais marcas como LG, Daikin e Samsung.",Quarteira
manutencao-ar-quarteira,Manutenção de ar condicionado em Quarteira,"Oferecemos serviços de manutenção para todos os tipos de sistemas de ar condicionado, garantindo o seu funcionamento eficiente e duradouro.",Quarteira
manutencao-ar-cond-quarteira,Manutenção de ar condicionado em Quarteira,"Oferecemos serviços de manutenção de ar condicionado para garantir o funcionamento eficiente do seu equipamento, seja em residências ou empresas.",Quarteira
manutencao-de-ar-split-quarteira,Manutenção de ar condicionado split em Quarteira,"Oferecemos serviços de manutenção de ar condicionado split para garantir que o seu sistema funcione sempre em perfeitas condições, atendendo a residências e empresas.",Quarteira
manutencao-em-ar-quarteira,Manutenção de ar condicionado em Quarteira,"Oferecemos serviços completos de manutenção para o seu sistema de ar condicionado, garantindo o seu perfeito funcionamento e eficiência.",Quarteira
manutencao-ar-condicionado-carrier-quarteira,Manutenção de ar condicionado Carrier em Quarteira,"Oferecemos serviços de manutenção especializados para sistemas de ar condicionado Carrier, garantindo um funcionamento eficiente e prolongando a vida útil do seu equipamento.",Quarteira
manutencao-ar-condicionado-comfee-quarteira,Manutenção de ar condicionado Comfee em Quarteira,"Oferecemos serviços de manutenção especializada para seus sistemas Comfee, garantindo o desempenho ideal do seu ar condicionado.",Quarteira
manutencao-ar-condicionado-delonghi-quarteira,Manutenção de ar condicionado Delonghi em Quarteira,"Oferecemos serviços de manutenção para o seu ar condicionado Delonghi, garantindo o seu ideal funcionamento e conforto.",Quarteira
manutencao-ar-condicionado-gree-quarteira,Manutenção de ar condicionado Gree em Quarteira,"Oferecemos serviços de manutenção especializados para ar condicionado Gree, garantindo que o seu sistema funcione de forma eficiente e prolongando a sua vida útil.",Quarteira
manutencao-ar-condicionado-hitachi-quarteira,Manutenção de ar condicionado Hitachi em Quarteira,"Oferecemos serviços de manutenção especializados para sistemas de ar condicionado Hitachi, garantindo o perfeito funcionamento do seu equipamento.",Quarteira
manutencao-ar-condicionado-inverter-quarteira,Manutenção de ar condicionado inverter em Quarteira,"Oferecemos serviços de manutenção especializados para sistemas de ar condicionado inverter, garantindo o seu funcionamento eficiente e prolongando a sua vida útil.",Quarteira
manutencao-ar-condicionado-k7-quarteira,Manutenção de ar condicionado K7 em Quarteira,"Oferecemos serviços de manutenção para sistemas de ar condicionado K7, garantindo um funcionamento eficiente e duradouro.",Quarteira
manutencao-ar-condicionado-lg-inverter-quarteira,Manutenção de ar condicionado LG Inverter em Quarteira,"Oferecemos serviços de manutenção especializados para sistemas de ar condicionado LG Inverter, garantindo o funcionamento eficiente e prolongando a vida útil do seu equipamento.",Quarteira
manutencao-ar-condicionado-portatil-delonghi-quarteira,Manutenção de ar condicionado portátil Delonghi em Quarteira,"Oferecemos serviços completos de manutenção para o seu ar condicionado portátil Delonghi, garantindo que ele funcione de forma eficiente e prolongue a sua vida útil.",Quarteira
manutencao-ar-condicionado-portatil-midea-quarteira,Manutenção de ar condicionado portátil Midea em Quarteira,"Oferecemos serviços de manutenção para o seu ar condicionado portátil Midea, garantindo o seu funcionamento ideal durante todo o ano.",Quarteira
manutencao-ar-condicionado-samsung-inverter-quarteira,Manutenção de ar condicionado Samsung inverter em Quarteira,"Garantimos um serviço de qualidade para manter o seu ar condicionado Samsung inverter em perfeito estado, seja para uso residencial ou comercial.",Quarteira
manutencao-ar-condicionado-split-gree-quarteira,Manutenção de ar condicionado split Gree em Quarteira,"Oferecemos serviços de manutenção para o seu ar condicionado split Gree, garantindo um funcionamento eficiente e prolongando a vida útil do seu equipamento em Quarteira.",Quarteira
manutencao-ar-condicionado-split-samsung-quarteira,Manutenção de ar condicionado split Samsung em Quarteira,"Oferecemos serviços de manutenção especializados para o seu ar condicionado split Samsung, garantindo o seu funcionamento eficiente e prolongando a sua vida útil.",Quarteira
manutencao-ar-condicionado-springer-carrier-quarteira,Manutenção de ar condicionado Springer e Carrier em Quarteira,"Oferecemos serviços de manutenção para os sistemas de ar condicionado das marcas Springer e Carrier, garantindo que seu equipamento funcione de forma eficiente e duradoura.",Quarteira
manutencao-ar-portatil-quarteira,Manutenção de ar portátil em Quarteira,"Oferecemos serviços de manutenção especializada para o seu ar condicionado portátil, garantindo o seu funcionamento eficaz e duradouro.",Quarteira
manutencao-avac-quarteira,Manutenção de AVAC em Quarteira,"Oferecemos serviços de manutenção para sistemas de climatização, garantindo o funcionamento eficiente e duradouro do seu equipamento.",Quarteira
manutencao-central-de-ar-quarteira,Manutenção de central de ar em Quarteira,Oferecemos serviços de manutenção de sistemas de ar condicionado central para garantir o seu funcionamento eficiente e prolongar a sua vida útil.,Quarteira
manutencao-climatizador-springer-quarteira,Manutenção de climatizador Springer em Quarteira,"Oferecemos serviços especializados de manutenção para climatizadores Springer, garantindo eficiência e conforto em sua casa ou empresa.",Quarteira
manutencao-condicionador-de-ar-quarteira,Manutenção de condicionador de ar em Quarteira,"Oferecemos serviços de manutenção para todos os tipos de condicionadores de ar, garantindo o seu funcionamento eficiente em ambientes residenciais e comerciais.",Quarteira
manutencao-corretiva-de-ar-condicionado-quarteira,Manutenção corretiva de ar condicionado em Quarteira,Oferecemos serviços de manutenção corretiva para garantir o funcionamento otimizado do seu ar condicionado. Trabalhamos com todas as marcas e asseguramos a qualidade do nosso trabalho.,Quarteira
manutencao-corretiva-e-preventiva-de-ar-condicionado-quarteira,Manutenção corretiva e preventiva de ar condicionado em Quarteira,"Oferecemos serviços de manutenção corretiva e preventiva de ar condicionado para garantir o funcionamento ideal do seu sistema, seja em residências ou empresas.",Quarteira
manutencao-corretiva-em-ar-condicionado-quarteira,Manutenção corretiva em ar condicionado em Quarteira,"Oferecemos serviços de manutenção corretiva para garantir o funcionamento eficiente do seu ar condicionado, seja em ambientes residenciais ou comerciais.",Quarteira
manutencao-de-aparelhos-de-ar-condicionado-quarteira,Manutenção de aparelhos de ar condicionado em Quarteira,"Oferecemos serviços de manutenção completos para aparelhos de ar condicionado, garantindo o seu funcionamento eficiente e prolongando a sua vida útil.",Quarteira
manutencao-de-ar-central-quarteira,Manutenção de ar condicionado central em Quarteira,"Oferecemos serviços de manutenção de ar condicionado central para garantir o funcionamento eficiente do seu sistema, tanto em residências como em empresas.",Quarteira
manutencao-de-ar-condicionado-24-horas-quarteira,Manutenção de ar condicionado 24 horas em Quarteira,"Oferecemos serviços de manutenção de ar condicionado disponíveis 24 horas, para garantir que seu ambiente esteja sempre confortável.",Quarteira
manutencao-de-ar-condicionado-carrier-quarteira,Manutenção de ar condicionado Carrier em Quarteira,Oferecemos serviços de manutenção especializados para sistemas de ar condicionado Carrier e todas as principais marcas. Garantimos um desempenho eficiente e confiável.,Quarteira
manutencao-de-ar-condicionado-comercial-quarteira,Manutenção de ar condicionado comercial em Quarteira,"Oferecemos serviços de manutenção para sistemas de ar condicionado comerciais, garantindo eficiência e conforto para o seu negócio.",Quarteira
manutencao-de-ar-condicionado-daikin-quarteira,Manutenção de ar condicionado Daikin em Quarteira,"Oferecemos serviços de manutenção para sistemas de ar condicionado Daikin, garantindo o seu perfeito funcionamento e conforto em sua casa ou empresa.",Quarteira
manutencao-de-ar-condicionado-de-parede-quarteira,Manutenção de ar condicionado de parede em Quarteira,Oferecemos serviços de manutenção de ar condicionado de parede para garantir o seu funcionamento eficiente e prolongar a sua vida útil. Entre em contacto connosco para um serviço rápido e de qualidade.,Quarteira
manutencao-de-ar-condicionado-elgin-quarteira,Manutenção de ar condicionado Elgin em Quarteira,"Oferecemos serviços de manutenção eficientes e de qualidade para o seu ar condicionado Elgin, garantindo que o seu sistema funcione de forma otimizada.",Quarteira
manutencao-de-ar-condicionado-fujitsu-quarteira,Manutenção de ar condicionado Fujitsu em Quarteira,Oferecemos serviços de manutenção especializados para garantir o ótimo funcionamento do seu ar condicionado Fujitsu em Quarteira.,Quarteira
manutencao-de-ar-condicionado-gree-quarteira,Manutenção de ar condicionado Gree em Quarteira,"Oferecemos serviços de manutenção para sistemas de ar condicionado Gree, garantindo o seu funcionamento eficaz e prolongando a sua vida útil.",Quarteira
manutencao-de-ar-condicionado-inverter-quarteira,Manutenção de ar condicionado inverter em Quarteira,"Oferecemos serviços de manutenção especializada para sistemas de ar condicionado inverter, garantindo um desempenho eficiente e prolongando a vida útil do seu equipamento.",Quarteira
manutencao-de-ar-condicionado-janela-quarteira,Manutenção de ar condicionado de janela em Quarteira,Oferecemos serviços de manutenção de ar condicionado de janela para garantir o funcionamento eficiente e duradouro do seu sistema.,Quarteira
manutencao-de-ar-condicionado-mais-proximo-quarteira,Manutenção de ar condicionado mais próximo em Quarteira,"Oferecemos serviços de manutenção de ar condicionado para residências e empresas, garantindo o melhor desempenho do seu sistema.",Quarteira
manutencao-de-ar-condicionado-midea-quarteira,Manutenção de ar condicionado Midea em Quarteira,"Oferecemos serviços de manutenção para a sua unidade Midea, garantindo o funcionamento eficiente e prolongando a sua vida útil.",Quarteira
manutencao-de-ar-condicionado-portatil-springer-quarteira,Manutenção de ar condicionado portátil Springer em Quarteira,"Oferecemos serviços de manutenção especializados para o seu ar condicionado portátil Springer, garantindo o seu funcionamento eficiente e prolongando a sua vida útil.",Quarteira
manutencao-de-ar-condicionado-predial-quarteira,Manutenção de ar condicionado predial em Quarteira,"Oferecemos serviços de manutenção para sistemas de ar condicionado predial, garantindo o desempenho ideal e a durabilidade do seu equipamento.",Quarteira
manutencao-de-ar-condicionado-samsung-quarteira,Manutenção de ar condicionado Samsung em Quarteira,"Oferecemos serviços de manutenção profissional para o seu ar condicionado Samsung, garantindo que o seu sistema funcione perfeitamente durante todo o ano.",Quarteira
manutencao-de-ar-condicionado-springer-quarteira,Manutenção de ar condicionado Springer em Quarteira,"Oferecemos serviços de manutenção especializada para unidades Springer, garantindo o ótimo funcionamento do seu ar condicionado.",Quarteira
manutencao-de-ares-condicionados-quarteira,Manutenção de ares condicionados em Quarteira,Oferecemos serviços de manutenção especializados para garantir o funcionamento eficiente do seu ar condicionado em qualquer ambiente.,Quarteira
manutencao-de-central-de-ar-quarteira,Manutenção de central de ar em Quarteira,"Oferecemos serviços completos de manutenção de centrais de ar, garantindo o funcionamento eficiente e duradouro do seu sistema.",Quarteira
manutencao-de-central-de-ar-condicionado-quarteira,Manutenção de central de ar condicionado em Quarteira,"Oferecemos serviços de manutenção profissional para centrais de ar condicionado, garantindo o seu correto funcionamento e eficiência.",Quarteira
manutencao-de-condicionador-de-ar-quarteira,Manutenção de condicionador de ar em Quarteira,"Oferecemos serviços de manutenção para condicionadores de ar, garantindo que o seu sistema funcione de forma eficiente e confiável.",Quarteira
manutencao-de-fan-coil-quarteira,Manutenção de fan coil em Quarteira,Oferecemos serviços de manutenção de fan coil para garantir que seu sistema de climatização funcione de forma eficiente e sem problemas.,Quarteira
manutencao-de-placa-de-ar-condicionado-quarteira,Manutenção de placa de ar condicionado em Quarteira,Oferecemos serviços de manutenção de placas de ar condicionado para garantir o perfeito funcionamento do seu equipamento.,Quarteira
manutencao-do-ar-quarteira,Manutenção do ar em Quarteira,"Oferecemos serviços de manutenção de sistemas de ar condicionado em residências e empresas, garantindo o seu funcionamento eficiente e prolongando a vida útil do seu equipamento.",Quarteira
manutencao-do-ar-condicionado-split-quarteira,Manutenção do ar condicionado split em Quarteira,"Oferecemos serviços de manutenção especializados para ar condicionado split, garantindo o seu funcionamento ideal e prolongando a sua vida útil.",Quarteira
manutencao-dos-ar-condicionados-quarteira,Manutenção dos ar condicionados em Quarteira,"Oferecemos serviços de manutenção de ar condicionados para residências e empresas, garantindo o seu funcionamento eficiente e prolongando a sua vida útil.",Quarteira
manutencao-e-higienizacao-de-ar-condicionado-quarteira,Manutenção e higienização de ar condicionado em Quarteira,Oferecemos serviços de manutenção e higienização de ar condicionado para garantir o máximo desempenho e eficiência do seu equipamento.,Quarteira
manutencao-e-instalacao-de-ar-condicionado-split-quarteira,Manutenção e instalação de ar condicionado split em Quarteira,"Oferecemos serviços de instalação, manutenção e reparação de sistemas de ar condicionado split para residências e empresas.",Quarteira
manutencao-e-preventiva-ar-condicionados-quarteira,Manutenção e preventiva de ar condicionados em Quarteira,"Oferecemos serviços de manutenção e preventiva para ar condicionados, garantindo que o seu sistema funcione de forma eficiente e prolongando a sua vida útil.",Quarteira
manutencao-em-ar-condicionado-de-janela-quarteira,Manutenção em ar condicionado de janela em Quarteira,"Oferecemos serviços de manutenção para ar condicionado de janela, garantindo o seu funcionamento ideal e prolongando a sua vida útil.",Quarteira
manutencao-em-ar-condicionado-portatil-quarteira,Manutenção de ar condicionado portátil em Quarteira,"Oferecemos serviços de manutenção especializados para o seu ar condicionado portátil, garantindo que ele funcione de forma eficiente e confiável.",Quarteira
manutencao-em-central-de-ar-quarteira,Manutenção em central de ar em Quarteira,"Oferecemos serviços de manutenção especializada em sistemas de ar condicionado central, garantindo o seu funcionamento eficiente e duradouro.",Quarteira
manutencao-em-refrigeracao-comercial-quarteira,Manutenção em refrigeração comercial em Quarteira,"Oferecemos serviços de manutenção de sistemas de refrigeração comercial, garantindo eficiência e funcionalidade para o seu negócio.",Quarteira
manutencao-fan-coil-quarteira,Manutenção de fan coil em Quarteira,"Oferecemos serviços especializados de manutenção para sistemas de fan coil, garantindo que seu ar condicionado funcione de forma eficiente e eficaz em sua residência ou empresa.",Quarteira
manutencao-lg-dual-inverter-quarteira,Manutenção de ar condicionado LG Dual Inverter em Quarteira,"Oferecemos serviços de manutenção especializada para o seu ar condicionado LG Dual Inverter, garantindo o seu funcionamento eficiente e prolongando sua vida útil.",Quarteira
manutencao-no-ar-condicionado-quarteira,Manutenção no ar condicionado em Quarteira,Oferecemos serviços de manutenção de ar condicionado para garantir o funcionamento eficiente e prolongar a vida útil do seu equipamento.,Quarteira
manutencao-periodica-ar-condicionado-quarteira,Manutenção periódica de ar condicionado em Quarteira,"Oferecemos serviços de manutenção periódica para garantir o funcionamento ideal do seu ar condicionado, tanto em residências como em empresas.",Quarteira
manutencao-periodica-de-ar-condicionado-quarteira,Manutenção periódica de ar condicionado em Quarteira,Oferecemos serviços de manutenção periódica para garantir o funcionamento eficiente do seu sistema de ar condicionado em residências e empresas.,Quarteira
manutencao-preditiva-ar-condicionado-quarteira,Manutenção preditiva de ar condicionado em Quarteira,Oferecemos serviços de manutenção preditiva para garantir que o seu sistema de ar condicionado opere de forma eficiente e confiável.,Quarteira
manutencao-preditiva-de-ar-condicionado-quarteira,Manutenção preditiva de ar condicionado em Quarteira,Oferecemos serviços de manutenção preditiva para garantir o ótimo funcionamento do seu ar condicionado. Contamos com uma equipa especializada para atender tanto residências como empresas.,Quarteira
manutencao-preventiva-ar-condicionado-split-quarteira,Manutenção preventiva de ar condicionado split em Quarteira,Garanta o bom funcionamento e a eficiência do seu ar condicionado split com os nossos serviços de manutenção preventiva em Quarteira. Estamos aqui para ajudar na manutenção e reparação.,Quarteira
manutencao-preventiva-condicionada-quarteira,Manutenção preventiva de ar condicionado em Quarteira,"Oferecemos serviços de manutenção preventiva para garantir o funcionamento eficiente do seu sistema de ar condicionado, proporcionando conforto e economia de energia.",Quarteira
manutencao-preventiva-de-ar-condicionado-split-quarteira,Manutenção preventiva de ar condicionado split em Quarteira,"Oferecemos serviços de manutenção preventiva para o seu ar condicionado split, garantindo o seu funcionamento eficiente e prolongando a sua vida útil.",Quarteira
manutencao-preventiva-do-ar-condicionado-quarteira,Manutenção preventiva do ar condicionado em Quarteira,"Oferecemos serviços de manutenção preventiva para garantir o bom funcionamento do seu ar condicionado, tanto em residências como em empresas.",Quarteira
manutencao-preventiva-fan-coil-quarteira,Manutenção preventiva de fan coil em Quarteira,"Oferecemos serviços de manutenção preventiva para sistemas de fan coil, garantindo que o seu equipamento funcione sempre em ótimas condições.",Quarteira
manutencao-preventiva-refrigeracao-quarteira,Manutenção preventiva de refrigeração em Quarteira,"Oferecemos serviços de manutenção preventiva para sistemas de refrigeração, garantindo eficiência e durabilidade para sua instalação.",Quarteira
manutencao-preventiva-split-quarteira,Manutenção preventiva de ar condicionado split em Quarteira,Assegure o bom funcionamento do seu ar condicionado com a nossa manutenção preventiva especializada.,Quarteira
manutencao-refrigeracao-comercial-quarteira,Manutenção de refrigeração comercial em Quarteira,Oferecemos serviços de manutenção de sistemas de refrigeração comercial para garantir o funcionamento eficiente do seu negócio.,Quarteira
manutencao-sistemas-avac-quarteira,Manutenção de sistemas AVAC em Quarteira,Oferecemos serviços de manutenção de sistemas AVAC para garantir o melhor funcionamento e eficiência do seu equipamento.,Quarteira
manutencao-split-inverter-quarteira,Manutenção de ar condicionado split inverter em Quarteira,"Oferecemos serviços de manutenção para sistemas de ar condicionado split inverter, garantindo um desempenho eficiente e prolongando a vida útil do seu equipamento.",Quarteira
manutencao-springer-ar-condicionado-quarteira,Manutenção de ar condicionado Springer em Quarteira,"Oferecemos serviços de manutenção especializada para sistemas de ar condicionado Springer, garantindo o seu funcionamento eficiente e duradouro em Quarteira.",Quarteira
montagem-e-manutencao-de-ar-condicionado-quarteira,Montagem e manutenção de ar condicionado em Quarteira,"Oferecemos serviços de montagem e manutenção de sistemas de ar condicionado para residências e empresas, garantindo conforto e eficiência.",Quarteira
oficina-de-manutencao-de-ar-condicionado-quarteira,Oficina de manutenção de ar condicionado em Quarteira,Oferecemos serviços de manutenção e reparação de ar condicionado para garantir o conforto do seu espaço.,Quarteira
orcamento-manutencao-ar-condicionado-quarteira,Orçamento para manutenção de ar condicionado em Quarteira,"Oferecemos serviços de manutenção para garantir o perfeito funcionamento do seu ar condicionado, seja em residências ou empresas. Entre em contato para um orçamento personalizado.",Quarteira
orcamento-manutencao-de-ar-condicionado-quarteira,Orçamento para manutenção de ar condicionado em Quarteira,"Oferecemos serviços de manutenção de ar condicionado para residencial e comercial, garantindo o funcionamento ideal do seu equipamento.",Quarteira
orcamento-para-manutencao-de-ar-condicionado-quarteira,Orçamento para manutenção de ar condicionado em Quarteira,"Oferecemos serviços de manutenção de ar condicionado para residências e empresas, garantindo que o seu equipamento funcione de forma eficiente.",Quarteira
preventiva-em-ar-condicionado-quarteira,Manutenção preventiva em ar condicionado em Quarteira,Oferecemos serviços de manutenção preventiva para garantir que o seu sistema de ar condicionado funcione de forma eficiente e prolongue a sua vida útil.,Quarteira
refrigeracao-e-manutencao-quarteira,Refrigeração e manutenção em Quarteira,"Oferecemos serviços de refrigeração e manutenção para residências e empresas, garantindo um ambiente confortável durante todo o ano.",Quarteira
servico-de-manutencao-ar-condicionado-quarteira,Serviço de manutenção de ar condicionado em Quarteira,"Oferecemos serviços de manutenção para garantir o funcionamento ideal do seu ar condicionado, seja em ambientes residenciais ou comerciais.",Quarteira
servicos-de-manutencao-preventiva-e-corretiva-de-ar-condicionado-quarteira,Serviços de manutenção preventiva e corretiva de ar condicionado em Quarteira,"Oferecemos serviços de manutenção que garantem o funcionamento ótimo do seu ar condicionado, tanto para residências como para empresas.",Quarteira
split-manutencao-quarteira,Manutenção de ar condicionado split em Quarteira,"Oferecemos serviços de manutenção profissionais para sistemas de ar condicionado split, garantindo o seu perfeito funcionamento.",Quarteira
manutencao-ar-condicionado-algarve,Manutenção de ar condicionado em Algarve,Oferecemos serviços de manutenção de ar condicionado para garantir o funcionamento eficiente do seu sistema. Entre em contato conosco para agendar uma visita.,Algarve
manutencao-de-ar-condicionado-algarve,Manutenção de ar condicionado em Algarve,Oferecemos serviços de manutenção de ar condicionado para garantir o perfeito funcionamento do seu sistema de climatização.,Algarve
ar-condicionado-manutencao-algarve,Manutenção de ar condicionado em Algarve,"Oferecemos serviços de manutenção para garantir o funcionamento ideal do seu sistema de ar condicionado, atendendo tanto residências como empresas.",Algarve
manutencao-em-ar-condicionado-algarve,Manutenção em ar condicionado em Algarve,"Oferecemos serviços de manutenção de ar condicionado para garantir o seu conforto e eficiência, tanto em instalações residenciais como comerciais.",Algarve
empresa-de-manutencao-de-ar-condicionado-algarve,Empresa de manutenção de ar condicionado em Algarve,"Oferecemos serviços de manutenção e reparação de ar condicionado para residências e empresas, garantindo o funcionamento ideal do seu equipamento.",Algarve
manutencao-preventiva-ar-condicionado-algarve,Manutenção preventiva de ar condicionado em Algarve,"Oferecemos serviços de manutenção preventiva para garantir o funcionamento eficiente do seu ar condicionado, seja para sua residência ou empresa.",Algarve
manutencao-ar-condicionado-residencial-algarve,Manutenção de ar condicionado residencial em Algarve,Oferecemos serviços de manutenção de ar condicionado residencial para garantir que o seu sistema funcione de forma eficiente e confiável. Entre em contato conosco para uma avaliação e serviço de qualidade.,Algarve
instalacao-e-manutencao-de-ar-condicionado-algarve,Instalação e manutenção de ar condicionado em Algarve,"Oferecemos serviços de instalação e manutenção de ar condicionado para residências e empresas em Algarve. Trabalhamos com todas as principais marcas como LG, Daikin e Samsung.",Algarve
manutencao-de-ar-condicionado-residencial-algarve,Manutenção de ar condicionado residencial em Algarve,Oferecemos serviços de manutenção de ar condicionado residencial para garantir o seu conforto e eficiência.,Algarve
manutencao-de-ar-condicionado-split-algarve,Manutenção de ar condicionado split em Algarve,"Oferecemos serviços de manutenção especializada para ar condicionado split, garantindo conforto e eficiência em sua casa ou empresa.",Algarve
manutencao-ar-condicionado-perto-de-mim-algarve,Manutenção de ar condicionado perto de mim,"Oferecemos serviços de manutenção de ar condicionado em Algarve, garantindo o desempenho ideal do seu sistema de climatização.",Algarve
manutencao-ar-condicionado-split-algarve,Manutenção de ar condicionado split em Algarve,"Oferecemos serviços de manutenção especializada para sistemas de ar condicionado split, garantindo o desempenho ideal e a eficiência do seu equipamento.",Algarve
manutencao-preventiva-de-ar-condicionado-algarve,Manutenção preventiva de ar condicionado em Algarve,Oferecemos serviços de manutenção preventiva para garantir o funcionamento eficaz e duradouro do seu ar condicionado.,Algarve
empresa-manutencao-ar-condicionado-algarve,Empresa de manutenção de ar condicionado em Algarve,"Oferecemos serviços de manutenção para sistemas de ar condicionado, garantindo o seu funcionamento eficaz e prolongando a sua vida útil.",Algarve
manutencao-e-instalacao-de-ar-condicionado-algarve,Manutenção e instalação de ar condicionado em Algarve,"Oferecemos serviços profissionais de manutenção e instalação de ar condicionado para residências e empresas, garantindo conforto e eficiência.",Algarve
manutencao-em-ar-condicionado-residencial-algarve,Manutenção em ar condicionado residencial em Algarve,"Oferecemos serviços de manutenção para sistemas de ar condicionado residenciais, garantindo conforto e eficiência em sua casa.",Algarve
manutencao-ar-condicionado-lg-algarve,Manutenção de ar condicionado LG em Algarve,"Oferecemos serviços de manutenção para sistemas de ar condicionado da marca LG, garantindo que seu equipamento funcione perfeitamente. Também realizamos manutenção para todas as principais marcas.",Algarve
manutencao-ar-condicionado-portatil-algarve,Manutenção de ar condicionado portátil em Algarve,"Oferecemos serviços de manutenção especializados para garantir o bom funcionamento do seu ar condicionado portátil, tanto para residências como para empresas.",Algarve
manutencao-ar-condicionado-daikin-algarve,Manutenção de ar condicionado Daikin em Algarve,"Oferecemos serviços de manutenção especializados para sistemas de ar condicionado Daikin, garantindo o seu conforto e eficiência.",Algarve
manutencao-do-ar-condicionado-algarve,Manutenção do ar condicionado em Algarve,"Oferecemos serviços de manutenção de ar condicionado para garantir o seu funcionamento ideal, tanto para residências como para empresas.",Algarve
manutencao-de-ar-condicionado-portatil-algarve,Manutenção de ar condicionado portátil em Algarve,"Oferecemos serviços de manutenção especializados para ar condicionado portátil, garantindo que seu aparelho funcione de forma eficiente e eficaz.",Algarve
servico-de-manutencao-de-ar-condicionado-algarve,Serviço de manutenção de ar condicionado em Algarve,"Oferecemos serviços de manutenção para todos os tipos de sistemas de ar condicionado, garantindo o seu funcionamento eficiente e duradouro.",Algarve
manutencao-de-ar-condicionado-central-algarve,Manutenção de ar condicionado central em Algarve,"Oferecemos serviços de manutenção eficiente para sistemas de ar condicionado central em residências e empresas, garantindo o funcionamento ideal do seu equipamento.",Algarve
ar-condicionado-instalacao-e-manutencao-algarve,Instalação e manutenção de ar condicionado em Algarve,"Oferecemos serviços de instalação e manutenção de sistemas de ar condicionado para residências e empresas, garantindo conforto e eficiência.",Algarve
higienizacao-ar-condicionado-split-algarve,Higienização de ar condicionado split em Algarve,Garanta a eficiência e a qualidade do seu ar condicionado split com nossos serviços de higienização profissional.,Algarve
manutencao-de-ar-algarve,Manutenção de ar condicionado em Algarve,"Oferecemos serviços de manutenção de ar condicionado para garantir o funcionamento eficiente e duradouro do seu sistema, seja em residências ou empresas.",Algarve
refrigeracao-manutencao-algarve,Manutenção de refrigeração em Algarve,"Oferecemos serviços de manutenção para sistemas de refrigeração, garantindo que o seu equipamento funcione de forma eficiente e confiável.",Algarve
manutencao-de-ar-condicionado-industrial-algarve,Manutenção de ar condicionado industrial em Algarve,Oferecemos serviços de manutenção de ar condicionado industrial para garantir o funcionamento eficiente e duradouro do seu equipamento.,Algarve
empresas-que-fazem-manutencao-de-ar-condicionado-algarve,Empresa de ar condicionado em Algarve,"Oferecemos serviços de manutenção de ar condicionado para residências e empresas, garantindo o melhor desempenho do seu sistema.",Algarve
manutencao-ar-condicionado-samsung-algarve,Manutenção de ar condicionado Samsung em Algarve,"Oferecemos serviços de manutenção especializados para o seu ar condicionado Samsung, garantindo um funcionamento eficiente e duradouro.",Algarve
ar-condicionado-manutencao-preventiva-algarve,Manutenção preventiva de ar condicionado em Algarve,Garanta o funcionamento eficiente do seu ar condicionado com nossos serviços de manutenção preventiva em Algarve. Estamos à disposição para atender tanto residências quanto empresas.,Algarve
assistencia-tecnica-ar-condicionado-fujitsu-algarve,Assistência técnica de ar condicionado Fujitsu em Algarve,"Oferecemos serviços de reparação e manutenção de ar condicionado Fujitsu, garantindo que você tenha o conforto que precisa em sua casa ou empresa.",Algarve
ar-condicionado-assistencia-algarve,Assistência de ar condicionado em Algarve,"Oferecemos serviços de assistência técnica para qualquer marca de ar condicionado, garantindo conforto e qualidade no seu ambiente.",Algarve
empresa-de-manutencao-ar-condicionado-algarve,Empresa de manutenção de ar condicionado em Algarve,"Oferecemos serviços de manutenção para todos os tipos de sistemas de ar condicionado, garantindo eficiência e conforto para sua casa ou empresa.",Algarve
manutencao-em-ar-condicionado-split-algarve,Manutenção em ar condicionado split em Algarve,"Oferecemos serviços profissionais de manutenção para ar condicionado split, garantindo o seu funcionamento eficiente em ambientes residenciais e comerciais.",Algarve
manutencao-ar-condicionado-fujitsu-algarve,Manutenção de ar condicionado Fujitsu em Algarve,"Oferecemos serviços de manutenção especializada para sistemas de ar condicionado Fujitsu, garantindo um desempenho ideal e conforto em sua casa ou empresa.",Algarve
ar-condicionado-manutencao-e-instalacao-algarve,Manutenção e instalação de ar condicionado em Algarve,"Oferecemos serviços de manutenção e instalação de sistemas de ar condicionado, garantindo conforto e eficiência para sua casa ou empresa.",Algarve
manutencao-ar-condicionado-24-horas-algarve,Manutenção de ar condicionado 24 horas em Algarve,"Oferecemos serviços de manutenção de ar condicionado 24 horas para garantir que o seu sistema funcione perfeitamente, esteja você em casa ou no seu negócio.",Algarve
orcamento-de-manutencao-de-ar-condicionado-algarve,Orçamento de manutenção de ar condicionado em Algarve,"Oferecemos serviços de manutenção de ar condicionado para residências e empresas, garantindo o funcionamento eficiente do seu sistema.",Algarve
manutencao-corretiva-ar-condicionado-algarve,Manutenção corretiva de ar condicionado em Algarve,"Oferecemos serviços de manutenção corretiva para garantir o funcionamento eficiente do seu ar condicionado, tanto em instalações residenciais como comerciais.",Algarve
empresa-manutencao-de-ar-condicionado-algarve,Empresa de manutenção de ar condicionado em Algarve,"Oferecemos serviços de manutenção de ar condicionado para residências e empresas, garantindo conforto e eficiência no seu sistema.",Algarve
ar-condicionado-split-manutencao-algarve,Manutenção de ar condicionado split em Algarve,"Oferecemos serviços de manutenção de ar condicionado split para garantir o seu funcionamento ideal, tanto para residências como para empresas.",Algarve
manutencao-de-ar-condicionado-perto-de-mim-algarve,Manutenção de ar condicionado em Algarve,Oferecemos serviços de manutenção de ar condicionado para residências e empresas em Algarve. A nossa equipe está pronta para garantir que o seu sistema de ar condicionado funcione de forma eficiente.,Algarve
manutencao-split-algarve,Manutenção de ar condicionado split em Algarve,"Oferecemos serviços de manutenção de sistemas de ar condicionado split, garantindo o máximo desempenho e conforto para sua casa ou empresa.",Algarve
daikin-manutencao-algarve,Manutenção de ar condicionado Daikin em Algarve,"Oferecemos serviços de manutenção especializados para sistemas de ar condicionado Daikin, garantindo o melhor desempenho e eficiência do seu equipamento.",Algarve
manutencao-ar-condicionado-lg-dual-inverter-algarve,Manutenção de ar condicionado LG Dual Inverter em Algarve,"Oferecemos serviços de manutenção especializados para o seu ar condicionado LG Dual Inverter, garantindo performance e eficiência para o seu conforto.",Algarve
revisao-de-ar-condicionado-algarve,Revisão de ar condicionado em Algarve,Mantenha o seu ar condicionado em ótimo estado com os nossos serviços de revisão especializados.,Algarve
manutencao-preventiva-em-ar-condicionado-algarve,Manutenção preventiva em ar condicionado em Algarve,Oferecemos serviços de manutenção preventiva para garantir o perfeito funcionamento do seu ar condicionado em residências e empresas.,Algarve
manutencao-ar-condicionado-janela-algarve,Manutenção de ar condicionado de janela em Algarve,"Oferecemos serviços de manutenção especializados para ar condicionado de janela, garantindo um funcionamento eficiente e duradouro em sua casa ou empresa.",Algarve
manutencao-em-ar-condicionado-industrial-algarve,Manutenção em ar condicionado industrial em Algarve,"Oferecemos serviços de manutenção especializados para sistemas de ar condicionado industrial, garantindo o melhor desempenho e eficiência para a sua empresa.",Algarve
manutencao-preventiva-e-corretiva-ar-condicionado-algarve,Manutenção preventiva e corretiva de ar condicionado em Algarve,Oferecemos serviços de manutenção preventiva e corretiva para garantir o funcionamento ideal do seu ar condicionado em residências e empresas.,Algarve
manutencao-ar-condicionado-central-algarve,Manutenção de ar condicionado central em Algarve,"Oferecemos serviços de manutenção especializada para sistemas de ar condicionado central, garantindo o melhor desempenho e eficiência energética.",Algarve
manutencao-ar-condicionado-industrial-algarve,Manutenção de ar condicionado industrial em Algarve,"Oferecemos serviços de manutenção para sistemas de ar condicionado industrial, garantindo eficiência e durabilidade em suas instalações.",Algarve
manutencao-ar-condicionado-de-janela-algarve,Manutenção de ar condicionado de janela em Algarve,"Oferecemos serviços de manutenção para ar condicionado de janela, garantindo conforto e eficiência energética na sua casa ou empresa.",Algarve
preventiva-de-ar-condicionado-algarve,Manutenção preventiva de ar condicionado em Algarve,"Oferecemos serviços de manutenção preventiva para garantir o melhor desempenho do seu ar condicionado, tanto em residências como em empresas.",Algarve
manutencao-de-ar-condicionado-lg-algarve,Manutenção de ar condicionado LG em Algarve,"Oferecemos serviços de manutenção para sistemas de ar condicionado LG e de todas as marcas, garantindo o melhor desempenho do seu equipamento.",Algarve
assistencia-de-ar-condicionado-algarve,Assistência de ar condicionado em Algarve,"Oferecemos serviços de assistência técnica para todos os tipos de ar condicionados, garantindo o seu conforto em Algarve.",Algarve
manutencao-de-ar-condicionado-de-janela-algarve,Manutenção de ar condicionado de janela em Algarve,Oferecemos serviços de manutenção de ar condicionado de janela para garantir que o seu aparelho funcione de forma eficiente e duradoura.,Algarve
ar-condicionado-residencial-manutencao-algarve,Manutenção de ar condicionado residencial em Algarve,Oferecemos serviços de manutenção para garantir o funcionamento eficiente do seu ar condicionado residencial.,Algarve
preventiva-ar-condicionado-algarve,Manutenção preventiva de ar condicionado em Algarve,Garanta o desempenho ideal do seu sistema de ar condicionado com nossos serviços de manutenção preventiva em Algarve. Oferecemos soluções para residências e empresas.,Algarve
manutencao-de-split-algarve,Manutenção de ar condicionado split em Algarve,Oferecemos serviços de manutenção de ar condicionado split para garantir o desempenho ideal do seu equipamento.,Algarve
empresa-de-manutencao-em-ar-condicionado-algarve,Empresa de manutenção em ar condicionado em Algarve,Oferecemos serviços de manutenção e reparação de ar condicionado para residências e empresas em Algarve.,Algarve
manutencao-ar-condicionado-springer-algarve,Manutenção de ar condicionado Springer em Algarve,"Oferecemos serviços de manutenção profissional para sistemas de ar condicionado Springer, garantindo que o seu equipamento funcione de forma eficiente e confiável.",Algarve
manutencao-para-ar-condicionado-algarve,Manutenção para ar condicionado em Algarve,"Oferecemos serviços de manutenção para ar condicionado, garantindo um funcionamento eficiente dos seus sistemas, tanto em instalações residenciais como comerciais.",Algarve
manutencao-ar-split-algarve,Manutenção de ar condicionado split em Algarve,Oferecemos serviços de manutenção para garantir o funcionamento eficiente do seu ar condicionado split. Entre em contato para uma avaliação!,Algarve
manutencao-preventiva-e-corretiva-de-ar-condicionado-algarve,Manutenção preventiva e corretiva de ar condicionado em Algarve,"Oferecemos serviços completos de manutenção preventiva e corretiva para garantir o ótimo funcionamento do seu sistema de ar condicionado, seja em residências ou empresas.",Algarve
empresa-de-higienizacao-de-ar-condicionado-algarve,Empresa de higienização de ar condicionado em Algarve,"Oferecemos serviços de higienização para ar condicionado, garantindo a qualidade do ar e eficiência do seu equipamento.",Algarve
air-systems-manutencao-de-ar-condicionado-algarve,Manutenção de ar condicionado em Algarve,"Oferecemos serviços de manutenção para sistemas de ar condicionado, garantindo que o seu sistema funcione de maneira eficiente e prolongando a sua vida útil.",Algarve
ar-condicionado-carrier-manutencao-algarve,Manutenção de ar condicionado Carrier em Algarve,"Oferecemos serviços de manutenção especializados para unidades de ar condicionado Carrier, garantindo que seu sistema funcione de maneira eficiente e prolongue a sua vida útil.",Algarve
ar-condicionado-central-manutencao-algarve,Manutenção de ar condicionado central em Algarve,"Oferecemos serviços de manutenção completos para sistemas de ar condicionado central, garantindo que o seu equipamento funcione de forma eficiente e duradouro.",Algarve
ar-condicionado-daikin-manutencao-algarve,Manutenção de ar condicionado Daikin em Algarve,"Oferecemos serviços de manutenção especializados para sistemas de ar condicionado Daikin, garantindo que o seu equipamento funcione de forma eficiente e duradoura.",Algarve
ar-condicionado-de-janela-manutencao-algarve,Manutenção de ar condicionado de janela em Algarve,"Oferecemos serviços de manutenção especializados para ar condicionado de janela, assegurando que o seu sistema funcione de forma eficiente e eficaz.",Algarve
ar-condicionado-empresas-de-manutencao-algarve,Empresa de ar condicionado em Algarve,"Oferecemos serviços de manutenção de sistemas de ar condicionado para residências e empresas, garantindo o seu conforto e eficiência.",Algarve
ar-condicionado-fujitsu-manutencao-algarve,Manutenção de ar condicionado Fujitsu em Algarve,"Oferecemos serviços de manutenção de ar condicionado Fujitsu, garantindo que o seu sistema funcione de forma eficiente e prolongando a sua vida útil.",Algarve
ar-condicionado-instalacao-manutencao-algarve,Instalação e manutenção de ar condicionado em Algarve,"Oferecemos serviços de instalação e manutenção de sistemas de ar condicionado para residências e empresas. Trabalhamos com todas as principais marcas, garantindo eficiência e conforto.",Algarve
ar-condicionado-inverter-manutencao-algarve,Manutenção de ar condicionado inverter em Algarve,"Oferecemos serviços de manutenção especializada para sistemas de ar condicionado inverter, garantindo o seu funcionamento eficiente e prolongando a sua vida útil.",Algarve
ar-condicionado-janela-manutencao-algarve,Manutenção de ar condicionado de janela em Algarve,"Oferecemos serviços de manutenção profissional para o seu ar condicionado de janela, garantindo o funcionamento eficiente e prolongando a sua vida útil.",Algarve
ar-condicionado-lg-manutencao-algarve,Manutenção de ar condicionado LG em Algarve,"Oferecemos serviços de manutenção para o seu ar condicionado LG, garantindo que o seu equipamento funcione de forma eficiente e duradoura.",Algarve
ar-condicionado-portatil-manutencao-algarve,Manutenção de ar condicionado portátil em Algarve,Oferecemos serviços de manutenção para garantir que o seu ar condicionado portátil funcione sempre em ótimas condições.,Algarve
ar-condicionado-precisa-de-manutencao-algarve,Manutenção de ar condicionado em Algarve,Oferecemos serviços de manutenção de ar condicionado para garantir que seu aparelho funcione de forma eficiente e duradoura.,Algarve
ar-condicionado-samsung-manutencao-algarve,Manutenção de ar condicionado Samsung em Algarve,"Oferecemos serviços de manutenção especializada para o seu ar condicionado Samsung, garantindo o melhor desempenho e conforto no seu espaço.",Algarve
ar-condicionado-springer-manutencao-algarve,Manutenção de ar condicionado Springer em Algarve,"Oferecemos serviços de manutenção especializados para sistemas de ar condicionado Springer, garantindo o seu funcionamento eficiente e prolongando a sua vida útil.",Algarve
ar-ice-clean-manutencao-higienizacao-e-instalacao-de-ar-condicionado-algarve,"Manutenção, higienização e instalação de ar condicionado em Algarve","Oferecemos serviços completos de instalação, manutenção e higienização de sistemas de ar condicionado para residências e empresas, garantindo eficiência e conforto.",Algarve
ar-manutencao-algarve,Manutenção de ar condicionado em Algarve,Oferecemos serviços de manutenção de ar condicionado para garantir o seu bom funcionamento e prolongar a vida útil do seu equipamento.,Algarve
arcotec-ar-condicionado-instalacao-e-manutencao-algarve,Instalação e manutenção de ar condicionado Arcotec em Algarve,Oferecemos serviços de instalação e manutenção para sistemas de ar condicionado Arcotec e todas as principais marcas em Algarve. Entre em contato conosco para garantir um ambiente confortável.,Algarve
assistencia-em-ar-condicionado-algarve,Assistência em ar condicionado em Algarve,"Oferecemos serviços de assistência técnica, incluindo reparação e manutenção de sistemas de ar condicionado para residências e empresas.",Algarve
assistencia-tecnica-ar-algarve,Assistência técnica de ar em Algarve,"Oferecemos serviços de assistência técnica para ar condicionado, garantindo conforto e eficiência em sua casa ou empresa.",Algarve
assistencia-tecnica-ar-condicionado-hitachi-algarve,Assistência técnica de ar condicionado Hitachi em Algarve,"Oferecemos serviços de reparação e manutenção de unidades Hitachi, garantindo o funcionamento ideal do seu sistema de climatização.",Algarve
assistencia-tecnica-em-ar-condicionado-algarve,Assistência técnica em ar condicionado em Algarve,Oferecemos serviços de reparação e manutenção de ar condicionado para residências e empresas em Algarve.,Algarve
carrier-manutencao-ar-condicionado-algarve,Manutenção de ar condicionado Carrier em Algarve,"Oferecemos serviços de manutenção para sistemas de ar condicionado Carrier, garantindo o seu funcionamento ideal e aumentando a durabilidade do equipamento.",Algarve
empresa-de-ar-condicionado-manutencao-algarve,Empresa de ar condicionado em Algarve,Oferecemos serviços de manutenção especializada em sistemas de ar condicionado para residências e empresas.,Algarve
empresa-de-instalacao-e-manutencao-de-ar-condicionado-algarve,Empresa de instalação e manutenção de ar condicionado em Algarve,"Oferecemos serviços de instalação e manutenção de sistemas de ar condicionado para residências e empresas, garantindo conforto em qualquer espaço.",Algarve
empresas-de-instalacao-e-manutencao-de-ar-condicionado-algarve,Empresa de instalação e manutenção de ar condicionado em Algarve,"Oferecemos serviços profissionais de instalação e manutenção de ar condicionado para residências e empresas em Algarve. Trabalhamos com todas as principais marcas como LG, Daikin e Samsung, garantindo conforto e qualidade.",Algarve
fan-coil-manutencao-algarve,Manutenção de fan coil em Algarve,"Oferecemos serviços de manutenção para fan coils, garantindo o seu funcionamento eficiente e duradouro.",Algarve
fujitsu-ar-condicionado-assistencia-tecnica-algarve,Assistência técnica de ar condicionado Fujitsu em Algarve,"Oferecemos serviços de instalação, reparação e manutenção de ar condicionado Fujitsu, garantindo que seu sistema funcione sempre na melhor condição.",Algarve
fujitsu-ar-condicionado-manutencao-algarve,Manutenção de ar condicionado Fujitsu em Algarve,"Oferecemos serviços de manutenção especializados para sistemas de ar condicionado Fujitsu, garantindo eficiência e conforto em sua residência ou empresa.",Algarve
higienizar-ar-condicionado-split-algarve,Higienização de ar condicionado split em Algarve,"Oferecemos serviços de higienização profissional para unidades de ar condicionado split, garantindo um ambiente saudável e agradável na sua casa ou empresa.",Algarve
higienizacao-de-ar-condicionado-de-janela-algarve,Higienização de ar condicionado de janela em Algarve,"Oferecemos serviços de higienização eficientes para o seu ar condicionado de janela, garantindo um ambiente mais saudável and confortável em sua casa ou escritório.",Algarve
instalacao-de-ar-condicionado-e-manutencao-algarve,Instalação de ar condicionado e manutenção em Algarve,"Oferecemos serviços de instalação e manutenção de ar condicionado para residências e empresas, garantindo conforto e qualidade no seu ambiente.",Algarve
instalacao-e-manutencao-ar-condicionado-algarve,Instalação e manutenção de ar condicionado em Algarve,"Oferecemos serviços completos de instalação e manutenção para sistemas de ar condicionado, garantindo conforto e eficiência para residências e empresas.",Algarve
instalacao-e-manutencao-de-ar-condicionado-split-algarve,Instalação e manutenção de ar condicionado split em Algarve,"Oferecemos serviços completos de instalação e manutenção de sistemas de ar condicionado split, garantindo conforto e eficiência para sua casa ou empresa.",Algarve
instalacao-e-manutencao-de-split-algarve,Instalação e manutenção de ar condicionado split em Algarve,"Oferecemos serviços de instalação e manutenção para sistemas de ar condicionado split, garantindo conforto e eficiência energética para residências e empresas.",Algarve
instalacao-e-manutencao-em-ar-condicionado-algarve,Instalação e manutenção de ar condicionado em Algarve,Oferecemos serviços de instalação e manutenção de ar condicionado tanto para residências como para empresas em Algarve. Entre em contato para garantir o conforto no seu ambiente.,Algarve
instalacao-manutencao-ar-condicionado-algarve,Instalação e manutenção de ar condicionado em Algarve,"Oferecemos serviços de instalação e manutenção de ar condicionado para residências e empresas, trabalhando com todas as principais marcas como LG, Daikin e Samsung.",Algarve
manutencao-ar-algarve,Manutenção de ar condicionado em Algarve,"Oferecemos serviços de manutenção para todos os tipos de sistemas de ar condicionado, garantindo o seu funcionamento eficiente e duradouro.",Algarve
manutencao-ar-cond-algarve,Manutenção de ar condicionado em Algarve,"Oferecemos serviços de manutenção de ar condicionado para garantir o funcionamento eficiente do seu equipamento, seja em residências ou empresas.",Algarve
manutencao-de-ar-split-algarve,Manutenção de ar condicionado split em Algarve,"Oferecemos serviços de manutenção de ar condicionado split para garantir que o seu sistema funcione sempre em perfeitas condições, atendendo a residências e empresas.",Algarve
manutencao-em-ar-algarve,Manutenção de ar condicionado em Algarve,"Oferecemos serviços completos de manutenção para o seu sistema de ar condicionado, garantindo o seu perfeito funcionamento e eficiência.",Algarve
manutencao-ar-condicionado-carrier-algarve,Manutenção de ar condicionado Carrier em Algarve,"Oferecemos serviços de manutenção especializados para sistemas de ar condicionado Carrier, garantindo um funcionamento eficiente e prolongando a vida útil do seu equipamento.",Algarve
manutencao-ar-condicionado-comfee-algarve,Manutenção de ar condicionado Comfee em Algarve,"Oferecemos serviços de manutenção especializada para seus sistemas Comfee, garantindo o desempenho ideal do seu ar condicionado.",Algarve
manutencao-ar-condicionado-delonghi-algarve,Manutenção de ar condicionado Delonghi em Algarve,"Oferecemos serviços de manutenção para o seu ar condicionado Delonghi, garantindo o seu ideal funcionamento e conforto.",Algarve
manutencao-ar-condicionado-gree-algarve,Manutenção de ar condicionado Gree em Algarve,"Oferecemos serviços de manutenção especializados para ar condicionado Gree, garantindo que o seu sistema funcione de forma eficiente e prolongando a sua vida útil.",Algarve
manutencao-ar-condicionado-hitachi-algarve,Manutenção de ar condicionado Hitachi em Algarve,"Oferecemos serviços de manutenção especializados para sistemas de ar condicionado Hitachi, garantindo o perfeito funcionamento do seu equipamento.",Algarve
manutencao-ar-condicionado-inverter-algarve,Manutenção de ar condicionado inverter em Algarve,"Oferecemos serviços de manutenção especializados para sistemas de ar condicionado inverter, garantindo o seu funcionamento eficiente e prolongando a sua vida útil.",Algarve
manutencao-ar-condicionado-k7-algarve,Manutenção de ar condicionado K7 em Algarve,"Oferecemos serviços de manutenção para sistemas de ar condicionado K7, garantindo um funcionamento eficiente e duradouro.",Algarve
manutencao-ar-condicionado-lg-inverter-algarve,Manutenção de ar condicionado LG Inverter em Algarve,"Oferecemos serviços de manutenção especializados para sistemas de ar condicionado LG Inverter, garantindo o funcionamento eficiente e prolongando a vida útil do seu equipamento.",Algarve
manutencao-ar-condicionado-portatil-delonghi-algarve,Manutenção de ar condicionado portátil Delonghi em Algarve,"Oferecemos serviços completos de manutenção para o seu ar condicionado portátil Delonghi, garantindo que ele funcione de forma eficiente e prolongue a sua vida útil.",Algarve
manutencao-ar-condicionado-portatil-midea-algarve,Manutenção de ar condicionado portátil Midea em Algarve,"Oferecemos serviços de manutenção para o seu ar condicionado portátil Midea, garantindo o seu funcionamento ideal durante todo o ano.",Algarve
manutencao-ar-condicionado-samsung-inverter-algarve,Manutenção de ar condicionado Samsung inverter em Algarve,"Garantimos um serviço de qualidade para manter o seu ar condicionado Samsung inverter em perfeito estado, seja para uso residencial ou comercial.",Algarve
manutencao-ar-condicionado-split-gree-algarve,Manutenção de ar condicionado split Gree em Algarve,"Oferecemos serviços de manutenção para o seu ar condicionado split Gree, garantindo um funcionamento eficiente e prolongando a vida útil do seu equipamento em Algarve.",Algarve
manutencao-ar-condicionado-split-samsung-algarve,Manutenção de ar condicionado split Samsung em Algarve,"Oferecemos serviços de manutenção especializados para o seu ar condicionado split Samsung, garantindo o seu funcionamento eficiente e prolongando a sua vida útil.",Algarve
manutencao-ar-condicionado-springer-carrier-algarve,Manutenção de ar condicionado Springer e Carrier em Algarve,"Oferecemos serviços de manutenção para os sistemas de ar condicionado das marcas Springer e Carrier, garantindo que seu equipamento funcione de forma eficiente e duradoura.",Algarve
manutencao-ar-portatil-algarve,Manutenção de ar portátil em Algarve,"Oferecemos serviços de manutenção especializada para o seu ar condicionado portátil, garantindo o seu funcionamento eficaz e duradouro.",Algarve
manutencao-avac-algarve,Manutenção de AVAC em Algarve,"Oferecemos serviços de manutenção para sistemas de climatização, garantindo o funcionamento eficiente e duradouro do seu equipamento.",Algarve
manutencao-central-de-ar-algarve,Manutenção de central de ar em Algarve,Oferecemos serviços de manutenção de sistemas de ar condicionado central para garantir o seu funcionamento eficiente e prolongar a sua vida útil.,Algarve
manutencao-climatizador-springer-algarve,Manutenção de climatizador Springer em Algarve,"Oferecemos serviços especializados de manutenção para climatizadores Springer, garantindo eficiência e conforto em sua casa ou empresa.",Algarve
manutencao-condicionador-de-ar-algarve,Manutenção de condicionador de ar em Algarve,"Oferecemos serviços de manutenção para todos os tipos de condicionadores de ar, garantindo o seu funcionamento eficiente em ambientes residenciais e comerciais.",Algarve
manutencao-corretiva-de-ar-condicionado-algarve,Manutenção corretiva de ar condicionado em Algarve,Oferecemos serviços de manutenção corretiva para garantir o funcionamento otimizado do seu ar condicionado. Trabalhamos com todas as marcas e asseguramos a qualidade do nosso trabalho.,Algarve
manutencao-corretiva-e-preventiva-de-ar-condicionado-algarve,Manutenção corretiva e preventiva de ar condicionado em Algarve,"Oferecemos serviços de manutenção corretiva e preventiva de ar condicionado para garantir o funcionamento ideal do seu sistema, seja em residências ou empresas.",Algarve
manutencao-corretiva-em-ar-condicionado-algarve,Manutenção corretiva em ar condicionado em Algarve,"Oferecemos serviços de manutenção corretiva para garantir o funcionamento eficiente do seu ar condicionado, seja em ambientes residenciais ou comerciais.",Algarve
manutencao-de-aparelhos-de-ar-condicionado-algarve,Manutenção de aparelhos de ar condicionado em Algarve,"Oferecemos serviços de manutenção completos para aparelhos de ar condicionado, garantindo o seu funcionamento eficiente e prolongando a sua vida útil.",Algarve
manutencao-de-ar-central-algarve,Manutenção de ar condicionado central em Algarve,"Oferecemos serviços de manutenção de ar condicionado central para garantir o funcionamento eficiente do seu sistema, tanto em residências como em empresas.",Algarve
manutencao-de-ar-condicionado-24-horas-algarve,Manutenção de ar condicionado 24 horas em Algarve,"Oferecemos serviços de manutenção de ar condicionado disponíveis 24 horas, para garantir que seu ambiente esteja sempre confortável.",Algarve
manutencao-de-ar-condicionado-carrier-algarve,Manutenção de ar condicionado Carrier em Algarve,Oferecemos serviços de manutenção especializados para sistemas de ar condicionado Carrier e todas as principais marcas. Garantimos um desempenho eficiente e confiável.,Algarve
manutencao-de-ar-condicionado-comercial-algarve,Manutenção de ar condicionado comercial em Algarve,"Oferecemos serviços de manutenção para sistemas de ar condicionado comerciais, garantindo eficiência e conforto para o seu negócio.",Algarve
manutencao-de-ar-condicionado-daikin-algarve,Manutenção de ar condicionado Daikin em Algarve,"Oferecemos serviços de manutenção para sistemas de ar condicionado Daikin, garantindo o seu perfeito funcionamento e conforto em sua casa ou empresa.",Algarve
manutencao-de-ar-condicionado-de-parede-algarve,Manutenção de ar condicionado de parede em Algarve,Oferecemos serviços de manutenção de ar condicionado de parede para garantir o seu funcionamento eficiente e prolongar a sua vida útil. Entre em contacto connosco para um serviço rápido e de qualidade.,Algarve
manutencao-de-ar-condicionado-elgin-algarve,Manutenção de ar condicionado Elgin em Algarve,"Oferecemos serviços de manutenção eficientes e de qualidade para o seu ar condicionado Elgin, garantindo que o seu sistema funcione de forma otimizada.",Algarve
manutencao-de-ar-condicionado-fujitsu-algarve,Manutenção de ar condicionado Fujitsu em Algarve,Oferecemos serviços de manutenção especializados para garantir o ótimo funcionamento do seu ar condicionado Fujitsu em Algarve.,Algarve
manutencao-de-ar-condicionado-gree-algarve,Manutenção de ar condicionado Gree em Algarve,"Oferecemos serviços de manutenção para sistemas de ar condicionado Gree, garantindo o seu funcionamento eficaz e prolongando a sua vida útil.",Algarve
manutencao-de-ar-condicionado-inverter-algarve,Manutenção de ar condicionado inverter em Algarve,"Oferecemos serviços de manutenção especializada para sistemas de ar condicionado inverter, garantindo um desempenho eficiente e prolongando a vida útil do seu equipamento.",Algarve
manutencao-de-ar-condicionado-janela-algarve,Manutenção de ar condicionado de janela em Algarve,Oferecemos serviços de manutenção de ar condicionado de janela para garantir o funcionamento eficiente e duradouro do seu sistema.,Algarve
manutencao-de-ar-condicionado-mais-proximo-algarve,Manutenção de ar condicionado mais próximo em Algarve,"Oferecemos serviços de manutenção de ar condicionado para residências e empresas, garantindo o melhor desempenho do seu sistema.",Algarve
manutencao-de-ar-condicionado-midea-algarve,Manutenção de ar condicionado Midea em Algarve,"Oferecemos serviços de manutenção para a sua unidade Midea, garantindo o funcionamento eficiente e prolongando a sua vida útil.",Algarve
manutencao-de-ar-condicionado-portatil-springer-algarve,Manutenção de ar condicionado portátil Springer em Algarve,"Oferecemos serviços de manutenção especializados para o seu ar condicionado portátil Springer, garantindo o seu funcionamento eficiente e prolongando a sua vida útil.",Algarve
manutencao-de-ar-condicionado-predial-algarve,Manutenção de ar condicionado predial em Algarve,"Oferecemos serviços de manutenção para sistemas de ar condicionado predial, garantindo o desempenho ideal e a durabilidade do seu equipamento.",Algarve
manutencao-de-ar-condicionado-samsung-algarve,Manutenção de ar condicionado Samsung em Algarve,"Oferecemos serviços de manutenção profissional para o seu ar condicionado Samsung, garantindo que o seu sistema funcione perfeitamente durante todo o ano.",Algarve
manutencao-de-ar-condicionado-springer-algarve,Manutenção de ar condicionado Springer em Algarve,"Oferecemos serviços de manutenção especializada para unidades Springer, garantindo o ótimo funcionamento do seu ar condicionado.",Algarve
manutencao-de-ares-condicionados-algarve,Manutenção de ares condicionados em Algarve,Oferecemos serviços de manutenção especializados para garantir o funcionamento eficiente do seu ar condicionado em qualquer ambiente.,Algarve
manutencao-de-central-de-ar-algarve,Manutenção de central de ar em Algarve,"Oferecemos serviços completos de manutenção de centrais de ar, garantindo o funcionamento eficiente e duradouro do seu sistema.",Algarve
manutencao-de-central-de-ar-condicionado-algarve,Manutenção de central de ar condicionado em Algarve,"Oferecemos serviços de manutenção profissional para centrais de ar condicionado, garantindo o seu correto funcionamento e eficiência.",Algarve
manutencao-de-condicionador-de-ar-algarve,Manutenção de condicionador de ar em Algarve,"Oferecemos serviços de manutenção para condicionadores de ar, garantindo que o seu sistema funcione de forma eficiente e confiável.",Algarve
manutencao-de-fan-coil-algarve,Manutenção de fan coil em Algarve,Oferecemos serviços de manutenção de fan coil para garantir que seu sistema de climatização funcione de forma eficiente e sem problemas.,Algarve
manutencao-de-placa-de-ar-condicionado-algarve,Manutenção de placa de ar condicionado em Algarve,Oferecemos serviços de manutenção de placas de ar condicionado para garantir o perfeito funcionamento do seu equipamento.,Algarve
manutencao-do-ar-algarve,Manutenção do ar em Algarve,"Oferecemos serviços de manutenção de sistemas de ar condicionado em residências e empresas, garantindo o seu funcionamento eficiente e prolongando a vida útil do seu equipamento.",Algarve
manutencao-do-ar-condicionado-split-algarve,Manutenção do ar condicionado split em Algarve,"Oferecemos serviços de manutenção especializados para ar condicionado split, garantindo o seu funcionamento ideal e prolongando a sua vida útil.",Algarve
manutencao-dos-ar-condicionados-algarve,Manutenção dos ar condicionados em Algarve,"Oferecemos serviços de manutenção de ar condicionados para residências e empresas, garantindo o seu funcionamento eficiente e prolongando a sua vida útil.",Algarve
manutencao-e-higienizacao-de-ar-condicionado-algarve,Manutenção e higienização de ar condicionado em Algarve,Oferecemos serviços de manutenção e higienização de ar condicionado para garantir o máximo desempenho e eficiência do seu equipamento.,Algarve
manutencao-e-instalacao-de-ar-condicionado-split-algarve,Manutenção e instalação de ar condicionado split em Algarve,"Oferecemos serviços de instalação, manutenção e reparação de sistemas de ar condicionado split para residências e empresas.",Algarve
manutencao-e-preventiva-ar-condicionados-algarve,Manutenção e preventiva de ar condicionados em Algarve,"Oferecemos serviços de manutenção e preventiva para ar condicionados, garantindo que o seu sistema funcione de forma eficiente e prolongando a sua vida útil.",Algarve
manutencao-em-ar-condicionado-de-janela-algarve,Manutenção em ar condicionado de janela em Algarve,"Oferecemos serviços de manutenção para ar condicionado de janela, garantindo o seu funcionamento ideal e prolongando a sua vida útil.",Algarve
manutencao-em-ar-condicionado-portatil-algarve,Manutenção de ar condicionado portátil em Algarve,"Oferecemos serviços de manutenção especializados para o seu ar condicionado portátil, garantindo que ele funcione de forma eficiente e confiável.",Algarve
manutencao-em-central-de-ar-algarve,Manutenção em central de ar em Algarve,"Oferecemos serviços de manutenção especializada em sistemas de ar condicionado central, garantindo o seu funcionamento eficiente e duradouro.",Algarve
manutencao-em-refrigeracao-comercial-algarve,Manutenção em refrigeração comercial em Algarve,"Oferecemos serviços de manutenção de sistemas de refrigeração comercial, garantindo eficiência e funcionalidade para o seu negócio.",Algarve
manutencao-fan-coil-algarve,Manutenção de fan coil em Algarve,"Oferecemos serviços especializados de manutenção para sistemas de fan coil, garantindo que seu ar condicionado funcione de forma eficiente e eficaz em sua residência ou empresa.",Algarve
manutencao-lg-dual-inverter-algarve,Manutenção de ar condicionado LG Dual Inverter em Algarve,"Oferecemos serviços de manutenção especializada para o seu ar condicionado LG Dual Inverter, garantindo o seu funcionamento eficiente e prolongando sua vida útil.",Algarve
manutencao-no-ar-condicionado-algarve,Manutenção no ar condicionado em Algarve,Oferecemos serviços de manutenção de ar condicionado para garantir o funcionamento eficiente e prolongar a vida útil do seu equipamento.,Algarve
manutencao-periodica-ar-condicionado-algarve,Manutenção periódica de ar condicionado em Algarve,"Oferecemos serviços de manutenção periódica para garantir o funcionamento ideal do seu ar condicionado, tanto em residências como em empresas.",Algarve
manutencao-periodica-de-ar-condicionado-algarve,Manutenção periódica de ar condicionado em Algarve,Oferecemos serviços de manutenção periódica para garantir o funcionamento eficiente do seu sistema de ar condicionado em residências e empresas.,Algarve
manutencao-preditiva-ar-condicionado-algarve,Manutenção preditiva de ar condicionado em Algarve,Oferecemos serviços de manutenção preditiva para garantir que o seu sistema de ar condicionado opere de forma eficiente e confiável.,Algarve
manutencao-preditiva-de-ar-condicionado-algarve,Manutenção preditiva de ar condicionado em Algarve,Oferecemos serviços de manutenção preditiva para garantir o ótimo funcionamento do seu ar condicionado. Contamos com uma equipa especializada para atender tanto residências como empresas.,Algarve
manutencao-preventiva-ar-condicionado-split-algarve,Manutenção preventiva de ar condicionado split em Algarve,Garanta o bom funcionamento e a eficiência do seu ar condicionado split com os nossos serviços de manutenção preventiva em Algarve. Estamos aqui para ajudar na manutenção e reparação.,Algarve
manutencao-preventiva-condicionada-algarve,Manutenção preventiva de ar condicionado em Algarve,"Oferecemos serviços de manutenção preventiva para garantir o funcionamento eficiente do seu sistema de ar condicionado, proporcionando conforto e economia de energia.",Algarve
manutencao-preventiva-de-ar-condicionado-split-algarve,Manutenção preventiva de ar condicionado split em Algarve,"Oferecemos serviços de manutenção preventiva para o seu ar condicionado split, garantindo o seu funcionamento eficiente e prolongando a sua vida útil.",Algarve
manutencao-preventiva-do-ar-condicionado-algarve,Manutenção preventiva do ar condicionado em Algarve,"Oferecemos serviços de manutenção preventiva para garantir o bom funcionamento do seu ar condicionado, tanto em residências como em empresas.",Algarve
manutencao-preventiva-fan-coil-algarve,Manutenção preventiva de fan coil em Algarve,"Oferecemos serviços de manutenção preventiva para sistemas de fan coil, garantindo que o seu equipamento funcione sempre em ótimas condições.",Algarve
manutencao-preventiva-refrigeracao-algarve,Manutenção preventiva de refrigeração em Algarve,"Oferecemos serviços de manutenção preventiva para sistemas de refrigeração, garantindo eficiência e durabilidade para sua instalação.",Algarve
manutencao-preventiva-split-algarve,Manutenção preventiva de ar condicionado split em Algarve,Assegure o bom funcionamento do seu ar condicionado com a nossa manutenção preventiva especializada.,Algarve
manutencao-refrigeracao-comercial-algarve,Manutenção de refrigeração comercial em Algarve,Oferecemos serviços de manutenção de sistemas de refrigeração comercial para garantir o funcionamento eficiente do seu negócio.,Algarve
manutencao-sistemas-avac-algarve,Manutenção de sistemas AVAC em Algarve,Oferecemos serviços de manutenção de sistemas AVAC para garantir o melhor funcionamento e eficiência do seu equipamento.,Algarve
manutencao-split-inverter-algarve,Manutenção de ar condicionado split inverter em Algarve,"Oferecemos serviços de manutenção para sistemas de ar condicionado split inverter, garantindo um desempenho eficiente e prolongando a vida útil do seu equipamento.",Algarve
manutencao-springer-ar-condicionado-algarve,Manutenção de ar condicionado Springer em Algarve,"Oferecemos serviços de manutenção especializada para sistemas de ar condicionado Springer, garantindo o seu funcionamento eficiente e duradouro em Algarve.",Algarve
montagem-e-manutencao-de-ar-condicionado-algarve,Montagem e manutenção de ar condicionado em Algarve,"Oferecemos serviços de montagem e manutenção de sistemas de ar condicionado para residências e empresas, garantindo conforto e eficiência.",Algarve
oficina-de-manutencao-de-ar-condicionado-algarve,Oficina de manutenção de ar condicionado em Algarve,Oferecemos serviços de manutenção e reparação de ar condicionado para garantir o conforto do seu espaço.,Algarve
orcamento-manutencao-ar-condicionado-algarve,Orçamento para manutenção de ar condicionado em Algarve,"Oferecemos serviços de manutenção para garantir o perfeito funcionamento do seu ar condicionado, seja em residências ou empresas. Entre em contato para um orçamento personalizado.",Algarve
orcamento-manutencao-de-ar-condicionado-algarve,Orçamento para manutenção de ar condicionado em Algarve,"Oferecemos serviços de manutenção de ar condicionado para residencial e comercial, garantindo o funcionamento ideal do seu equipamento.",Algarve
orcamento-para-manutencao-de-ar-condicionado-algarve,Orçamento para manutenção de ar condicionado em Algarve,"Oferecemos serviços de manutenção de ar condicionado para residências e empresas, garantindo que o seu equipamento funcione de forma eficiente.",Algarve
preventiva-em-ar-condicionado-algarve,Manutenção preventiva em ar condicionado em Algarve,Oferecemos serviços de manutenção preventiva para garantir que o seu sistema de ar condicionado funcione de forma eficiente e prolongue a sua vida útil.,Algarve
refrigeracao-e-manutencao-algarve,Refrigeração e manutenção em Algarve,"Oferecemos serviços de refrigeração e manutenção para residências e empresas, garantindo um ambiente confortável durante todo o ano.",Algarve
servico-de-manutencao-ar-condicionado-algarve,Serviço de manutenção de ar condicionado em Algarve,"Oferecemos serviços de manutenção para garantir o funcionamento ideal do seu ar condicionado, seja em ambientes residenciais ou comerciais.",Algarve
servicos-de-manutencao-preventiva-e-corretiva-de-ar-condicionado-algarve,Serviços de manutenção preventiva e corretiva de ar condicionado em Algarve,"Oferecemos serviços de manutenção que garantem o funcionamento ótimo do seu ar condicionado, tanto para residências como para empresas.",Algarve
split-manutencao-algarve,Manutenção de ar condicionado split em Algarve,"Oferecemos serviços de manutenção profissionais para sistemas de ar condicionado split, garantindo o seu perfeito funcionamento.",Algarve