slug,header,subheader,location
reparacao-ar-condicionado-albufeira,Reparação de ar condicionado em Albufeira,Oferecemos serviços de reparação de ar condicionado para residências e empresas em Albufeira. A nossa equipa é especializada em diagnósticos e consertos de todas as marcas.,Albufeira
conserto-de-ar-condicionado-albufeira,Conserto de ar condicionado em Albufeira,Oferecemos serviços de conserto de ar condicionado para residências e empresas em Albufeira. A nossa equipa é especializada em reparar todas as marcas e modelos.,Albufeira
conserto-ar-condicionado-albufeira,Conserto de ar condicionado em Albufeira,"Oferecemos serviços de conserto de ar condicionado para residências e empresas, garantindo que o seu sistema funcione perfeitamente.",Albufeira
assistencia-tecnica-ar-condicionado-albufeira,Assistência técnica de ar condicionado em Albufeira,"Oferecemos assistência técnica especializada em ar condicionado para residências e empresas, garantindo o conforto e a eficiência do seu sistema.",Albufeira
ar-condicionado-conserto-albufeira,Conserto de ar condicionado em Albufeira,Oferecemos serviços de conserto de ar condicionado para residências e empresas em Albufeira. A nossa equipe qualificada está pronta para garantir o funcionamento eficiente do seu sistema de climatização.,Albufeira
conserto-de-ar-condicionado-residencial-albufeira,Conserto de ar condicionado residencial em Albufeira,"Oferecemos serviços de conserto para sistemas de ar condicionado residenciais, garantindo o seu conforto e bem-estar.",Albufeira
assistencia-ar-condicionado-albufeira,Assistência de ar condicionado em Albufeira,"Oferecemos serviços de assistência técnica para ar condicionado, garantindo manutenção e reparação para residências e empresas.",Albufeira
reparacao-de-ar-condicionado-albufeira,Reparação de ar condicionado em Albufeira,"Oferecemos serviços de reparação de ar condicionado de alta qualidade para residências e empresas em Albufeira, com técnicos especializados prontos para resolver qualquer problema.",Albufeira
conserto-de-ar-condicionado-split-albufeira,Conserto de ar condicionado split em Albufeira,Oferecemos serviços de conserto de ar condicionado split para assegurar o conforto da sua casa ou empresa em Albufeira.,Albufeira
conserto-de-ar-condicionado-perto-de-mim-albufeira,Conserto de ar condicionado perto de mim em Albufeira,Oferecemos serviços de conserto de ar condicionado para residências e empresas em Albufeira.,Albufeira
conserto-ar-condicionado-residencial-albufeira,Conserto de ar condicionado residencial em Albufeira,"Oferecemos serviços de reparação e manutenção para o seu ar condicionado residencial, garantindo o conforto da sua casa.",Albufeira
conserto-ar-condicionado-split-albufeira,Conserto de ar condicionado split em Albufeira,Oferecemos serviços de conserto de ar condicionado split para residências e empresas em Albufeira. Entre em contato para assistência rápida e eficiente.,Albufeira
arrumar-ar-condicionado-albufeira,Arranjo de ar condicionado em Albufeira,Oferecemos serviços de reparação e manutenção de ar condicionado para sua casa ou empresa em Albufeira.,Albufeira
reparo-ar-condicionado-albufeira,Reparo de ar condicionado em Albufeira,"Oferecemos serviços de reparo de ar condicionado para residências e empresas em Albufeira, garantindo o conforto e a eficiência do seu sistema de climatização.",Albufeira
conserto-de-ar-condicionado-de-janela-albufeira,Conserto de ar condicionado de janela em Albufeira,"Oferecemos serviços profissionais de conserto de ar condicionado de janela para sua casa ou empresa, garantindo conforto e satisfação.",Albufeira
ar-condicionado-reparacao-albufeira,Reparação de ar condicionado em Albufeira,"Oferecemos serviços de reparação rápida e eficaz para o seu ar condicionado, assegurando um ambiente fresco e confortável.",Albufeira
conserto-ar-condicionado-janela-albufeira,Conserto de ar condicionado de janela em Albufeira,"Oferecemos serviços de conserto para ar condicionado de janela, garantindo um funcionamento eficiente e duradouro em sua casa ou empresa.",Albufeira
arranjar-ar-condicionado-albufeira,Reparação de ar condicionado em Albufeira,"Se o seu ar condicionado não está a funcionar corretamente, nós oferecemos serviços de reparação rápidos e eficientes para garantir o seu conforto.",Albufeira
conserto-de-ar-condicionado-portatil-albufeira,Conserto de ar condicionado portátil em Albufeira,Oferecemos serviços de conserto de ar condicionado portátil para residências e empresas em Albufeira. Entre em contato conosco para uma avaliação rápida e eficaz.,Albufeira
conserto-ar-condicionado-portatil-albufeira,Conserto de ar condicionado portátil em Albufeira,"Oferecemos serviços de conserto para ar condicionado portátil, garantindo conforto e eficiência na sua casa ou empresa.",Albufeira
reparo-de-ar-condicionado-albufeira,Reparo de ar condicionado em Albufeira,"Oferecemos serviços de reparo de ar condicionado para residências e empresas em Albufeira, garantindo o conforto que você precisa.",Albufeira
conserto-de-placa-de-ar-condicionado-albufeira,Conserto de placa de ar condicionado em Albufeira,Oferecemos serviços de conserto de placas de ar condicionado para garantir o funcionamento eficiente do seu equipamento em sua casa ou empresa.,Albufeira
assistencia-tecnica-ar-condicionado-split-albufeira,Assistência técnica de ar condicionado split em Albufeira,"Oferecemos serviços completos de assistência técnica para a instalação, reparação e manutenção de sistemas de ar condicionado split em Albufeira. Entre em contato conosco para garantir o conforto da sua casa ou empresa.",Albufeira
assistencia-tecnica-de-ar-condicionado-albufeira,Assistência técnica de ar condicionado em Albufeira,Oferecemos serviços de reparação e manutenção de sistemas de ar condicionado para residências e empresas.,Albufeira
conserto-de-ar-condicionado-automotivo-perto-de-mim-albufeira,Conserto de ar condicionado automotivo em Albufeira,Oferecemos serviços de conserto de ar condicionado automotivo em Albufeira para garantir que seu veículo esteja sempre confortável. Entre em contato conosco para mais informações.,Albufeira
conserto-de-ar-condicionado-mais-proximo-albufeira,Conserto de ar condicionado mais próximo em Albufeira,"Oferecemos serviços de conserto de ar condicionado em Albufeira para residências e empresas, garantindo um ambiente confortável em todos os momentos.",Albufeira
reparacao-ar-condicionado-daikin-albufeira,Reparação de ar condicionado Daikin em Albufeira,"Oferecemos serviços de reparação de ar condicionado Daikin, garantindo o conforto e a eficiência do seu sistema. Entre em contacto connosco para mais informações.",Albufeira
conserto-de-split-albufeira,Conserto de ar condicionado split em Albufeira,Oferecemos serviços de conserto de ar condicionado split para residências e empresas em Albufeira. A nossa equipa está pronta para resolver o seu problema rapidamente.,Albufeira
conserto-de-ar-albufeira,Conserto de ar em Albufeira,"Oferecemos serviços de conserto de ar condicionado para residências e empresas, garantindo conforto e eficiência.",Albufeira
conserto-e-manutencao-de-ar-condicionado-albufeira,Conserto e manutenção de ar condicionado em Albufeira,"Oferecemos serviços de conserto e manutenção de ar condicionado para residências e empresas, garantindo o funcionamento adequado e eficiente do seu sistema de climatização.",Albufeira
empresa-de-conserto-de-ar-condicionado-albufeira,Empresa de conserto de ar condicionado em Albufeira,"Oferecemos serviços de conserto e manutenção para todos os tipos de ar condicionado em Albufeira, garantindo conforto e qualidade para sua casa ou empresa.",Albufeira
assistencia-tecnica-de-ar-condicionado-portatil-albufeira,Assistência técnica de ar condicionado portátil em Albufeira,"Oferecemos serviços especializados de assistência técnica para ar condicionado portátil, garantindo o melhor funcionamento e manutenção do seu equipamento.",Albufeira
assistencia-tecnica-para-ar-condicionado-albufeira,Assistência técnica para ar condicionado em Albufeira,"Oferecemos serviços de assistência técnica para ar condicionado, garantindo que o seu sistema funcione perfeitamente. Estamos disponíveis para reparações e manutenção, tanto para residências como para empresas.",Albufeira
reparo-ar-condicionado-residencial-albufeira,Reparo de ar condicionado residencial em Albufeira,"Oferecemos serviços de reparo especializados em ar condicionado residencial, garantindo conforto e eficiência em sua casa.",Albufeira
conserto-placa-ar-condicionado-albufeira,Conserto de placa de ar condicionado em Albufeira,Oferecemos serviços de conserto de placas de ar condicionado para garantir que seu sistema funcione perfeitamente.,Albufeira
reparo-ar-condicionado-split-albufeira,Reparo de ar condicionado split em Albufeira,Realizamos reparos e manutenção em sistemas de ar condicionado split para garantir o seu conforto em casa ou no trabalho.,Albufeira
conserto-split-albufeira,Conserto de ar condicionado split em Albufeira,"Oferecemos serviços de conserto profissional para ar condicionado split, garantindo o conforto da sua casa ou empresa em Albufeira.",Albufeira
conserto-de-ar-split-albufeira,Conserto de ar condicionado split em Albufeira,Oferecemos serviços de conserto e manutenção de ar condicionado split para residências e empresas em Albufeira.,Albufeira
assistencia-tecnica-ar-condicionado-daikin-albufeira,Assistência técnica de ar condicionado Daikin em Albufeira,"Oferecemos serviços de reparação e manutenção para sistemas de ar condicionado Daikin, garantindo conforto e eficiência em sua casa ou empresa.",Albufeira
ar-condicionado-de-janela-conserto-albufeira,Conserto de ar condicionado de janela em Albufeira,"Oferecemos serviços de conserto para ar condicionado de janela em Albufeira, garantindo que seu equipamento funcione de forma eficiente e eficaz.",Albufeira
ar-condicionado-reparacao-albufeira,Reparação de ar condicionado em Albufeira,"Oferecemos serviços de reparação de ar condicionado para residências e empresas em Albufeira, garantindo um funcionamento eficiente e confortável.",Albufeira
ar-condicionado-split-conserto-albufeira,Conserto de ar condicionado split em Albufeira,"Oferecemos serviços de conserto profissionais para sistemas de ar condicionado split, garantindo conforto e eficiência na sua casa ou empresa em Albufeira.",Albufeira
assistencia-ar-condicionado-gree-albufeira,Assistência de ar condicionado Gree em Albufeira,"Oferecemos serviços de assistência técnica para sistemas de ar condicionado da marca Gree, garantindo que seu equipamento esteja sempre em perfeito funcionamento.",Albufeira
assistencia-ar-condicionado-samsung-albufeira,Assistência de ar condicionado Samsung em Albufeira,"Oferecemos serviços de instalação, reparação e manutenção para sistemas de ar condicionado Samsung e de todas as principais marcas.",Albufeira
assistencia-ar-condicionado-springer-albufeira,Assistência de ar condicionado Springer em Albufeira,"Oferecemos serviços de reparação e manutenção para ar condicionado Springer, garantindo o melhor desempenho do seu equipamento em Albufeira.",Albufeira
assistencia-de-ar-condicionado-samsung-albufeira,Assistência de ar condicionado Samsung em Albufeira,"Oferecemos serviços de assistência técnica especializada para o seu ar condicionado Samsung, assegurando um funcionamento eficiente e prolongado.",Albufeira
assistencia-tecnica-ar-condicionado-24-horas-albufeira,Assistência técnica de ar condicionado 24 horas em Albufeira,"Oferecemos serviços de assistência técnica para todos os tipos de ar condicionado a qualquer hora, garantindo o conforto da sua casa ou empresa.",Albufeira
assistencia-tecnica-ar-condicionado-springer-albufeira,Assistência técnica de ar condicionado Springer em Albufeira,"Oferecemos serviços completos de assistência técnica para ar condicionado Springer, garantindo que seu sistema funcione perfeitamente. Atendimento para residências e empresas.",Albufeira
assistencia-tecnica-ar-portatil-albufeira,Assistência técnica de ar portátil em Albufeira,"Oferecemos serviços de reparação e manutenção para unidades de ar condicionado portátil, atendendo tanto a residências quanto a empresas.",Albufeira
assistencia-tecnica-de-ar-condicionado-samsung-albufeira,Assistência técnica de ar condicionado Samsung em Albufeira,"Oferecemos serviços de assistência técnica especializada para o seu ar condicionado Samsung, garantindo que o seu aparelho funcione de forma eficiente e duradoura.",Albufeira
consertar-o-ar-condicionado-albufeira,Consertar o ar condicionado em Albufeira,"Estamos aqui para ajudar com a reparação do seu ar condicionado, garantindo um ambiente fresco e confortável.",Albufeira
consertar-placa-de-ar-condicionado-albufeira,Consertar placa de ar condicionado em Albufeira,Oferecemos serviços de reparação de placas de ar condicionado para garantir o funcionamento eficiente do seu equipamento.,Albufeira
conserto-ar-albufeira,Conserto de ar condicionado em Albufeira,"Oferecemos serviços de conserto de ar condicionado para residências e empresas em Albufeira, garantindo um ambiente confortável para todos.",Albufeira
conserto-ar-condicionado-de-janela-albufeira,Conserto de ar condicionado de janela em Albufeira,Oferecemos serviços de conserto de ar condicionado de janela para residências e empresas em Albufeira. A nossa equipe está pronta para ajudar com todos os tipos de reparações e manutenção.,Albufeira
conserto-ar-condicionado-samsung-albufeira,Conserto de ar condicionado Samsung em Albufeira,Oferecemos serviços de reparação de ar condicionado Samsung com atenção especial para residências e empresas. Entre em contato para assistência rápida e eficaz.,Albufeira
conserto-ar-condicionado-springer-albufeira,Conserto de ar condicionado Springer em Albufeira,Oferecemos serviços de conserto e manutenção de ar condicionado Springer para garantir o seu conforto em todas as estações.,Albufeira
conserto-ar-portatil-albufeira,Conserto de ar portátil em Albufeira,Oferecemos serviços de conserto rápidos e eficientes para o seu ar condicionado portátil.,Albufeira
conserto-compressor-ar-condicionado-albufeira,Conserto de compressor de ar condicionado em Albufeira,"Oferecemos serviços de conserto de compressors de ar condicionado para residências e empresas, garantindo o funcionamento eficaz do seu sistema.",Albufeira
conserto-compressor-de-ar-condicionado-albufeira,Conserto de compressor de ar condicionado em Albufeira,Oferecemos serviços de conserto profissional de compressores de ar condicionado para garantir o funcionamento eficiente do seu sistema de climatização.,Albufeira
conserto-de-ar-condicionado-24-horas-albufeira,Conserto de ar condicionado 24 horas em Albufeira,Oferecemos serviços de conserto de ar condicionado 24 horas para garantir o conforto da sua casa ou empresa.,Albufeira
conserto-de-ar-condicionado-de-parede-albufeira,Conserto de ar condicionado de parede em Albufeira,Oferecemos serviços de conserto de ar condicionado de parede para garantir o seu conforto em casa ou no escritório.,Albufeira
conserto-de-ar-condicionado-inverter-albufeira,Conserto de ar condicionado inverter em Albufeira,"Oferecemos serviços de conserto de ar condicionado inverter, garantindo o conforto da sua casa ou empresa.",Albufeira
conserto-de-ar-condicionado-janela-albufeira,Conserto de ar condicionado de janela em Albufeira,Oferecemos serviços de conserto de ar condicionado de janela para residências e empresas em Albufeira. Mantenha seu ambiente fresco e confortável.,Albufeira
conserto-de-ar-condicionado-samsung-albufeira,Conserto de ar condicionado Samsung em Albufeira,Oferecemos serviços de conserto de ar condicionado Samsung para residências e empresas em Albufeira. A nossa equipa especializada garante um atendimento rápido e eficiente.,Albufeira
conserto-de-ar-condicionado-springer-albufeira,Conserto de ar condicionado Springer em Albufeira,Oferecemos serviços de conserto de ar condicionado Springer para garantir o conforto da sua casa ou empresa em Albufeira.,Albufeira
conserto-de-ar-refrigerado-albufeira,Conserto de ar refrigerado em Albufeira,Oferecemos serviços de conserto de ar refrigerado para residências e empresas em Albufeira. Entre em contato conosco para garantir o funcionamento ideal do seu equipamento.,Albufeira
conserto-de-central-de-ar-albufeira,Conserto de central de ar em Albufeira,"Oferecemos serviços de conserto de centrais de ar, garantindo eficiência e conforto em sua casa ou empresa.",Albufeira
conserto-de-compressor-de-ar-condicionado-albufeira,Conserto de compressor de ar condicionado em Albufeira,"Oferecemos serviços de conserto para compressores de ar condicionado, garantindo o funcionamento eficiente do seu sistema em Albufeira.",Albufeira
conserto-de-compressor-de-ar-condicionado-split-albufeira,Conserto de compressor de ar condicionado split em Albufeira,"Oferecemos serviços de conserto de compressors para ar condicionado split, garantindo que seu sistema funcione de forma eficiente e confiável.",Albufeira
conserto-de-condicionador-de-ar-albufeira,Conserto de condicionador de ar em Albufeira,"Oferecemos serviços de conserto para todos os tipos de condicionadores de ar, garantindo conforto em sua casa ou empresa.",Albufeira
conserto-de-placa-ar-condicionado-albufeira,Conserto de placa de ar condicionado em Albufeira,Oferecemos serviços de conserto de placas de ar condicionado para garantir o funcionamento eficiente do seu equipamento.,Albufeira
conserto-de-placa-de-ar-condicionado-split-albufeira,Conserto de placa de ar condicionado split em Albufeira,"Oferecemos serviços de reparação de placas de ar condicionado split, garantindo que seu equipamento funcione perfeitamente em qualquer ambiente.",Albufeira
conserto-de-placa-eletronica-de-ar-condicionado-albufeira,Conserto de placa eletrônica de ar condicionado em Albufeira,"Realizamos consertos especializados de placas eletrônicas de ar condicionado, garantindo o funcionamento eficaz do seu sistema de climatização.",Albufeira
conserto-do-ar-albufeira,Conserto do ar em Albufeira,Oferecemos serviços de reparação de ar condicionado para residências e empresas. Garantimos um atendimento rápido e eficaz para que você possa voltar a desfrutar do conforto em seu espaço.,Albufeira
conserto-do-ar-condicionado-albufeira,Conserto do ar condicionado em Albufeira,"Oferecemos serviços de conserto de ar condicionado para residências e empresas, garantindo o funcionamento eficiente do seu equipamento.",Albufeira
conserto-do-compressor-de-ar-condicionado-albufeira,Conserto do compressor de ar condicionado em Albufeira,"Oferecemos serviços de conserto e manutenção para todos os tipos de ar condicionado, garantindo o seu conforto e a eficiência do seu sistema.",Albufeira
conserto-e-instalacao-de-ar-condicionado-albufeira,Conserto e instalação de ar condicionado em Albufeira,Oferecemos serviços de instalação e conserto de ar condicionado para residências e empresas em Albufeira. A nossa equipe de profissionais está pronta para garantir o seu conforto com as melhores marcas do mercado.,Albufeira
conserto-em-ar-condicionado-albufeira,Conserto em ar condicionado em Albufeira,"Oferecemos serviços de conserto de ar condicionado para residências e empresas em Albufeira. A nossa equipa é especializada em reparar todos os tipos de unidades, garantindo um conforto adequado em qualquer ambiente.",Albufeira
conserto-placa-split-albufeira,Conserto de placa split em Albufeira,"Oferecemos serviços de conserto de placas para sistemas de ar condicionado split, garantindo o funcionamento eficiente do seu equipamento.",Albufeira
empresa-que-arruma-ar-condicionado-albufeira,Empresa de ar condicionado em Albufeira,Oferecemos serviços de reparação e manutenção de ar condicionado para residências e empresas em Albufeira.,Albufeira
empresa-que-conserta-ar-condicionado-albufeira,Empresa de ar condicionado em Albufeira,"Oferecemos serviços de reparação e manutenção de ar condicionado para clientes residenciais e comerciais. A nossa equipa é especializada em consertos de todas as principais marcas, como LG, Daikin e Samsung.",Albufeira
empresas-que-consertam-ar-condicionado-albufeira,Empresa de ar condicionado em Albufeira,Oferecemos serviços de reparação e manutenção de ar condicionado para residências e empresas em Albufeira.,Albufeira
hitachi-assistencia-tecnica-ar-condicionado-albufeira,Assistência técnica de ar condicionado Hitachi em Albufeira,"Oferecemos serviços de reparação e manutenção de unidades Hitachi, garantindo conforto e eficiência para sua casa ou empresa.",Albufeira
instalacao-e-conserto-de-ar-condicionado-albufeira,Instalação e conserto de ar condicionado em Albufeira,"Oferecemos serviços de instalação e reparação de ar condicionado, tanto para residências como para empresas, garantindo conforto e qualidade no seu espaço.",Albufeira
manutencao-e-conserto-de-ar-condicionado-albufeira,Manutenção e conserto de ar condicionado em Albufeira,"Oferecemos serviços de manutenção e conserto de ar condicionado para residências e empresas, garantindo o seu conforto e a eficiência do sistema.",Albufeira
reparo-de-ar-condicionado-split-albufeira,Reparo de ar condicionado split em Albufeira,Oferecemos serviços de reparo de ar condicionado split em Albufeira. Contamos com técnicos especializados para garantir o funcionamento ideal do seu sistema de climatização.,Albufeira
reparo-em-ar-condicionado-albufeira,Reparo em ar condicionado em Albufeira,"Oferecemos serviços de reparo para todos os tipos de ar condicionado, garantindo conforto e eficiência na sua casa ou empresa.",Albufeira
samsung-assistencia-ar-condicionado-albufeira,Assistência de ar condicionado Samsung em Albufeira,"Oferecemos apoio especializado para todos os modelos de ar condicionado Samsung, garantindo reparações e manutenção de qualidade para sua casa ou empresa.",Albufeira
reparacao-ar-condicionado-boliqueime,Reparação de ar condicionado em Boliqueime,Oferecemos serviços de reparação de ar condicionado para residências e empresas em Boliqueime. A nossa equipa é especializada em diagnósticos e consertos de todas as marcas.,Boliqueime
conserto-de-ar-condicionado-boliqueime,Conserto de ar condicionado em Boliqueime,Oferecemos serviços de conserto de ar condicionado para residências e empresas em Boliqueime. A nossa equipa é especializada em reparar todas as marcas e modelos.,Boliqueime
conserto-ar-condicionado-boliqueime,Conserto de ar condicionado em Boliqueime,"Oferecemos serviços de conserto de ar condicionado para residências e empresas, garantindo que o seu sistema funcione perfeitamente.",Boliqueime
assistencia-tecnica-ar-condicionado-boliqueime,Assistência técnica de ar condicionado em Boliqueime,"Oferecemos assistência técnica especializada em ar condicionado para residências e empresas, garantindo o conforto e a eficiência do seu sistema.",Boliqueime
ar-condicionado-conserto-boliqueime,Conserto de ar condicionado em Boliqueime,Oferecemos serviços de conserto de ar condicionado para residências e empresas em Boliqueime. A nossa equipe qualificada está pronta para garantir o funcionamento eficiente do seu sistema de climatização.,Boliqueime
conserto-de-ar-condicionado-residencial-boliqueime,Conserto de ar condicionado residencial em Boliqueime,"Oferecemos serviços de conserto para sistemas de ar condicionado residenciais, garantindo o seu conforto e bem-estar.",Boliqueime
assistencia-ar-condicionado-boliqueime,Assistência de ar condicionado em Boliqueime,"Oferecemos serviços de assistência técnica para ar condicionado, garantindo manutenção e reparação para residências e empresas.",Boliqueime
reparacao-de-ar-condicionado-boliqueime,Reparação de ar condicionado em Boliqueime,"Oferecemos serviços de reparação de ar condicionado de alta qualidade para residências e empresas em Boliqueime, com técnicos especializados prontos para resolver qualquer problema.",Boliqueime
conserto-de-ar-condicionado-split-boliqueime,Conserto de ar condicionado split em Boliqueime,Oferecemos serviços de conserto de ar condicionado split para assegurar o conforto da sua casa ou empresa em Boliqueime.,Boliqueime
conserto-de-ar-condicionado-perto-de-mim-boliqueime,Conserto de ar condicionado perto de mim em Boliqueime,Oferecemos serviços de conserto de ar condicionado para residências e empresas em Boliqueime.,Boliqueime
conserto-ar-condicionado-residencial-boliqueime,Conserto de ar condicionado residencial em Boliqueime,"Oferecemos serviços de reparação e manutenção para o seu ar condicionado residencial, garantindo o conforto da sua casa.",Boliqueime
conserto-ar-condicionado-split-boliqueime,Conserto de ar condicionado split em Boliqueime,Oferecemos serviços de conserto de ar condicionado split para residências e empresas em Boliqueime. Entre em contato para assistência rápida e eficiente.,Boliqueime
arrumar-ar-condicionado-boliqueime,Arranjo de ar condicionado em Boliqueime,Oferecemos serviços de reparação e manutenção de ar condicionado para sua casa ou empresa em Boliqueime.,Boliqueime
reparo-ar-condicionado-boliqueime,Reparo de ar condicionado em Boliqueime,"Oferecemos serviços de reparo de ar condicionado para residências e empresas em Boliqueime, garantindo o conforto e a eficiência do seu sistema de climatização.",Boliqueime
conserto-de-ar-condicionado-de-janela-boliqueime,Conserto de ar condicionado de janela em Boliqueime,"Oferecemos serviços profissionais de conserto de ar condicionado de janela para sua casa ou empresa, garantindo conforto e satisfação.",Boliqueime
ar-condicionado-reparacao-boliqueime,Reparação de ar condicionado em Boliqueime,"Oferecemos serviços de reparação rápida e eficaz para o seu ar condicionado, assegurando um ambiente fresco e confortável.",Boliqueime
conserto-ar-condicionado-janela-boliqueime,Conserto de ar condicionado de janela em Boliqueime,"Oferecemos serviços de conserto para ar condicionado de janela, garantindo um funcionamento eficiente e duradouro em sua casa ou empresa.",Boliqueime
arranjar-ar-condicionado-boliqueime,Reparação de ar condicionado em Boliqueime,"Se o seu ar condicionado não está a funcionar corretamente, nós oferecemos serviços de reparação rápidos e eficientes para garantir o seu conforto.",Boliqueime
conserto-de-ar-condicionado-portatil-boliqueime,Conserto de ar condicionado portátil em Boliqueime,Oferecemos serviços de conserto de ar condicionado portátil para residências e empresas em Boliqueime. Entre em contato conosco para uma avaliação rápida e eficaz.,Boliqueime
conserto-ar-condicionado-portatil-boliqueime,Conserto de ar condicionado portátil em Boliqueime,"Oferecemos serviços de conserto para ar condicionado portátil, garantindo conforto e eficiência na sua casa ou empresa.",Boliqueime
reparo-de-ar-condicionado-boliqueime,Reparo de ar condicionado em Boliqueime,"Oferecemos serviços de reparo de ar condicionado para residências e empresas em Boliqueime, garantindo o conforto que você precisa.",Boliqueime
conserto-de-placa-de-ar-condicionado-boliqueime,Conserto de placa de ar condicionado em Boliqueime,Oferecemos serviços de conserto de placas de ar condicionado para garantir o funcionamento eficiente do seu equipamento em sua casa ou empresa.,Boliqueime
assistencia-tecnica-ar-condicionado-split-boliqueime,Assistência técnica de ar condicionado split em Boliqueime,"Oferecemos serviços completos de assistência técnica para a instalação, reparação e manutenção de sistemas de ar condicionado split em Boliqueime. Entre em contato conosco para garantir o conforto da sua casa ou empresa.",Boliqueime
assistencia-tecnica-de-ar-condicionado-boliqueime,Assistência técnica de ar condicionado em Boliqueime,Oferecemos serviços de reparação e manutenção de sistemas de ar condicionado para residências e empresas.,Boliqueime
conserto-de-ar-condicionado-automotivo-perto-de-mim-boliqueime,Conserto de ar condicionado automotivo em Boliqueime,Oferecemos serviços de conserto de ar condicionado automotivo em Boliqueime para garantir que seu veículo esteja sempre confortável. Entre em contato conosco para mais informações.,Boliqueime
conserto-de-ar-condicionado-mais-proximo-boliqueime,Conserto de ar condicionado mais próximo em Boliqueime,"Oferecemos serviços de conserto de ar condicionado em Boliqueime para residências e empresas, garantindo um ambiente confortável em todos os momentos.",Boliqueime
reparacao-ar-condicionado-daikin-boliqueime,Reparação de ar condicionado Daikin em Boliqueime,"Oferecemos serviços de reparação de ar condicionado Daikin, garantindo o conforto e a eficiência do seu sistema. Entre em contacto connosco para mais informações.",Boliqueime
conserto-de-split-boliqueime,Conserto de ar condicionado split em Boliqueime,Oferecemos serviços de conserto de ar condicionado split para residências e empresas em Boliqueime. A nossa equipa está pronta para resolver o seu problema rapidamente.,Boliqueime
conserto-de-ar-boliqueime,Conserto de ar em Boliqueime,"Oferecemos serviços de conserto de ar condicionado para residências e empresas, garantindo conforto e eficiência.",Boliqueime
conserto-e-manutencao-de-ar-condicionado-boliqueime,Conserto e manutenção de ar condicionado em Boliqueime,"Oferecemos serviços de conserto e manutenção de ar condicionado para residências e empresas, garantindo o funcionamento adequado e eficiente do seu sistema de climatização.",Boliqueime
empresa-de-conserto-de-ar-condicionado-boliqueime,Empresa de conserto de ar condicionado em Boliqueime,"Oferecemos serviços de conserto e manutenção para todos os tipos de ar condicionado em Boliqueime, garantindo conforto e qualidade para sua casa ou empresa.",Boliqueime
assistencia-tecnica-de-ar-condicionado-portatil-boliqueime,Assistência técnica de ar condicionado portátil em Boliqueime,"Oferecemos serviços especializados de assistência técnica para ar condicionado portátil, garantindo o melhor funcionamento e manutenção do seu equipamento.",Boliqueime
assistencia-tecnica-para-ar-condicionado-boliqueime,Assistência técnica para ar condicionado em Boliqueime,"Oferecemos serviços de assistência técnica para ar condicionado, garantindo que o seu sistema funcione perfeitamente. Estamos disponíveis para reparações e manutenção, tanto para residências como para empresas.",Boliqueime
reparo-ar-condicionado-residencial-boliqueime,Reparo de ar condicionado residencial em Boliqueime,"Oferecemos serviços de reparo especializados em ar condicionado residencial, garantindo conforto e eficiência em sua casa.",Boliqueime
conserto-placa-ar-condicionado-boliqueime,Conserto de placa de ar condicionado em Boliqueime,Oferecemos serviços de conserto de placas de ar condicionado para garantir que seu sistema funcione perfeitamente.,Boliqueime
reparo-ar-condicionado-split-boliqueime,Reparo de ar condicionado split em Boliqueime,Realizamos reparos e manutenção em sistemas de ar condicionado split para garantir o seu conforto em casa ou no trabalho.,Boliqueime
conserto-split-boliqueime,Conserto de ar condicionado split em Boliqueime,"Oferecemos serviços de conserto profissional para ar condicionado split, garantindo o conforto da sua casa ou empresa em Boliqueime.",Boliqueime
conserto-de-ar-split-boliqueime,Conserto de ar condicionado split em Boliqueime,Oferecemos serviços de conserto e manutenção de ar condicionado split para residências e empresas em Boliqueime.,Boliqueime
assistencia-tecnica-ar-condicionado-daikin-boliqueime,Assistência técnica de ar condicionado Daikin em Boliqueime,"Oferecemos serviços de reparação e manutenção para sistemas de ar condicionado Daikin, garantindo conforto e eficiência em sua casa ou empresa.",Boliqueime
ar-condicionado-de-janela-conserto-boliqueime,Conserto de ar condicionado de janela em Boliqueime,"Oferecemos serviços de conserto para ar condicionado de janela em Boliqueime, garantindo que seu equipamento funcione de forma eficiente e eficaz.",Boliqueime
ar-condicionado-reparacao-boliqueime,Reparação de ar condicionado em Boliqueime,"Oferecemos serviços de reparação de ar condicionado para residências e empresas em Boliqueime, garantindo um funcionamento eficiente e confortável.",Boliqueime
ar-condicionado-split-conserto-boliqueime,Conserto de ar condicionado split em Boliqueime,"Oferecemos serviços de conserto profissionais para sistemas de ar condicionado split, garantindo conforto e eficiência na sua casa ou empresa em Boliqueime.",Boliqueime
assistencia-ar-condicionado-gree-boliqueime,Assistência de ar condicionado Gree em Boliqueime,"Oferecemos serviços de assistência técnica para sistemas de ar condicionado da marca Gree, garantindo que seu equipamento esteja sempre em perfeito funcionamento.",Boliqueime
assistencia-ar-condicionado-samsung-boliqueime,Assistência de ar condicionado Samsung em Boliqueime,"Oferecemos serviços de instalação, reparação e manutenção para sistemas de ar condicionado Samsung e de todas as principais marcas.",Boliqueime
assistencia-ar-condicionado-springer-boliqueime,Assistência de ar condicionado Springer em Boliqueime,"Oferecemos serviços de reparação e manutenção para ar condicionado Springer, garantindo o melhor desempenho do seu equipamento em Boliqueime.",Boliqueime
assistencia-de-ar-condicionado-samsung-boliqueime,Assistência de ar condicionado Samsung em Boliqueime,"Oferecemos serviços de assistência técnica especializada para o seu ar condicionado Samsung, assegurando um funcionamento eficiente e prolongado.",Boliqueime
assistencia-tecnica-ar-condicionado-24-horas-boliqueime,Assistência técnica de ar condicionado 24 horas em Boliqueime,"Oferecemos serviços de assistência técnica para todos os tipos de ar condicionado a qualquer hora, garantindo o conforto da sua casa ou empresa.",Boliqueime
assistencia-tecnica-ar-condicionado-springer-boliqueime,Assistência técnica de ar condicionado Springer em Boliqueime,"Oferecemos serviços completos de assistência técnica para ar condicionado Springer, garantindo que seu sistema funcione perfeitamente. Atendimento para residências e empresas.",Boliqueime
assistencia-tecnica-ar-portatil-boliqueime,Assistência técnica de ar portátil em Boliqueime,"Oferecemos serviços de reparação e manutenção para unidades de ar condicionado portátil, atendendo tanto a residências quanto a empresas.",Boliqueime
assistencia-tecnica-de-ar-condicionado-samsung-boliqueime,Assistência técnica de ar condicionado Samsung em Boliqueime,"Oferecemos serviços de assistência técnica especializada para o seu ar condicionado Samsung, garantindo que o seu aparelho funcione de forma eficiente e duradoura.",Boliqueime
consertar-o-ar-condicionado-boliqueime,Consertar o ar condicionado em Boliqueime,"Estamos aqui para ajudar com a reparação do seu ar condicionado, garantindo um ambiente fresco e confortável.",Boliqueime
consertar-placa-de-ar-condicionado-boliqueime,Consertar placa de ar condicionado em Boliqueime,Oferecemos serviços de reparação de placas de ar condicionado para garantir o funcionamento eficiente do seu equipamento.,Boliqueime
conserto-ar-boliqueime,Conserto de ar condicionado em Boliqueime,"Oferecemos serviços de conserto de ar condicionado para residências e empresas em Boliqueime, garantindo um ambiente confortável para todos.",Boliqueime
conserto-ar-condicionado-de-janela-boliqueime,Conserto de ar condicionado de janela em Boliqueime,Oferecemos serviços de conserto de ar condicionado de janela para residências e empresas em Boliqueime. A nossa equipe está pronta para ajudar com todos os tipos de reparações e manutenção.,Boliqueime
conserto-ar-condicionado-samsung-boliqueime,Conserto de ar condicionado Samsung em Boliqueime,Oferecemos serviços de reparação de ar condicionado Samsung com atenção especial para residências e empresas. Entre em contato para assistência rápida e eficaz.,Boliqueime
conserto-ar-condicionado-springer-boliqueime,Conserto de ar condicionado Springer em Boliqueime,Oferecemos serviços de conserto e manutenção de ar condicionado Springer para garantir o seu conforto em todas as estações.,Boliqueime
conserto-ar-portatil-boliqueime,Conserto de ar portátil em Boliqueime,Oferecemos serviços de conserto rápidos e eficientes para o seu ar condicionado portátil.,Boliqueime
conserto-compressor-ar-condicionado-boliqueime,Conserto de compressor de ar condicionado em Boliqueime,"Oferecemos serviços de conserto de compressors de ar condicionado para residências e empresas, garantindo o funcionamento eficaz do seu sistema.",Boliqueime
conserto-compressor-de-ar-condicionado-boliqueime,Conserto de compressor de ar condicionado em Boliqueime,Oferecemos serviços de conserto profissional de compressores de ar condicionado para garantir o funcionamento eficiente do seu sistema de climatização.,Boliqueime
conserto-de-ar-condicionado-24-horas-boliqueime,Conserto de ar condicionado 24 horas em Boliqueime,Oferecemos serviços de conserto de ar condicionado 24 horas para garantir o conforto da sua casa ou empresa.,Boliqueime
conserto-de-ar-condicionado-de-parede-boliqueime,Conserto de ar condicionado de parede em Boliqueime,Oferecemos serviços de conserto de ar condicionado de parede para garantir o seu conforto em casa ou no escritório.,Boliqueime
conserto-de-ar-condicionado-inverter-boliqueime,Conserto de ar condicionado inverter em Boliqueime,"Oferecemos serviços de conserto de ar condicionado inverter, garantindo o conforto da sua casa ou empresa.",Boliqueime
conserto-de-ar-condicionado-janela-boliqueime,Conserto de ar condicionado de janela em Boliqueime,Oferecemos serviços de conserto de ar condicionado de janela para residências e empresas em Boliqueime. Mantenha seu ambiente fresco e confortável.,Boliqueime
conserto-de-ar-condicionado-samsung-boliqueime,Conserto de ar condicionado Samsung em Boliqueime,Oferecemos serviços de conserto de ar condicionado Samsung para residências e empresas em Boliqueime. A nossa equipa especializada garante um atendimento rápido e eficiente.,Boliqueime
conserto-de-ar-condicionado-springer-boliqueime,Conserto de ar condicionado Springer em Boliqueime,Oferecemos serviços de conserto de ar condicionado Springer para garantir o conforto da sua casa ou empresa em Boliqueime.,Boliqueime
conserto-de-ar-refrigerado-boliqueime,Conserto de ar refrigerado em Boliqueime,Oferecemos serviços de conserto de ar refrigerado para residências e empresas em Boliqueime. Entre em contato conosco para garantir o funcionamento ideal do seu equipamento.,Boliqueime
conserto-de-central-de-ar-boliqueime,Conserto de central de ar em Boliqueime,"Oferecemos serviços de conserto de centrais de ar, garantindo eficiência e conforto em sua casa ou empresa.",Boliqueime
conserto-de-compressor-de-ar-condicionado-boliqueime,Conserto de compressor de ar condicionado em Boliqueime,"Oferecemos serviços de conserto para compressores de ar condicionado, garantindo o funcionamento eficiente do seu sistema em Boliqueime.",Boliqueime
conserto-de-compressor-de-ar-condicionado-split-boliqueime,Conserto de compressor de ar condicionado split em Boliqueime,"Oferecemos serviços de conserto de compressors para ar condicionado split, garantindo que seu sistema funcione de forma eficiente e confiável.",Boliqueime
conserto-de-condicionador-de-ar-boliqueime,Conserto de condicionador de ar em Boliqueime,"Oferecemos serviços de conserto para todos os tipos de condicionadores de ar, garantindo conforto em sua casa ou empresa.",Boliqueime
conserto-de-placa-ar-condicionado-boliqueime,Conserto de placa de ar condicionado em Boliqueime,Oferecemos serviços de conserto de placas de ar condicionado para garantir o funcionamento eficiente do seu equipamento.,Boliqueime
conserto-de-placa-de-ar-condicionado-split-boliqueime,Conserto de placa de ar condicionado split em Boliqueime,"Oferecemos serviços de reparação de placas de ar condicionado split, garantindo que seu equipamento funcione perfeitamente em qualquer ambiente.",Boliqueime
conserto-de-placa-eletronica-de-ar-condicionado-boliqueime,Conserto de placa eletrônica de ar condicionado em Boliqueime,"Realizamos consertos especializados de placas eletrônicas de ar condicionado, garantindo o funcionamento eficaz do seu sistema de climatização.",Boliqueime
conserto-do-ar-boliqueime,Conserto do ar em Boliqueime,Oferecemos serviços de reparação de ar condicionado para residências e empresas. Garantimos um atendimento rápido e eficaz para que você possa voltar a desfrutar do conforto em seu espaço.,Boliqueime
conserto-do-ar-condicionado-boliqueime,Conserto do ar condicionado em Boliqueime,"Oferecemos serviços de conserto de ar condicionado para residências e empresas, garantindo o funcionamento eficiente do seu equipamento.",Boliqueime
conserto-do-compressor-de-ar-condicionado-boliqueime,Conserto do compressor de ar condicionado em Boliqueime,"Oferecemos serviços de conserto e manutenção para todos os tipos de ar condicionado, garantindo o seu conforto e a eficiência do seu sistema.",Boliqueime
conserto-e-instalacao-de-ar-condicionado-boliqueime,Conserto e instalação de ar condicionado em Boliqueime,Oferecemos serviços de instalação e conserto de ar condicionado para residências e empresas em Boliqueime. A nossa equipe de profissionais está pronta para garantir o seu conforto com as melhores marcas do mercado.,Boliqueime
conserto-em-ar-condicionado-boliqueime,Conserto em ar condicionado em Boliqueime,"Oferecemos serviços de conserto de ar condicionado para residências e empresas em Boliqueime. A nossa equipa é especializada em reparar todos os tipos de unidades, garantindo um conforto adequado em qualquer ambiente.",Boliqueime
conserto-placa-split-boliqueime,Conserto de placa split em Boliqueime,"Oferecemos serviços de conserto de placas para sistemas de ar condicionado split, garantindo o funcionamento eficiente do seu equipamento.",Boliqueime
empresa-que-arruma-ar-condicionado-boliqueime,Empresa de ar condicionado em Boliqueime,Oferecemos serviços de reparação e manutenção de ar condicionado para residências e empresas em Boliqueime.,Boliqueime
empresa-que-conserta-ar-condicionado-boliqueime,Empresa de ar condicionado em Boliqueime,"Oferecemos serviços de reparação e manutenção de ar condicionado para clientes residenciais e comerciais. A nossa equipa é especializada em consertos de todas as principais marcas, como LG, Daikin e Samsung.",Boliqueime
empresas-que-consertam-ar-condicionado-boliqueime,Empresa de ar condicionado em Boliqueime,Oferecemos serviços de reparação e manutenção de ar condicionado para residências e empresas em Boliqueime.,Boliqueime
hitachi-assistencia-tecnica-ar-condicionado-boliqueime,Assistência técnica de ar condicionado Hitachi em Boliqueime,"Oferecemos serviços de reparação e manutenção de unidades Hitachi, garantindo conforto e eficiência para sua casa ou empresa.",Boliqueime
instalacao-e-conserto-de-ar-condicionado-boliqueime,Instalação e conserto de ar condicionado em Boliqueime,"Oferecemos serviços de instalação e reparação de ar condicionado, tanto para residências como para empresas, garantindo conforto e qualidade no seu espaço.",Boliqueime
manutencao-e-conserto-de-ar-condicionado-boliqueime,Manutenção e conserto de ar condicionado em Boliqueime,"Oferecemos serviços de manutenção e conserto de ar condicionado para residências e empresas, garantindo o seu conforto e a eficiência do sistema.",Boliqueime
reparo-de-ar-condicionado-split-boliqueime,Reparo de ar condicionado split em Boliqueime,Oferecemos serviços de reparo de ar condicionado split em Boliqueime. Contamos com técnicos especializados para garantir o funcionamento ideal do seu sistema de climatização.,Boliqueime
reparo-em-ar-condicionado-boliqueime,Reparo em ar condicionado em Boliqueime,"Oferecemos serviços de reparo para todos os tipos de ar condicionado, garantindo conforto e eficiência na sua casa ou empresa.",Boliqueime
samsung-assistencia-ar-condicionado-boliqueime,Assistência de ar condicionado Samsung em Boliqueime,"Oferecemos apoio especializado para todos os modelos de ar condicionado Samsung, garantindo reparações e manutenção de qualidade para sua casa ou empresa.",Boliqueime
reparacao-ar-condicionado-faro,Reparação de ar condicionado em Faro,Oferecemos serviços de reparação de ar condicionado para residências e empresas em Faro. A nossa equipa é especializada em diagnósticos e consertos de todas as marcas.,Faro
conserto-de-ar-condicionado-faro,Conserto de ar condicionado em Faro,Oferecemos serviços de conserto de ar condicionado para residências e empresas em Faro. A nossa equipa é especializada em reparar todas as marcas e modelos.,Faro
conserto-ar-condicionado-faro,Conserto de ar condicionado em Faro,"Oferecemos serviços de conserto de ar condicionado para residências e empresas, garantindo que o seu sistema funcione perfeitamente.",Faro
assistencia-tecnica-ar-condicionado-faro,Assistência técnica de ar condicionado em Faro,"Oferecemos assistência técnica especializada em ar condicionado para residências e empresas, garantindo o conforto e a eficiência do seu sistema.",Faro
ar-condicionado-conserto-faro,Conserto de ar condicionado em Faro,Oferecemos serviços de conserto de ar condicionado para residências e empresas em Faro. A nossa equipe qualificada está pronta para garantir o funcionamento eficiente do seu sistema de climatização.,Faro
conserto-de-ar-condicionado-residencial-faro,Conserto de ar condicionado residencial em Faro,"Oferecemos serviços de conserto para sistemas de ar condicionado residenciais, garantindo o seu conforto e bem-estar.",Faro
assistencia-ar-condicionado-faro,Assistência de ar condicionado em Faro,"Oferecemos serviços de assistência técnica para ar condicionado, garantindo manutenção e reparação para residências e empresas.",Faro
reparacao-de-ar-condicionado-faro,Reparação de ar condicionado em Faro,"Oferecemos serviços de reparação de ar condicionado de alta qualidade para residências e empresas em Faro, com técnicos especializados prontos para resolver qualquer problema.",Faro
conserto-de-ar-condicionado-split-faro,Conserto de ar condicionado split em Faro,Oferecemos serviços de conserto de ar condicionado split para assegurar o conforto da sua casa ou empresa em Faro.,Faro
conserto-de-ar-condicionado-perto-de-mim-faro,Conserto de ar condicionado perto de mim em Faro,Oferecemos serviços de conserto de ar condicionado para residências e empresas em Faro.,Faro
conserto-ar-condicionado-residencial-faro,Conserto de ar condicionado residencial em Faro,"Oferecemos serviços de reparação e manutenção para o seu ar condicionado residencial, garantindo o conforto da sua casa.",Faro
conserto-ar-condicionado-split-faro,Conserto de ar condicionado split em Faro,Oferecemos serviços de conserto de ar condicionado split para residências e empresas em Faro. Entre em contato para assistência rápida e eficiente.,Faro
arrumar-ar-condicionado-faro,Arranjo de ar condicionado em Faro,Oferecemos serviços de reparação e manutenção de ar condicionado para sua casa ou empresa em Faro.,Faro
reparo-ar-condicionado-faro,Reparo de ar condicionado em Faro,"Oferecemos serviços de reparo de ar condicionado para residências e empresas em Faro, garantindo o conforto e a eficiência do seu sistema de climatização.",Faro
conserto-de-ar-condicionado-de-janela-faro,Conserto de ar condicionado de janela em Faro,"Oferecemos serviços profissionais de conserto de ar condicionado de janela para sua casa ou empresa, garantindo conforto e satisfação.",Faro
ar-condicionado-reparacao-faro,Reparação de ar condicionado em Faro,"Oferecemos serviços de reparação rápida e eficaz para o seu ar condicionado, assegurando um ambiente fresco e confortável.",Faro
conserto-ar-condicionado-janela-faro,Conserto de ar condicionado de janela em Faro,"Oferecemos serviços de conserto para ar condicionado de janela, garantindo um funcionamento eficiente e duradouro em sua casa ou empresa.",Faro
arranjar-ar-condicionado-faro,Reparação de ar condicionado em Faro,"Se o seu ar condicionado não está a funcionar corretamente, nós oferecemos serviços de reparação rápidos e eficientes para garantir o seu conforto.",Faro
conserto-de-ar-condicionado-portatil-faro,Conserto de ar condicionado portátil em Faro,Oferecemos serviços de conserto de ar condicionado portátil para residências e empresas em Faro. Entre em contato conosco para uma avaliação rápida e eficaz.,Faro
conserto-ar-condicionado-portatil-faro,Conserto de ar condicionado portátil em Faro,"Oferecemos serviços de conserto para ar condicionado portátil, garantindo conforto e eficiência na sua casa ou empresa.",Faro
reparo-de-ar-condicionado-faro,Reparo de ar condicionado em Faro,"Oferecemos serviços de reparo de ar condicionado para residências e empresas em Faro, garantindo o conforto que você precisa.",Faro
conserto-de-placa-de-ar-condicionado-faro,Conserto de placa de ar condicionado em Faro,Oferecemos serviços de conserto de placas de ar condicionado para garantir o funcionamento eficiente do seu equipamento em sua casa ou empresa.,Faro
assistencia-tecnica-ar-condicionado-split-faro,Assistência técnica de ar condicionado split em Faro,"Oferecemos serviços completos de assistência técnica para a instalação, reparação e manutenção de sistemas de ar condicionado split em Faro. Entre em contato conosco para garantir o conforto da sua casa ou empresa.",Faro
assistencia-tecnica-de-ar-condicionado-faro,Assistência técnica de ar condicionado em Faro,Oferecemos serviços de reparação e manutenção de sistemas de ar condicionado para residências e empresas.,Faro
conserto-de-ar-condicionado-automotivo-perto-de-mim-faro,Conserto de ar condicionado automotivo em Faro,Oferecemos serviços de conserto de ar condicionado automotivo em Faro para garantir que seu veículo esteja sempre confortável. Entre em contato conosco para mais informações.,Faro
conserto-de-ar-condicionado-mais-proximo-faro,Conserto de ar condicionado mais próximo em Faro,"Oferecemos serviços de conserto de ar condicionado em Faro para residências e empresas, garantindo um ambiente confortável em todos os momentos.",Faro
reparacao-ar-condicionado-daikin-faro,Reparação de ar condicionado Daikin em Faro,"Oferecemos serviços de reparação de ar condicionado Daikin, garantindo o conforto e a eficiência do seu sistema. Entre em contacto connosco para mais informações.",Faro
conserto-de-split-faro,Conserto de ar condicionado split em Faro,Oferecemos serviços de conserto de ar condicionado split para residências e empresas em Faro. A nossa equipa está pronta para resolver o seu problema rapidamente.,Faro
conserto-de-ar-faro,Conserto de ar em Faro,"Oferecemos serviços de conserto de ar condicionado para residências e empresas, garantindo conforto e eficiência.",Faro
conserto-e-manutencao-de-ar-condicionado-faro,Conserto e manutenção de ar condicionado em Faro,"Oferecemos serviços de conserto e manutenção de ar condicionado para residências e empresas, garantindo o funcionamento adequado e eficiente do seu sistema de climatização.",Faro
empresa-de-conserto-de-ar-condicionado-faro,Empresa de conserto de ar condicionado em Faro,"Oferecemos serviços de conserto e manutenção para todos os tipos de ar condicionado em Faro, garantindo conforto e qualidade para sua casa ou empresa.",Faro
assistencia-tecnica-de-ar-condicionado-portatil-faro,Assistência técnica de ar condicionado portátil em Faro,"Oferecemos serviços especializados de assistência técnica para ar condicionado portátil, garantindo o melhor funcionamento e manutenção do seu equipamento.",Faro
assistencia-tecnica-para-ar-condicionado-faro,Assistência técnica para ar condicionado em Faro,"Oferecemos serviços de assistência técnica para ar condicionado, garantindo que o seu sistema funcione perfeitamente. Estamos disponíveis para reparações e manutenção, tanto para residências como para empresas.",Faro
reparo-ar-condicionado-residencial-faro,Reparo de ar condicionado residencial em Faro,"Oferecemos serviços de reparo especializados em ar condicionado residencial, garantindo conforto e eficiência em sua casa.",Faro
conserto-placa-ar-condicionado-faro,Conserto de placa de ar condicionado em Faro,Oferecemos serviços de conserto de placas de ar condicionado para garantir que seu sistema funcione perfeitamente.,Faro
reparo-ar-condicionado-split-faro,Reparo de ar condicionado split em Faro,Realizamos reparos e manutenção em sistemas de ar condicionado split para garantir o seu conforto em casa ou no trabalho.,Faro
conserto-split-faro,Conserto de ar condicionado split em Faro,"Oferecemos serviços de conserto profissional para ar condicionado split, garantindo o conforto da sua casa ou empresa em Faro.",Faro
conserto-de-ar-split-faro,Conserto de ar condicionado split em Faro,Oferecemos serviços de conserto e manutenção de ar condicionado split para residências e empresas em Faro.,Faro
assistencia-tecnica-ar-condicionado-daikin-faro,Assistência técnica de ar condicionado Daikin em Faro,"Oferecemos serviços de reparação e manutenção para sistemas de ar condicionado Daikin, garantindo conforto e eficiência em sua casa ou empresa.",Faro
ar-condicionado-de-janela-conserto-faro,Conserto de ar condicionado de janela em Faro,"Oferecemos serviços de conserto para ar condicionado de janela em Faro, garantindo que seu equipamento funcione de forma eficiente e eficaz.",Faro
ar-condicionado-reparacao-faro,Reparação de ar condicionado em Faro,"Oferecemos serviços de reparação de ar condicionado para residências e empresas em Faro, garantindo um funcionamento eficiente e confortável.",Faro
ar-condicionado-split-conserto-faro,Conserto de ar condicionado split em Faro,"Oferecemos serviços de conserto profissionais para sistemas de ar condicionado split, garantindo conforto e eficiência na sua casa ou empresa em Faro.",Faro
assistencia-ar-condicionado-gree-faro,Assistência de ar condicionado Gree em Faro,"Oferecemos serviços de assistência técnica para sistemas de ar condicionado da marca Gree, garantindo que seu equipamento esteja sempre em perfeito funcionamento.",Faro
assistencia-ar-condicionado-samsung-faro,Assistência de ar condicionado Samsung em Faro,"Oferecemos serviços de instalação, reparação e manutenção para sistemas de ar condicionado Samsung e de todas as principais marcas.",Faro
assistencia-ar-condicionado-springer-faro,Assistência de ar condicionado Springer em Faro,"Oferecemos serviços de reparação e manutenção para ar condicionado Springer, garantindo o melhor desempenho do seu equipamento em Faro.",Faro
assistencia-de-ar-condicionado-samsung-faro,Assistência de ar condicionado Samsung em Faro,"Oferecemos serviços de assistência técnica especializada para o seu ar condicionado Samsung, assegurando um funcionamento eficiente e prolongado.",Faro
assistencia-tecnica-ar-condicionado-24-horas-faro,Assistência técnica de ar condicionado 24 horas em Faro,"Oferecemos serviços de assistência técnica para todos os tipos de ar condicionado a qualquer hora, garantindo o conforto da sua casa ou empresa.",Faro
assistencia-tecnica-ar-condicionado-springer-faro,Assistência técnica de ar condicionado Springer em Faro,"Oferecemos serviços completos de assistência técnica para ar condicionado Springer, garantindo que seu sistema funcione perfeitamente. Atendimento para residências e empresas.",Faro
assistencia-tecnica-ar-portatil-faro,Assistência técnica de ar portátil em Faro,"Oferecemos serviços de reparação e manutenção para unidades de ar condicionado portátil, atendendo tanto a residências quanto a empresas.",Faro
assistencia-tecnica-de-ar-condicionado-samsung-faro,Assistência técnica de ar condicionado Samsung em Faro,"Oferecemos serviços de assistência técnica especializada para o seu ar condicionado Samsung, garantindo que o seu aparelho funcione de forma eficiente e duradoura.",Faro
consertar-o-ar-condicionado-faro,Consertar o ar condicionado em Faro,"Estamos aqui para ajudar com a reparação do seu ar condicionado, garantindo um ambiente fresco e confortável.",Faro
consertar-placa-de-ar-condicionado-faro,Consertar placa de ar condicionado em Faro,Oferecemos serviços de reparação de placas de ar condicionado para garantir o funcionamento eficiente do seu equipamento.,Faro
conserto-ar-faro,Conserto de ar condicionado em Faro,"Oferecemos serviços de conserto de ar condicionado para residências e empresas em Faro, garantindo um ambiente confortável para todos.",Faro
conserto-ar-condicionado-de-janela-faro,Conserto de ar condicionado de janela em Faro,Oferecemos serviços de conserto de ar condicionado de janela para residências e empresas em Faro. A nossa equipe está pronta para ajudar com todos os tipos de reparações e manutenção.,Faro
conserto-ar-condicionado-samsung-faro,Conserto de ar condicionado Samsung em Faro,Oferecemos serviços de reparação de ar condicionado Samsung com atenção especial para residências e empresas. Entre em contato para assistência rápida e eficaz.,Faro
conserto-ar-condicionado-springer-faro,Conserto de ar condicionado Springer em Faro,Oferecemos serviços de conserto e manutenção de ar condicionado Springer para garantir o seu conforto em todas as estações.,Faro
conserto-ar-portatil-faro,Conserto de ar portátil em Faro,Oferecemos serviços de conserto rápidos e eficientes para o seu ar condicionado portátil.,Faro
conserto-compressor-ar-condicionado-faro,Conserto de compressor de ar condicionado em Faro,"Oferecemos serviços de conserto de compressors de ar condicionado para residências e empresas, garantindo o funcionamento eficaz do seu sistema.",Faro
conserto-compressor-de-ar-condicionado-faro,Conserto de compressor de ar condicionado em Faro,Oferecemos serviços de conserto profissional de compressores de ar condicionado para garantir o funcionamento eficiente do seu sistema de climatização.,Faro
conserto-de-ar-condicionado-24-horas-faro,Conserto de ar condicionado 24 horas em Faro,Oferecemos serviços de conserto de ar condicionado 24 horas para garantir o conforto da sua casa ou empresa.,Faro
conserto-de-ar-condicionado-de-parede-faro,Conserto de ar condicionado de parede em Faro,Oferecemos serviços de conserto de ar condicionado de parede para garantir o seu conforto em casa ou no escritório.,Faro
conserto-de-ar-condicionado-inverter-faro,Conserto de ar condicionado inverter em Faro,"Oferecemos serviços de conserto de ar condicionado inverter, garantindo o conforto da sua casa ou empresa.",Faro
conserto-de-ar-condicionado-janela-faro,Conserto de ar condicionado de janela em Faro,Oferecemos serviços de conserto de ar condicionado de janela para residências e empresas em Faro. Mantenha seu ambiente fresco e confortável.,Faro
conserto-de-ar-condicionado-samsung-faro,Conserto de ar condicionado Samsung em Faro,Oferecemos serviços de conserto de ar condicionado Samsung para residências e empresas em Faro. A nossa equipa especializada garante um atendimento rápido e eficiente.,Faro
conserto-de-ar-condicionado-springer-faro,Conserto de ar condicionado Springer em Faro,Oferecemos serviços de conserto de ar condicionado Springer para garantir o conforto da sua casa ou empresa em Faro.,Faro
conserto-de-ar-refrigerado-faro,Conserto de ar refrigerado em Faro,Oferecemos serviços de conserto de ar refrigerado para residências e empresas em Faro. Entre em contato conosco para garantir o funcionamento ideal do seu equipamento.,Faro
conserto-de-central-de-ar-faro,Conserto de central de ar em Faro,"Oferecemos serviços de conserto de centrais de ar, garantindo eficiência e conforto em sua casa ou empresa.",Faro
conserto-de-compressor-de-ar-condicionado-faro,Conserto de compressor de ar condicionado em Faro,"Oferecemos serviços de conserto para compressores de ar condicionado, garantindo o funcionamento eficiente do seu sistema em Faro.",Faro
conserto-de-compressor-de-ar-condicionado-split-faro,Conserto de compressor de ar condicionado split em Faro,"Oferecemos serviços de conserto de compressors para ar condicionado split, garantindo que seu sistema funcione de forma eficiente e confiável.",Faro
conserto-de-condicionador-de-ar-faro,Conserto de condicionador de ar em Faro,"Oferecemos serviços de conserto para todos os tipos de condicionadores de ar, garantindo conforto em sua casa ou empresa.",Faro
conserto-de-placa-ar-condicionado-faro,Conserto de placa de ar condicionado em Faro,Oferecemos serviços de conserto de placas de ar condicionado para garantir o funcionamento eficiente do seu equipamento.,Faro
conserto-de-placa-de-ar-condicionado-split-faro,Conserto de placa de ar condicionado split em Faro,"Oferecemos serviços de reparação de placas de ar condicionado split, garantindo que seu equipamento funcione perfeitamente em qualquer ambiente.",Faro
conserto-de-placa-eletronica-de-ar-condicionado-faro,Conserto de placa eletrônica de ar condicionado em Faro,"Realizamos consertos especializados de placas eletrônicas de ar condicionado, garantindo o funcionamento eficaz do seu sistema de climatização.",Faro
conserto-do-ar-faro,Conserto do ar em Faro,Oferecemos serviços de reparação de ar condicionado para residências e empresas. Garantimos um atendimento rápido e eficaz para que você possa voltar a desfrutar do conforto em seu espaço.,Faro
conserto-do-ar-condicionado-faro,Conserto do ar condicionado em Faro,"Oferecemos serviços de conserto de ar condicionado para residências e empresas, garantindo o funcionamento eficiente do seu equipamento.",Faro
conserto-do-compressor-de-ar-condicionado-faro,Conserto do compressor de ar condicionado em Faro,"Oferecemos serviços de conserto e manutenção para todos os tipos de ar condicionado, garantindo o seu conforto e a eficiência do seu sistema.",Faro
conserto-e-instalacao-de-ar-condicionado-faro,Conserto e instalação de ar condicionado em Faro,Oferecemos serviços de instalação e conserto de ar condicionado para residências e empresas em Faro. A nossa equipe de profissionais está pronta para garantir o seu conforto com as melhores marcas do mercado.,Faro
conserto-em-ar-condicionado-faro,Conserto em ar condicionado em Faro,"Oferecemos serviços de conserto de ar condicionado para residências e empresas em Faro. A nossa equipa é especializada em reparar todos os tipos de unidades, garantindo um conforto adequado em qualquer ambiente.",Faro
conserto-placa-split-faro,Conserto de placa split em Faro,"Oferecemos serviços de conserto de placas para sistemas de ar condicionado split, garantindo o funcionamento eficiente do seu equipamento.",Faro
empresa-que-arruma-ar-condicionado-faro,Empresa de ar condicionado em Faro,Oferecemos serviços de reparação e manutenção de ar condicionado para residências e empresas em Faro.,Faro
empresa-que-conserta-ar-condicionado-faro,Empresa de ar condicionado em Faro,"Oferecemos serviços de reparação e manutenção de ar condicionado para clientes residenciais e comerciais. A nossa equipa é especializada em consertos de todas as principais marcas, como LG, Daikin e Samsung.",Faro
empresas-que-consertam-ar-condicionado-faro,Empresa de ar condicionado em Faro,Oferecemos serviços de reparação e manutenção de ar condicionado para residências e empresas em Faro.,Faro
hitachi-assistencia-tecnica-ar-condicionado-faro,Assistência técnica de ar condicionado Hitachi em Faro,"Oferecemos serviços de reparação e manutenção de unidades Hitachi, garantindo conforto e eficiência para sua casa ou empresa.",Faro
instalacao-e-conserto-de-ar-condicionado-faro,Instalação e conserto de ar condicionado em Faro,"Oferecemos serviços de instalação e reparação de ar condicionado, tanto para residências como para empresas, garantindo conforto e qualidade no seu espaço.",Faro
manutencao-e-conserto-de-ar-condicionado-faro,Manutenção e conserto de ar condicionado em Faro,"Oferecemos serviços de manutenção e conserto de ar condicionado para residências e empresas, garantindo o seu conforto e a eficiência do sistema.",Faro
reparo-de-ar-condicionado-split-faro,Reparo de ar condicionado split em Faro,Oferecemos serviços de reparo de ar condicionado split em Faro. Contamos com técnicos especializados para garantir o funcionamento ideal do seu sistema de climatização.,Faro
reparo-em-ar-condicionado-faro,Reparo em ar condicionado em Faro,"Oferecemos serviços de reparo para todos os tipos de ar condicionado, garantindo conforto e eficiência na sua casa ou empresa.",Faro
samsung-assistencia-ar-condicionado-faro,Assistência de ar condicionado Samsung em Faro,"Oferecemos apoio especializado para todos os modelos de ar condicionado Samsung, garantindo reparações e manutenção de qualidade para sua casa ou empresa.",Faro
reparacao-ar-condicionado-portimao,Reparação de ar condicionado em Portimão,Oferecemos serviços de reparação de ar condicionado para residências e empresas em Portimão. A nossa equipa é especializada em diagnósticos e consertos de todas as marcas.,Portimao
conserto-de-ar-condicionado-portimao,Conserto de ar condicionado em Portimão,Oferecemos serviços de conserto de ar condicionado para residências e empresas em Portimão. A nossa equipa é especializada em reparar todas as marcas e modelos.,Portimao
conserto-ar-condicionado-portimao,Conserto de ar condicionado em Portimão,"Oferecemos serviços de conserto de ar condicionado para residências e empresas, garantindo que o seu sistema funcione perfeitamente.",Portimao
assistencia-tecnica-ar-condicionado-portimao,Assistência técnica de ar condicionado em Portimão,"Oferecemos assistência técnica especializada em ar condicionado para residências e empresas, garantindo o conforto e a eficiência do seu sistema.",Portimao
ar-condicionado-conserto-portimao,Conserto de ar condicionado em Portimão,Oferecemos serviços de conserto de ar condicionado para residências e empresas em Portimão. A nossa equipe qualificada está pronta para garantir o funcionamento eficiente do seu sistema de climatização.,Portimao
conserto-de-ar-condicionado-residencial-portimao,Conserto de ar condicionado residencial em Portimão,"Oferecemos serviços de conserto para sistemas de ar condicionado residenciais, garantindo o seu conforto e bem-estar.",Portimao
assistencia-ar-condicionado-portimao,Assistência de ar condicionado em Portimão,"Oferecemos serviços de assistência técnica para ar condicionado, garantindo manutenção e reparação para residências e empresas.",Portimao
reparacao-de-ar-condicionado-portimao,Reparação de ar condicionado em Portimão,"Oferecemos serviços de reparação de ar condicionado de alta qualidade para residências e empresas em Portimão, com técnicos especializados prontos para resolver qualquer problema.",Portimao
conserto-de-ar-condicionado-split-portimao,Conserto de ar condicionado split em Portimão,Oferecemos serviços de conserto de ar condicionado split para assegurar o conforto da sua casa ou empresa em Portimão.,Portimao
conserto-de-ar-condicionado-perto-de-mim-portimao,Conserto de ar condicionado perto de mim em Portimão,Oferecemos serviços de conserto de ar condicionado para residências e empresas em Portimão.,Portimao
conserto-ar-condicionado-residencial-portimao,Conserto de ar condicionado residencial em Portimão,"Oferecemos serviços de reparação e manutenção para o seu ar condicionado residencial, garantindo o conforto da sua casa.",Portimao
conserto-ar-condicionado-split-portimao,Conserto de ar condicionado split em Portimão,Oferecemos serviços de conserto de ar condicionado split para residências e empresas em Portimão. Entre em contato para assistência rápida e eficiente.,Portimao
arrumar-ar-condicionado-portimao,Arranjo de ar condicionado em Portimão,Oferecemos serviços de reparação e manutenção de ar condicionado para sua casa ou empresa em Portimão.,Portimao
reparo-ar-condicionado-portimao,Reparo de ar condicionado em Portimão,"Oferecemos serviços de reparo de ar condicionado para residências e empresas em Portimão, garantindo o conforto e a eficiência do seu sistema de climatização.",Portimao
conserto-de-ar-condicionado-de-janela-portimao,Conserto de ar condicionado de janela em Portimão,"Oferecemos serviços profissionais de conserto de ar condicionado de janela para sua casa ou empresa, garantindo conforto e satisfação.",Portimao
ar-condicionado-reparacao-portimao,Reparação de ar condicionado em Portimão,"Oferecemos serviços de reparação rápida e eficaz para o seu ar condicionado, assegurando um ambiente fresco e confortável.",Portimao
conserto-ar-condicionado-janela-portimao,Conserto de ar condicionado de janela em Portimão,"Oferecemos serviços de conserto para ar condicionado de janela, garantindo um funcionamento eficiente e duradouro em sua casa ou empresa.",Portimao
arranjar-ar-condicionado-portimao,Reparação de ar condicionado em Portimão,"Se o seu ar condicionado não está a funcionar corretamente, nós oferecemos serviços de reparação rápidos e eficientes para garantir o seu conforto.",Portimao
conserto-de-ar-condicionado-portatil-portimao,Conserto de ar condicionado portátil em Portimão,Oferecemos serviços de conserto de ar condicionado portátil para residências e empresas em Portimão. Entre em contato conosco para uma avaliação rápida e eficaz.,Portimao
conserto-ar-condicionado-portatil-portimao,Conserto de ar condicionado portátil em Portimão,"Oferecemos serviços de conserto para ar condicionado portátil, garantindo conforto e eficiência na sua casa ou empresa.",Portimao
reparo-de-ar-condicionado-portimao,Reparo de ar condicionado em Portimão,"Oferecemos serviços de reparo de ar condicionado para residências e empresas em Portimão, garantindo o conforto que você precisa.",Portimao
conserto-de-placa-de-ar-condicionado-portimao,Conserto de placa de ar condicionado em Portimão,Oferecemos serviços de conserto de placas de ar condicionado para garantir o funcionamento eficiente do seu equipamento em sua casa ou empresa.,Portimao
assistencia-tecnica-ar-condicionado-split-portimao,Assistência técnica de ar condicionado split em Portimão,"Oferecemos serviços completos de assistência técnica para a instalação, reparação e manutenção de sistemas de ar condicionado split em Portimão. Entre em contato conosco para garantir o conforto da sua casa ou empresa.",Portimao
assistencia-tecnica-de-ar-condicionado-portimao,Assistência técnica de ar condicionado em Portimão,Oferecemos serviços de reparação e manutenção de sistemas de ar condicionado para residências e empresas.,Portimao
conserto-de-ar-condicionado-automotivo-perto-de-mim-portimao,Conserto de ar condicionado automotivo em Portimão,Oferecemos serviços de conserto de ar condicionado automotivo em Portimão para garantir que seu veículo esteja sempre confortável. Entre em contato conosco para mais informações.,Portimao
conserto-de-ar-condicionado-mais-proximo-portimao,Conserto de ar condicionado mais próximo em Portimão,"Oferecemos serviços de conserto de ar condicionado em Portimão para residências e empresas, garantindo um ambiente confortável em todos os momentos.",Portimao
reparacao-ar-condicionado-daikin-portimao,Reparação de ar condicionado Daikin em Portimão,"Oferecemos serviços de reparação de ar condicionado Daikin, garantindo o conforto e a eficiência do seu sistema. Entre em contacto connosco para mais informações.",Portimao
conserto-de-split-portimao,Conserto de ar condicionado split em Portimão,Oferecemos serviços de conserto de ar condicionado split para residências e empresas em Portimão. A nossa equipa está pronta para resolver o seu problema rapidamente.,Portimao
conserto-de-ar-portimao,Conserto de ar em Portimão,"Oferecemos serviços de conserto de ar condicionado para residências e empresas, garantindo conforto e eficiência.",Portimao
conserto-e-manutencao-de-ar-condicionado-portimao,Conserto e manutenção de ar condicionado em Portimão,"Oferecemos serviços de conserto e manutenção de ar condicionado para residências e empresas, garantindo o funcionamento adequado e eficiente do seu sistema de climatização.",Portimao
empresa-de-conserto-de-ar-condicionado-portimao,Empresa de conserto de ar condicionado em Portimão,"Oferecemos serviços de conserto e manutenção para todos os tipos de ar condicionado em Portimão, garantindo conforto e qualidade para sua casa ou empresa.",Portimao
assistencia-tecnica-de-ar-condicionado-portatil-portimao,Assistência técnica de ar condicionado portátil em Portimão,"Oferecemos serviços especializados de assistência técnica para ar condicionado portátil, garantindo o melhor funcionamento e manutenção do seu equipamento.",Portimao
assistencia-tecnica-para-ar-condicionado-portimao,Assistência técnica para ar condicionado em Portimão,"Oferecemos serviços de assistência técnica para ar condicionado, garantindo que o seu sistema funcione perfeitamente. Estamos disponíveis para reparações e manutenção, tanto para residências como para empresas.",Portimao
reparo-ar-condicionado-residencial-portimao,Reparo de ar condicionado residencial em Portimão,"Oferecemos serviços de reparo especializados em ar condicionado residencial, garantindo conforto e eficiência em sua casa.",Portimao
conserto-placa-ar-condicionado-portimao,Conserto de placa de ar condicionado em Portimão,Oferecemos serviços de conserto de placas de ar condicionado para garantir que seu sistema funcione perfeitamente.,Portimao
reparo-ar-condicionado-split-portimao,Reparo de ar condicionado split em Portimão,Realizamos reparos e manutenção em sistemas de ar condicionado split para garantir o seu conforto em casa ou no trabalho.,Portimao
conserto-split-portimao,Conserto de ar condicionado split em Portimão,"Oferecemos serviços de conserto profissional para ar condicionado split, garantindo o conforto da sua casa ou empresa em Portimão.",Portimao
conserto-de-ar-split-portimao,Conserto de ar condicionado split em Portimão,Oferecemos serviços de conserto e manutenção de ar condicionado split para residências e empresas em Portimão.,Portimao
assistencia-tecnica-ar-condicionado-daikin-portimao,Assistência técnica de ar condicionado Daikin em Portimão,"Oferecemos serviços de reparação e manutenção para sistemas de ar condicionado Daikin, garantindo conforto e eficiência em sua casa ou empresa.",Portimao
ar-condicionado-de-janela-conserto-portimao,Conserto de ar condicionado de janela em Portimão,"Oferecemos serviços de conserto para ar condicionado de janela em Portimão, garantindo que seu equipamento funcione de forma eficiente e eficaz.",Portimao
ar-condicionado-reparacao-portimao,Reparação de ar condicionado em Portimão,"Oferecemos serviços de reparação de ar condicionado para residências e empresas em Portimão, garantindo um funcionamento eficiente e confortável.",Portimao
ar-condicionado-split-conserto-portimao,Conserto de ar condicionado split em Portimão,"Oferecemos serviços de conserto profissionais para sistemas de ar condicionado split, garantindo conforto e eficiência na sua casa ou empresa em Portimão.",Portimao
assistencia-ar-condicionado-gree-portimao,Assistência de ar condicionado Gree em Portimão,"Oferecemos serviços de assistência técnica para sistemas de ar condicionado da marca Gree, garantindo que seu equipamento esteja sempre em perfeito funcionamento.",Portimao
assistencia-ar-condicionado-samsung-portimao,Assistência de ar condicionado Samsung em Portimão,"Oferecemos serviços de instalação, reparação e manutenção para sistemas de ar condicionado Samsung e de todas as principais marcas.",Portimao
assistencia-ar-condicionado-springer-portimao,Assistência de ar condicionado Springer em Portimão,"Oferecemos serviços de reparação e manutenção para ar condicionado Springer, garantindo o melhor desempenho do seu equipamento em Portimão.",Portimao
assistencia-de-ar-condicionado-samsung-portimao,Assistência de ar condicionado Samsung em Portimão,"Oferecemos serviços de assistência técnica especializada para o seu ar condicionado Samsung, assegurando um funcionamento eficiente e prolongado.",Portimao
assistencia-tecnica-ar-condicionado-24-horas-portimao,Assistência técnica de ar condicionado 24 horas em Portimão,"Oferecemos serviços de assistência técnica para todos os tipos de ar condicionado a qualquer hora, garantindo o conforto da sua casa ou empresa.",Portimao
assistencia-tecnica-ar-condicionado-springer-portimao,Assistência técnica de ar condicionado Springer em Portimão,"Oferecemos serviços completos de assistência técnica para ar condicionado Springer, garantindo que seu sistema funcione perfeitamente. Atendimento para residências e empresas.",Portimao
assistencia-tecnica-ar-portatil-portimao,Assistência técnica de ar portátil em Portimão,"Oferecemos serviços de reparação e manutenção para unidades de ar condicionado portátil, atendendo tanto a residências quanto a empresas.",Portimao
assistencia-tecnica-de-ar-condicionado-samsung-portimao,Assistência técnica de ar condicionado Samsung em Portimão,"Oferecemos serviços de assistência técnica especializada para o seu ar condicionado Samsung, garantindo que o seu aparelho funcione de forma eficiente e duradoura.",Portimao
consertar-o-ar-condicionado-portimao,Consertar o ar condicionado em Portimão,"Estamos aqui para ajudar com a reparação do seu ar condicionado, garantindo um ambiente fresco e confortável.",Portimao
consertar-placa-de-ar-condicionado-portimao,Consertar placa de ar condicionado em Portimão,Oferecemos serviços de reparação de placas de ar condicionado para garantir o funcionamento eficiente do seu equipamento.,Portimao
conserto-ar-portimao,Conserto de ar condicionado em Portimão,"Oferecemos serviços de conserto de ar condicionado para residências e empresas em Portimão, garantindo um ambiente confortável para todos.",Portimao
conserto-ar-condicionado-de-janela-portimao,Conserto de ar condicionado de janela em Portimão,Oferecemos serviços de conserto de ar condicionado de janela para residências e empresas em Portimão. A nossa equipe está pronta para ajudar com todos os tipos de reparações e manutenção.,Portimao
conserto-ar-condicionado-samsung-portimao,Conserto de ar condicionado Samsung em Portimão,Oferecemos serviços de reparação de ar condicionado Samsung com atenção especial para residências e empresas. Entre em contato para assistência rápida e eficaz.,Portimao
conserto-ar-condicionado-springer-portimao,Conserto de ar condicionado Springer em Portimão,Oferecemos serviços de conserto e manutenção de ar condicionado Springer para garantir o seu conforto em todas as estações.,Portimao
conserto-ar-portatil-portimao,Conserto de ar portátil em Portimão,Oferecemos serviços de conserto rápidos e eficientes para o seu ar condicionado portátil.,Portimao
conserto-compressor-ar-condicionado-portimao,Conserto de compressor de ar condicionado em Portimão,"Oferecemos serviços de conserto de compressors de ar condicionado para residências e empresas, garantindo o funcionamento eficaz do seu sistema.",Portimao
conserto-compressor-de-ar-condicionado-portimao,Conserto de compressor de ar condicionado em Portimão,Oferecemos serviços de conserto profissional de compressores de ar condicionado para garantir o funcionamento eficiente do seu sistema de climatização.,Portimao
conserto-de-ar-condicionado-24-horas-portimao,Conserto de ar condicionado 24 horas em Portimão,Oferecemos serviços de conserto de ar condicionado 24 horas para garantir o conforto da sua casa ou empresa.,Portimao
conserto-de-ar-condicionado-de-parede-portimao,Conserto de ar condicionado de parede em Portimão,Oferecemos serviços de conserto de ar condicionado de parede para garantir o seu conforto em casa ou no escritório.,Portimao
conserto-de-ar-condicionado-inverter-portimao,Conserto de ar condicionado inverter em Portimão,"Oferecemos serviços de conserto de ar condicionado inverter, garantindo o conforto da sua casa ou empresa.",Portimao
conserto-de-ar-condicionado-janela-portimao,Conserto de ar condicionado de janela em Portimão,Oferecemos serviços de conserto de ar condicionado de janela para residências e empresas em Portimão. Mantenha seu ambiente fresco e confortável.,Portimao
conserto-de-ar-condicionado-samsung-portimao,Conserto de ar condicionado Samsung em Portimão,Oferecemos serviços de conserto de ar condicionado Samsung para residências e empresas em Portimão. A nossa equipa especializada garante um atendimento rápido e eficiente.,Portimao
conserto-de-ar-condicionado-springer-portimao,Conserto de ar condicionado Springer em Portimão,Oferecemos serviços de conserto de ar condicionado Springer para garantir o conforto da sua casa ou empresa em Portimão.,Portimao
conserto-de-ar-refrigerado-portimao,Conserto de ar refrigerado em Portimão,Oferecemos serviços de conserto de ar refrigerado para residências e empresas em Portimão. Entre em contato conosco para garantir o funcionamento ideal do seu equipamento.,Portimao
conserto-de-central-de-ar-portimao,Conserto de central de ar em Portimão,"Oferecemos serviços de conserto de centrais de ar, garantindo eficiência e conforto em sua casa ou empresa.",Portimao
conserto-de-compressor-de-ar-condicionado-portimao,Conserto de compressor de ar condicionado em Portimão,"Oferecemos serviços de conserto para compressores de ar condicionado, garantindo o funcionamento eficiente do seu sistema em Portimão.",Portimao
conserto-de-compressor-de-ar-condicionado-split-portimao,Conserto de compressor de ar condicionado split em Portimão,"Oferecemos serviços de conserto de compressors para ar condicionado split, garantindo que seu sistema funcione de forma eficiente e confiável.",Portimao
conserto-de-condicionador-de-ar-portimao,Conserto de condicionador de ar em Portimão,"Oferecemos serviços de conserto para todos os tipos de condicionadores de ar, garantindo conforto em sua casa ou empresa.",Portimao
conserto-de-placa-ar-condicionado-portimao,Conserto de placa de ar condicionado em Portimão,Oferecemos serviços de conserto de placas de ar condicionado para garantir o funcionamento eficiente do seu equipamento.,Portimao
conserto-de-placa-de-ar-condicionado-split-portimao,Conserto de placa de ar condicionado split em Portimão,"Oferecemos serviços de reparação de placas de ar condicionado split, garantindo que seu equipamento funcione perfeitamente em qualquer ambiente.",Portimao
conserto-de-placa-eletronica-de-ar-condicionado-portimao,Conserto de placa eletrônica de ar condicionado em Portimão,"Realizamos consertos especializados de placas eletrônicas de ar condicionado, garantindo o funcionamento eficaz do seu sistema de climatização.",Portimao
conserto-do-ar-portimao,Conserto do ar em Portimão,Oferecemos serviços de reparação de ar condicionado para residências e empresas. Garantimos um atendimento rápido e eficaz para que você possa voltar a desfrutar do conforto em seu espaço.,Portimao
conserto-do-ar-condicionado-portimao,Conserto do ar condicionado em Portimão,"Oferecemos serviços de conserto de ar condicionado para residências e empresas, garantindo o funcionamento eficiente do seu equipamento.",Portimao
conserto-do-compressor-de-ar-condicionado-portimao,Conserto do compressor de ar condicionado em Portimão,"Oferecemos serviços de conserto e manutenção para todos os tipos de ar condicionado, garantindo o seu conforto e a eficiência do seu sistema.",Portimao
conserto-e-instalacao-de-ar-condicionado-portimao,Conserto e instalação de ar condicionado em Portimão,Oferecemos serviços de instalação e conserto de ar condicionado para residências e empresas em Portimão. A nossa equipe de profissionais está pronta para garantir o seu conforto com as melhores marcas do mercado.,Portimao
conserto-em-ar-condicionado-portimao,Conserto em ar condicionado em Portimão,"Oferecemos serviços de conserto de ar condicionado para residências e empresas em Portimão. A nossa equipa é especializada em reparar todos os tipos de unidades, garantindo um conforto adequado em qualquer ambiente.",Portimao
conserto-placa-split-portimao,Conserto de placa split em Portimão,"Oferecemos serviços de conserto de placas para sistemas de ar condicionado split, garantindo o funcionamento eficiente do seu equipamento.",Portimao
empresa-que-arruma-ar-condicionado-portimao,Empresa de ar condicionado em Portimão,Oferecemos serviços de reparação e manutenção de ar condicionado para residências e empresas em Portimão.,Portimao
empresa-que-conserta-ar-condicionado-portimao,Empresa de ar condicionado em Portimão,"Oferecemos serviços de reparação e manutenção de ar condicionado para clientes residenciais e comerciais. A nossa equipa é especializada em consertos de todas as principais marcas, como LG, Daikin e Samsung.",Portimao
empresas-que-consertam-ar-condicionado-portimao,Empresa de ar condicionado em Portimão,Oferecemos serviços de reparação e manutenção de ar condicionado para residências e empresas em Portimão.,Portimao
hitachi-assistencia-tecnica-ar-condicionado-portimao,Assistência técnica de ar condicionado Hitachi em Portimão,"Oferecemos serviços de reparação e manutenção de unidades Hitachi, garantindo conforto e eficiência para sua casa ou empresa.",Portimao
instalacao-e-conserto-de-ar-condicionado-portimao,Instalação e conserto de ar condicionado em Portimão,"Oferecemos serviços de instalação e reparação de ar condicionado, tanto para residências como para empresas, garantindo conforto e qualidade no seu espaço.",Portimao
manutencao-e-conserto-de-ar-condicionado-portimao,Manutenção e conserto de ar condicionado em Portimão,"Oferecemos serviços de manutenção e conserto de ar condicionado para residências e empresas, garantindo o seu conforto e a eficiência do sistema.",Portimao
reparo-de-ar-condicionado-split-portimao,Reparo de ar condicionado split em Portimão,Oferecemos serviços de reparo de ar condicionado split em Portimão. Contamos com técnicos especializados para garantir o funcionamento ideal do seu sistema de climatização.,Portimao
reparo-em-ar-condicionado-portimao,Reparo em ar condicionado em Portimão,"Oferecemos serviços de reparo para todos os tipos de ar condicionado, garantindo conforto e eficiência na sua casa ou empresa.",Portimao
samsung-assistencia-ar-condicionado-portimao,Assistência de ar condicionado Samsung em Portimão,"Oferecemos apoio especializado para todos os modelos de ar condicionado Samsung, garantindo reparações e manutenção de qualidade para sua casa ou empresa.",Portimao
reparacao-ar-condicionado-tavira,Reparação de ar condicionado em Tavira,Oferecemos serviços de reparação de ar condicionado para residências e empresas em Tavira. A nossa equipa é especializada em diagnósticos e consertos de todas as marcas.,Tavira
conserto-de-ar-condicionado-tavira,Conserto de ar condicionado em Tavira,Oferecemos serviços de conserto de ar condicionado para residências e empresas em Tavira. A nossa equipa é especializada em reparar todas as marcas e modelos.,Tavira
conserto-ar-condicionado-tavira,Conserto de ar condicionado em Tavira,"Oferecemos serviços de conserto de ar condicionado para residências e empresas, garantindo que o seu sistema funcione perfeitamente.",Tavira
assistencia-tecnica-ar-condicionado-tavira,Assistência técnica de ar condicionado em Tavira,"Oferecemos assistência técnica especializada em ar condicionado para residências e empresas, garantindo o conforto e a eficiência do seu sistema.",Tavira
ar-condicionado-conserto-tavira,Conserto de ar condicionado em Tavira,Oferecemos serviços de conserto de ar condicionado para residências e empresas em Tavira. A nossa equipe qualificada está pronta para garantir o funcionamento eficiente do seu sistema de climatização.,Tavira
conserto-de-ar-condicionado-residencial-tavira,Conserto de ar condicionado residencial em Tavira,"Oferecemos serviços de conserto para sistemas de ar condicionado residenciais, garantindo o seu conforto e bem-estar.",Tavira
assistencia-ar-condicionado-tavira,Assistência de ar condicionado em Tavira,"Oferecemos serviços de assistência técnica para ar condicionado, garantindo manutenção e reparação para residências e empresas.",Tavira
reparacao-de-ar-condicionado-tavira,Reparação de ar condicionado em Tavira,"Oferecemos serviços de reparação de ar condicionado de alta qualidade para residências e empresas em Tavira, com técnicos especializados prontos para resolver qualquer problema.",Tavira
conserto-de-ar-condicionado-split-tavira,Conserto de ar condicionado split em Tavira,Oferecemos serviços de conserto de ar condicionado split para assegurar o conforto da sua casa ou empresa em Tavira.,Tavira
conserto-de-ar-condicionado-perto-de-mim-tavira,Conserto de ar condicionado perto de mim em Tavira,Oferecemos serviços de conserto de ar condicionado para residências e empresas em Tavira.,Tavira
conserto-ar-condicionado-residencial-tavira,Conserto de ar condicionado residencial em Tavira,"Oferecemos serviços de reparação e manutenção para o seu ar condicionado residencial, garantindo o conforto da sua casa.",Tavira
conserto-ar-condicionado-split-tavira,Conserto de ar condicionado split em Tavira,Oferecemos serviços de conserto de ar condicionado split para residências e empresas em Tavira. Entre em contato para assistência rápida e eficiente.,Tavira
arrumar-ar-condicionado-tavira,Arranjo de ar condicionado em Tavira,Oferecemos serviços de reparação e manutenção de ar condicionado para sua casa ou empresa em Tavira.,Tavira
reparo-ar-condicionado-tavira,Reparo de ar condicionado em Tavira,"Oferecemos serviços de reparo de ar condicionado para residências e empresas em Tavira, garantindo o conforto e a eficiência do seu sistema de climatização.",Tavira
conserto-de-ar-condicionado-de-janela-tavira,Conserto de ar condicionado de janela em Tavira,"Oferecemos serviços profissionais de conserto de ar condicionado de janela para sua casa ou empresa, garantindo conforto e satisfação.",Tavira
ar-condicionado-reparacao-tavira,Reparação de ar condicionado em Tavira,"Oferecemos serviços de reparação rápida e eficaz para o seu ar condicionado, assegurando um ambiente fresco e confortável.",Tavira
conserto-ar-condicionado-janela-tavira,Conserto de ar condicionado de janela em Tavira,"Oferecemos serviços de conserto para ar condicionado de janela, garantindo um funcionamento eficiente e duradouro em sua casa ou empresa.",Tavira
arranjar-ar-condicionado-tavira,Reparação de ar condicionado em Tavira,"Se o seu ar condicionado não está a funcionar corretamente, nós oferecemos serviços de reparação rápidos e eficientes para garantir o seu conforto.",Tavira
conserto-de-ar-condicionado-portatil-tavira,Conserto de ar condicionado portátil em Tavira,Oferecemos serviços de conserto de ar condicionado portátil para residências e empresas em Tavira. Entre em contato conosco para uma avaliação rápida e eficaz.,Tavira
conserto-ar-condicionado-portatil-tavira,Conserto de ar condicionado portátil em Tavira,"Oferecemos serviços de conserto para ar condicionado portátil, garantindo conforto e eficiência na sua casa ou empresa.",Tavira
reparo-de-ar-condicionado-tavira,Reparo de ar condicionado em Tavira,"Oferecemos serviços de reparo de ar condicionado para residências e empresas em Tavira, garantindo o conforto que você precisa.",Tavira
conserto-de-placa-de-ar-condicionado-tavira,Conserto de placa de ar condicionado em Tavira,Oferecemos serviços de conserto de placas de ar condicionado para garantir o funcionamento eficiente do seu equipamento em sua casa ou empresa.,Tavira
assistencia-tecnica-ar-condicionado-split-tavira,Assistência técnica de ar condicionado split em Tavira,"Oferecemos serviços completos de assistência técnica para a instalação, reparação e manutenção de sistemas de ar condicionado split em Tavira. Entre em contato conosco para garantir o conforto da sua casa ou empresa.",Tavira
assistencia-tecnica-de-ar-condicionado-tavira,Assistência técnica de ar condicionado em Tavira,Oferecemos serviços de reparação e manutenção de sistemas de ar condicionado para residências e empresas.,Tavira
conserto-de-ar-condicionado-automotivo-perto-de-mim-tavira,Conserto de ar condicionado automotivo em Tavira,Oferecemos serviços de conserto de ar condicionado automotivo em Tavira para garantir que seu veículo esteja sempre confortável. Entre em contato conosco para mais informações.,Tavira
conserto-de-ar-condicionado-mais-proximo-tavira,Conserto de ar condicionado mais próximo em Tavira,"Oferecemos serviços de conserto de ar condicionado em Tavira para residências e empresas, garantindo um ambiente confortável em todos os momentos.",Tavira
reparacao-ar-condicionado-daikin-tavira,Reparação de ar condicionado Daikin em Tavira,"Oferecemos serviços de reparação de ar condicionado Daikin, garantindo o conforto e a eficiência do seu sistema. Entre em contacto connosco para mais informações.",Tavira
conserto-de-split-tavira,Conserto de ar condicionado split em Tavira,Oferecemos serviços de conserto de ar condicionado split para residências e empresas em Tavira. A nossa equipa está pronta para resolver o seu problema rapidamente.,Tavira
conserto-de-ar-tavira,Conserto de ar em Tavira,"Oferecemos serviços de conserto de ar condicionado para residências e empresas, garantindo conforto e eficiência.",Tavira
conserto-e-manutencao-de-ar-condicionado-tavira,Conserto e manutenção de ar condicionado em Tavira,"Oferecemos serviços de conserto e manutenção de ar condicionado para residências e empresas, garantindo o funcionamento adequado e eficiente do seu sistema de climatização.",Tavira
empresa-de-conserto-de-ar-condicionado-tavira,Empresa de conserto de ar condicionado em Tavira,"Oferecemos serviços de conserto e manutenção para todos os tipos de ar condicionado em Tavira, garantindo conforto e qualidade para sua casa ou empresa.",Tavira
assistencia-tecnica-de-ar-condicionado-portatil-tavira,Assistência técnica de ar condicionado portátil em Tavira,"Oferecemos serviços especializados de assistência técnica para ar condicionado portátil, garantindo o melhor funcionamento e manutenção do seu equipamento.",Tavira
assistencia-tecnica-para-ar-condicionado-tavira,Assistência técnica para ar condicionado em Tavira,"Oferecemos serviços de assistência técnica para ar condicionado, garantindo que o seu sistema funcione perfeitamente. Estamos disponíveis para reparações e manutenção, tanto para residências como para empresas.",Tavira
reparo-ar-condicionado-residencial-tavira,Reparo de ar condicionado residencial em Tavira,"Oferecemos serviços de reparo especializados em ar condicionado residencial, garantindo conforto e eficiência em sua casa.",Tavira
conserto-placa-ar-condicionado-tavira,Conserto de placa de ar condicionado em Tavira,Oferecemos serviços de conserto de placas de ar condicionado para garantir que seu sistema funcione perfeitamente.,Tavira
reparo-ar-condicionado-split-tavira,Reparo de ar condicionado split em Tavira,Realizamos reparos e manutenção em sistemas de ar condicionado split para garantir o seu conforto em casa ou no trabalho.,Tavira
conserto-split-tavira,Conserto de ar condicionado split em Tavira,"Oferecemos serviços de conserto profissional para ar condicionado split, garantindo o conforto da sua casa ou empresa em Tavira.",Tavira
conserto-de-ar-split-tavira,Conserto de ar condicionado split em Tavira,Oferecemos serviços de conserto e manutenção de ar condicionado split para residências e empresas em Tavira.,Tavira
assistencia-tecnica-ar-condicionado-daikin-tavira,Assistência técnica de ar condicionado Daikin em Tavira,"Oferecemos serviços de reparação e manutenção para sistemas de ar condicionado Daikin, garantindo conforto e eficiência em sua casa ou empresa.",Tavira
ar-condicionado-de-janela-conserto-tavira,Conserto de ar condicionado de janela em Tavira,"Oferecemos serviços de conserto para ar condicionado de janela em Tavira, garantindo que seu equipamento funcione de forma eficiente e eficaz.",Tavira
ar-condicionado-reparacao-tavira,Reparação de ar condicionado em Tavira,"Oferecemos serviços de reparação de ar condicionado para residências e empresas em Tavira, garantindo um funcionamento eficiente e confortável.",Tavira
ar-condicionado-split-conserto-tavira,Conserto de ar condicionado split em Tavira,"Oferecemos serviços de conserto profissionais para sistemas de ar condicionado split, garantindo conforto e eficiência na sua casa ou empresa em Tavira.",Tavira
assistencia-ar-condicionado-gree-tavira,Assistência de ar condicionado Gree em Tavira,"Oferecemos serviços de assistência técnica para sistemas de ar condicionado da marca Gree, garantindo que seu equipamento esteja sempre em perfeito funcionamento.",Tavira
assistencia-ar-condicionado-samsung-tavira,Assistência de ar condicionado Samsung em Tavira,"Oferecemos serviços de instalação, reparação e manutenção para sistemas de ar condicionado Samsung e de todas as principais marcas.",Tavira
assistencia-ar-condicionado-springer-tavira,Assistência de ar condicionado Springer em Tavira,"Oferecemos serviços de reparação e manutenção para ar condicionado Springer, garantindo o melhor desempenho do seu equipamento em Tavira.",Tavira
assistencia-de-ar-condicionado-samsung-tavira,Assistência de ar condicionado Samsung em Tavira,"Oferecemos serviços de assistência técnica especializada para o seu ar condicionado Samsung, assegurando um funcionamento eficiente e prolongado.",Tavira
assistencia-tecnica-ar-condicionado-24-horas-tavira,Assistência técnica de ar condicionado 24 horas em Tavira,"Oferecemos serviços de assistência técnica para todos os tipos de ar condicionado a qualquer hora, garantindo o conforto da sua casa ou empresa.",Tavira
assistencia-tecnica-ar-condicionado-springer-tavira,Assistência técnica de ar condicionado Springer em Tavira,"Oferecemos serviços completos de assistência técnica para ar condicionado Springer, garantindo que seu sistema funcione perfeitamente. Atendimento para residências e empresas.",Tavira
assistencia-tecnica-ar-portatil-tavira,Assistência técnica de ar portátil em Tavira,"Oferecemos serviços de reparação e manutenção para unidades de ar condicionado portátil, atendendo tanto a residências quanto a empresas.",Tavira
assistencia-tecnica-de-ar-condicionado-samsung-tavira,Assistência técnica de ar condicionado Samsung em Tavira,"Oferecemos serviços de assistência técnica especializada para o seu ar condicionado Samsung, garantindo que o seu aparelho funcione de forma eficiente e duradoura.",Tavira
consertar-o-ar-condicionado-tavira,Consertar o ar condicionado em Tavira,"Estamos aqui para ajudar com a reparação do seu ar condicionado, garantindo um ambiente fresco e confortável.",Tavira
consertar-placa-de-ar-condicionado-tavira,Consertar placa de ar condicionado em Tavira,Oferecemos serviços de reparação de placas de ar condicionado para garantir o funcionamento eficiente do seu equipamento.,Tavira
conserto-ar-tavira,Conserto de ar condicionado em Tavira,"Oferecemos serviços de conserto de ar condicionado para residências e empresas em Tavira, garantindo um ambiente confortável para todos.",Tavira
conserto-ar-condicionado-de-janela-tavira,Conserto de ar condicionado de janela em Tavira,Oferecemos serviços de conserto de ar condicionado de janela para residências e empresas em Tavira. A nossa equipe está pronta para ajudar com todos os tipos de reparações e manutenção.,Tavira
conserto-ar-condicionado-samsung-tavira,Conserto de ar condicionado Samsung em Tavira,Oferecemos serviços de reparação de ar condicionado Samsung com atenção especial para residências e empresas. Entre em contato para assistência rápida e eficaz.,Tavira
conserto-ar-condicionado-springer-tavira,Conserto de ar condicionado Springer em Tavira,Oferecemos serviços de conserto e manutenção de ar condicionado Springer para garantir o seu conforto em todas as estações.,Tavira
conserto-ar-portatil-tavira,Conserto de ar portátil em Tavira,Oferecemos serviços de conserto rápidos e eficientes para o seu ar condicionado portátil.,Tavira
conserto-compressor-ar-condicionado-tavira,Conserto de compressor de ar condicionado em Tavira,"Oferecemos serviços de conserto de compressors de ar condicionado para residências e empresas, garantindo o funcionamento eficaz do seu sistema.",Tavira
conserto-compressor-de-ar-condicionado-tavira,Conserto de compressor de ar condicionado em Tavira,Oferecemos serviços de conserto profissional de compressores de ar condicionado para garantir o funcionamento eficiente do seu sistema de climatização.,Tavira
conserto-de-ar-condicionado-24-horas-tavira,Conserto de ar condicionado 24 horas em Tavira,Oferecemos serviços de conserto de ar condicionado 24 horas para garantir o conforto da sua casa ou empresa.,Tavira
conserto-de-ar-condicionado-de-parede-tavira,Conserto de ar condicionado de parede em Tavira,Oferecemos serviços de conserto de ar condicionado de parede para garantir o seu conforto em casa ou no escritório.,Tavira
conserto-de-ar-condicionado-inverter-tavira,Conserto de ar condicionado inverter em Tavira,"Oferecemos serviços de conserto de ar condicionado inverter, garantindo o conforto da sua casa ou empresa.",Tavira
conserto-de-ar-condicionado-janela-tavira,Conserto de ar condicionado de janela em Tavira,Oferecemos serviços de conserto de ar condicionado de janela para residências e empresas em Tavira. Mantenha seu ambiente fresco e confortável.,Tavira
conserto-de-ar-condicionado-samsung-tavira,Conserto de ar condicionado Samsung em Tavira,Oferecemos serviços de conserto de ar condicionado Samsung para residências e empresas em Tavira. A nossa equipa especializada garante um atendimento rápido e eficiente.,Tavira
conserto-de-ar-condicionado-springer-tavira,Conserto de ar condicionado Springer em Tavira,Oferecemos serviços de conserto de ar condicionado Springer para garantir o conforto da sua casa ou empresa em Tavira.,Tavira
conserto-de-ar-refrigerado-tavira,Conserto de ar refrigerado em Tavira,Oferecemos serviços de conserto de ar refrigerado para residências e empresas em Tavira. Entre em contato conosco para garantir o funcionamento ideal do seu equipamento.,Tavira
conserto-de-central-de-ar-tavira,Conserto de central de ar em Tavira,"Oferecemos serviços de conserto de centrais de ar, garantindo eficiência e conforto em sua casa ou empresa.",Tavira
conserto-de-compressor-de-ar-condicionado-tavira,Conserto de compressor de ar condicionado em Tavira,"Oferecemos serviços de conserto para compressores de ar condicionado, garantindo o funcionamento eficiente do seu sistema em Tavira.",Tavira
conserto-de-compressor-de-ar-condicionado-split-tavira,Conserto de compressor de ar condicionado split em Tavira,"Oferecemos serviços de conserto de compressors para ar condicionado split, garantindo que seu sistema funcione de forma eficiente e confiável.",Tavira
conserto-de-condicionador-de-ar-tavira,Conserto de condicionador de ar em Tavira,"Oferecemos serviços de conserto para todos os tipos de condicionadores de ar, garantindo conforto em sua casa ou empresa.",Tavira
conserto-de-placa-ar-condicionado-tavira,Conserto de placa de ar condicionado em Tavira,Oferecemos serviços de conserto de placas de ar condicionado para garantir o funcionamento eficiente do seu equipamento.,Tavira
conserto-de-placa-de-ar-condicionado-split-tavira,Conserto de placa de ar condicionado split em Tavira,"Oferecemos serviços de reparação de placas de ar condicionado split, garantindo que seu equipamento funcione perfeitamente em qualquer ambiente.",Tavira
conserto-de-placa-eletronica-de-ar-condicionado-tavira,Conserto de placa eletrônica de ar condicionado em Tavira,"Realizamos consertos especializados de placas eletrônicas de ar condicionado, garantindo o funcionamento eficaz do seu sistema de climatização.",Tavira
conserto-do-ar-tavira,Conserto do ar em Tavira,Oferecemos serviços de reparação de ar condicionado para residências e empresas. Garantimos um atendimento rápido e eficaz para que você possa voltar a desfrutar do conforto em seu espaço.,Tavira
conserto-do-ar-condicionado-tavira,Conserto do ar condicionado em Tavira,"Oferecemos serviços de conserto de ar condicionado para residências e empresas, garantindo o funcionamento eficiente do seu equipamento.",Tavira
conserto-do-compressor-de-ar-condicionado-tavira,Conserto do compressor de ar condicionado em Tavira,"Oferecemos serviços de conserto e manutenção para todos os tipos de ar condicionado, garantindo o seu conforto e a eficiência do seu sistema.",Tavira
conserto-e-instalacao-de-ar-condicionado-tavira,Conserto e instalação de ar condicionado em Tavira,Oferecemos serviços de instalação e conserto de ar condicionado para residências e empresas em Tavira. A nossa equipe de profissionais está pronta para garantir o seu conforto com as melhores marcas do mercado.,Tavira
conserto-em-ar-condicionado-tavira,Conserto em ar condicionado em Tavira,"Oferecemos serviços de conserto de ar condicionado para residências e empresas em Tavira. A nossa equipa é especializada em reparar todos os tipos de unidades, garantindo um conforto adequado em qualquer ambiente.",Tavira
conserto-placa-split-tavira,Conserto de placa split em Tavira,"Oferecemos serviços de conserto de placas para sistemas de ar condicionado split, garantindo o funcionamento eficiente do seu equipamento.",Tavira
empresa-que-arruma-ar-condicionado-tavira,Empresa de ar condicionado em Tavira,Oferecemos serviços de reparação e manutenção de ar condicionado para residências e empresas em Tavira.,Tavira
empresa-que-conserta-ar-condicionado-tavira,Empresa de ar condicionado em Tavira,"Oferecemos serviços de reparação e manutenção de ar condicionado para clientes residenciais e comerciais. A nossa equipa é especializada em consertos de todas as principais marcas, como LG, Daikin e Samsung.",Tavira
empresas-que-consertam-ar-condicionado-tavira,Empresa de ar condicionado em Tavira,Oferecemos serviços de reparação e manutenção de ar condicionado para residências e empresas em Tavira.,Tavira
hitachi-assistencia-tecnica-ar-condicionado-tavira,Assistência técnica de ar condicionado Hitachi em Tavira,"Oferecemos serviços de reparação e manutenção de unidades Hitachi, garantindo conforto e eficiência para sua casa ou empresa.",Tavira
instalacao-e-conserto-de-ar-condicionado-tavira,Instalação e conserto de ar condicionado em Tavira,"Oferecemos serviços de instalação e reparação de ar condicionado, tanto para residências como para empresas, garantindo conforto e qualidade no seu espaço.",Tavira
manutencao-e-conserto-de-ar-condicionado-tavira,Manutenção e conserto de ar condicionado em Tavira,"Oferecemos serviços de manutenção e conserto de ar condicionado para residências e empresas, garantindo o seu conforto e a eficiência do sistema.",Tavira
reparo-de-ar-condicionado-split-tavira,Reparo de ar condicionado split em Tavira,Oferecemos serviços de reparo de ar condicionado split em Tavira. Contamos com técnicos especializados para garantir o funcionamento ideal do seu sistema de climatização.,Tavira
reparo-em-ar-condicionado-tavira,Reparo em ar condicionado em Tavira,"Oferecemos serviços de reparo para todos os tipos de ar condicionado, garantindo conforto e eficiência na sua casa ou empresa.",Tavira
samsung-assistencia-ar-condicionado-tavira,Assistência de ar condicionado Samsung em Tavira,"Oferecemos apoio especializado para todos os modelos de ar condicionado Samsung, garantindo reparações e manutenção de qualidade para sua casa ou empresa.",Tavira
reparacao-ar-condicionado-lagos,Reparação de ar condicionado em Lagos,Oferecemos serviços de reparação de ar condicionado para residências e empresas em Lagos. A nossa equipa é especializada em diagnósticos e consertos de todas as marcas.,Lagos
conserto-de-ar-condicionado-lagos,Conserto de ar condicionado em Lagos,Oferecemos serviços de conserto de ar condicionado para residências e empresas em Lagos. A nossa equipa é especializada em reparar todas as marcas e modelos.,Lagos
conserto-ar-condicionado-lagos,Conserto de ar condicionado em Lagos,"Oferecemos serviços de conserto de ar condicionado para residências e empresas, garantindo que o seu sistema funcione perfeitamente.",Lagos
assistencia-tecnica-ar-condicionado-lagos,Assistência técnica de ar condicionado em Lagos,"Oferecemos assistência técnica especializada em ar condicionado para residências e empresas, garantindo o conforto e a eficiência do seu sistema.",Lagos
ar-condicionado-conserto-lagos,Conserto de ar condicionado em Lagos,Oferecemos serviços de conserto de ar condicionado para residências e empresas em Lagos. A nossa equipe qualificada está pronta para garantir o funcionamento eficiente do seu sistema de climatização.,Lagos
conserto-de-ar-condicionado-residencial-lagos,Conserto de ar condicionado residencial em Lagos,"Oferecemos serviços de conserto para sistemas de ar condicionado residenciais, garantindo o seu conforto e bem-estar.",Lagos
assistencia-ar-condicionado-lagos,Assistência de ar condicionado em Lagos,"Oferecemos serviços de assistência técnica para ar condicionado, garantindo manutenção e reparação para residências e empresas.",Lagos
reparacao-de-ar-condicionado-lagos,Reparação de ar condicionado em Lagos,"Oferecemos serviços de reparação de ar condicionado de alta qualidade para residências e empresas em Lagos, com técnicos especializados prontos para resolver qualquer problema.",Lagos
conserto-de-ar-condicionado-split-lagos,Conserto de ar condicionado split em Lagos,Oferecemos serviços de conserto de ar condicionado split para assegurar o conforto da sua casa ou empresa em Lagos.,Lagos
conserto-de-ar-condicionado-perto-de-mim-lagos,Conserto de ar condicionado perto de mim em Lagos,Oferecemos serviços de conserto de ar condicionado para residências e empresas em Lagos.,Lagos
conserto-ar-condicionado-residencial-lagos,Conserto de ar condicionado residencial em Lagos,"Oferecemos serviços de reparação e manutenção para o seu ar condicionado residencial, garantindo o conforto da sua casa.",Lagos
conserto-ar-condicionado-split-lagos,Conserto de ar condicionado split em Lagos,Oferecemos serviços de conserto de ar condicionado split para residências e empresas em Lagos. Entre em contato para assistência rápida e eficiente.,Lagos
arrumar-ar-condicionado-lagos,Arranjo de ar condicionado em Lagos,Oferecemos serviços de reparação e manutenção de ar condicionado para sua casa ou empresa em Lagos.,Lagos
reparo-ar-condicionado-lagos,Reparo de ar condicionado em Lagos,"Oferecemos serviços de reparo de ar condicionado para residências e empresas em Lagos, garantindo o conforto e a eficiência do seu sistema de climatização.",Lagos
conserto-de-ar-condicionado-de-janela-lagos,Conserto de ar condicionado de janela em Lagos,"Oferecemos serviços profissionais de conserto de ar condicionado de janela para sua casa ou empresa, garantindo conforto e satisfação.",Lagos
ar-condicionado-reparacao-lagos,Reparação de ar condicionado em Lagos,"Oferecemos serviços de reparação rápida e eficaz para o seu ar condicionado, assegurando um ambiente fresco e confortável.",Lagos
conserto-ar-condicionado-janela-lagos,Conserto de ar condicionado de janela em Lagos,"Oferecemos serviços de conserto para ar condicionado de janela, garantindo um funcionamento eficiente e duradouro em sua casa ou empresa.",Lagos
arranjar-ar-condicionado-lagos,Reparação de ar condicionado em Lagos,"Se o seu ar condicionado não está a funcionar corretamente, nós oferecemos serviços de reparação rápidos e eficientes para garantir o seu conforto.",Lagos
conserto-de-ar-condicionado-portatil-lagos,Conserto de ar condicionado portátil em Lagos,Oferecemos serviços de conserto de ar condicionado portátil para residências e empresas em Lagos. Entre em contato conosco para uma avaliação rápida e eficaz.,Lagos
conserto-ar-condicionado-portatil-lagos,Conserto de ar condicionado portátil em Lagos,"Oferecemos serviços de conserto para ar condicionado portátil, garantindo conforto e eficiência na sua casa ou empresa.",Lagos
reparo-de-ar-condicionado-lagos,Reparo de ar condicionado em Lagos,"Oferecemos serviços de reparo de ar condicionado para residências e empresas em Lagos, garantindo o conforto que você precisa.",Lagos
conserto-de-placa-de-ar-condicionado-lagos,Conserto de placa de ar condicionado em Lagos,Oferecemos serviços de conserto de placas de ar condicionado para garantir o funcionamento eficiente do seu equipamento em sua casa ou empresa.,Lagos
assistencia-tecnica-ar-condicionado-split-lagos,Assistência técnica de ar condicionado split em Lagos,"Oferecemos serviços completos de assistência técnica para a instalação, reparação e manutenção de sistemas de ar condicionado split em Lagos. Entre em contato conosco para garantir o conforto da sua casa ou empresa.",Lagos
assistencia-tecnica-de-ar-condicionado-lagos,Assistência técnica de ar condicionado em Lagos,Oferecemos serviços de reparação e manutenção de sistemas de ar condicionado para residências e empresas.,Lagos
conserto-de-ar-condicionado-automotivo-perto-de-mim-lagos,Conserto de ar condicionado automotivo em Lagos,Oferecemos serviços de conserto de ar condicionado automotivo em Lagos para garantir que seu veículo esteja sempre confortável. Entre em contato conosco para mais informações.,Lagos
conserto-de-ar-condicionado-mais-proximo-lagos,Conserto de ar condicionado mais próximo em Lagos,"Oferecemos serviços de conserto de ar condicionado em Lagos para residências e empresas, garantindo um ambiente confortável em todos os momentos.",Lagos
reparacao-ar-condicionado-daikin-lagos,Reparação de ar condicionado Daikin em Lagos,"Oferecemos serviços de reparação de ar condicionado Daikin, garantindo o conforto e a eficiência do seu sistema. Entre em contacto connosco para mais informações.",Lagos
conserto-de-split-lagos,Conserto de ar condicionado split em Lagos,Oferecemos serviços de conserto de ar condicionado split para residências e empresas em Lagos. A nossa equipa está pronta para resolver o seu problema rapidamente.,Lagos
conserto-de-ar-lagos,Conserto de ar em Lagos,"Oferecemos serviços de conserto de ar condicionado para residências e empresas, garantindo conforto e eficiência.",Lagos
conserto-e-manutencao-de-ar-condicionado-lagos,Conserto e manutenção de ar condicionado em Lagos,"Oferecemos serviços de conserto e manutenção de ar condicionado para residências e empresas, garantindo o funcionamento adequado e eficiente do seu sistema de climatização.",Lagos
empresa-de-conserto-de-ar-condicionado-lagos,Empresa de conserto de ar condicionado em Lagos,"Oferecemos serviços de conserto e manutenção para todos os tipos de ar condicionado em Lagos, garantindo conforto e qualidade para sua casa ou empresa.",Lagos
assistencia-tecnica-de-ar-condicionado-portatil-lagos,Assistência técnica de ar condicionado portátil em Lagos,"Oferecemos serviços especializados de assistência técnica para ar condicionado portátil, garantindo o melhor funcionamento e manutenção do seu equipamento.",Lagos
assistencia-tecnica-para-ar-condicionado-lagos,Assistência técnica para ar condicionado em Lagos,"Oferecemos serviços de assistência técnica para ar condicionado, garantindo que o seu sistema funcione perfeitamente. Estamos disponíveis para reparações e manutenção, tanto para residências como para empresas.",Lagos
reparo-ar-condicionado-residencial-lagos,Reparo de ar condicionado residencial em Lagos,"Oferecemos serviços de reparo especializados em ar condicionado residencial, garantindo conforto e eficiência em sua casa.",Lagos
conserto-placa-ar-condicionado-lagos,Conserto de placa de ar condicionado em Lagos,Oferecemos serviços de conserto de placas de ar condicionado para garantir que seu sistema funcione perfeitamente.,Lagos
reparo-ar-condicionado-split-lagos,Reparo de ar condicionado split em Lagos,Realizamos reparos e manutenção em sistemas de ar condicionado split para garantir o seu conforto em casa ou no trabalho.,Lagos
conserto-split-lagos,Conserto de ar condicionado split em Lagos,"Oferecemos serviços de conserto profissional para ar condicionado split, garantindo o conforto da sua casa ou empresa em Lagos.",Lagos
conserto-de-ar-split-lagos,Conserto de ar condicionado split em Lagos,Oferecemos serviços de conserto e manutenção de ar condicionado split para residências e empresas em Lagos.,Lagos
assistencia-tecnica-ar-condicionado-daikin-lagos,Assistência técnica de ar condicionado Daikin em Lagos,"Oferecemos serviços de reparação e manutenção para sistemas de ar condicionado Daikin, garantindo conforto e eficiência em sua casa ou empresa.",Lagos
ar-condicionado-de-janela-conserto-lagos,Conserto de ar condicionado de janela em Lagos,"Oferecemos serviços de conserto para ar condicionado de janela em Lagos, garantindo que seu equipamento funcione de forma eficiente e eficaz.",Lagos
ar-condicionado-reparacao-lagos,Reparação de ar condicionado em Lagos,"Oferecemos serviços de reparação de ar condicionado para residências e empresas em Lagos, garantindo um funcionamento eficiente e confortável.",Lagos
ar-condicionado-split-conserto-lagos,Conserto de ar condicionado split em Lagos,"Oferecemos serviços de conserto profissionais para sistemas de ar condicionado split, garantindo conforto e eficiência na sua casa ou empresa em Lagos.",Lagos
assistencia-ar-condicionado-gree-lagos,Assistência de ar condicionado Gree em Lagos,"Oferecemos serviços de assistência técnica para sistemas de ar condicionado da marca Gree, garantindo que seu equipamento esteja sempre em perfeito funcionamento.",Lagos
assistencia-ar-condicionado-samsung-lagos,Assistência de ar condicionado Samsung em Lagos,"Oferecemos serviços de instalação, reparação e manutenção para sistemas de ar condicionado Samsung e de todas as principais marcas.",Lagos
assistencia-ar-condicionado-springer-lagos,Assistência de ar condicionado Springer em Lagos,"Oferecemos serviços de reparação e manutenção para ar condicionado Springer, garantindo o melhor desempenho do seu equipamento em Lagos.",Lagos
assistencia-de-ar-condicionado-samsung-lagos,Assistência de ar condicionado Samsung em Lagos,"Oferecemos serviços de assistência técnica especializada para o seu ar condicionado Samsung, assegurando um funcionamento eficiente e prolongado.",Lagos
assistencia-tecnica-ar-condicionado-24-horas-lagos,Assistência técnica de ar condicionado 24 horas em Lagos,"Oferecemos serviços de assistência técnica para todos os tipos de ar condicionado a qualquer hora, garantindo o conforto da sua casa ou empresa.",Lagos
assistencia-tecnica-ar-condicionado-springer-lagos,Assistência técnica de ar condicionado Springer em Lagos,"Oferecemos serviços completos de assistência técnica para ar condicionado Springer, garantindo que seu sistema funcione perfeitamente. Atendimento para residências e empresas.",Lagos
assistencia-tecnica-ar-portatil-lagos,Assistência técnica de ar portátil em Lagos,"Oferecemos serviços de reparação e manutenção para unidades de ar condicionado portátil, atendendo tanto a residências quanto a empresas.",Lagos
assistencia-tecnica-de-ar-condicionado-samsung-lagos,Assistência técnica de ar condicionado Samsung em Lagos,"Oferecemos serviços de assistência técnica especializada para o seu ar condicionado Samsung, garantindo que o seu aparelho funcione de forma eficiente e duradoura.",Lagos
consertar-o-ar-condicionado-lagos,Consertar o ar condicionado em Lagos,"Estamos aqui para ajudar com a reparação do seu ar condicionado, garantindo um ambiente fresco e confortável.",Lagos
consertar-placa-de-ar-condicionado-lagos,Consertar placa de ar condicionado em Lagos,Oferecemos serviços de reparação de placas de ar condicionado para garantir o funcionamento eficiente do seu equipamento.,Lagos
conserto-ar-lagos,Conserto de ar condicionado em Lagos,"Oferecemos serviços de conserto de ar condicionado para residências e empresas em Lagos, garantindo um ambiente confortável para todos.",Lagos
conserto-ar-condicionado-de-janela-lagos,Conserto de ar condicionado de janela em Lagos,Oferecemos serviços de conserto de ar condicionado de janela para residências e empresas em Lagos. A nossa equipe está pronta para ajudar com todos os tipos de reparações e manutenção.,Lagos
conserto-ar-condicionado-samsung-lagos,Conserto de ar condicionado Samsung em Lagos,Oferecemos serviços de reparação de ar condicionado Samsung com atenção especial para residências e empresas. Entre em contato para assistência rápida e eficaz.,Lagos
conserto-ar-condicionado-springer-lagos,Conserto de ar condicionado Springer em Lagos,Oferecemos serviços de conserto e manutenção de ar condicionado Springer para garantir o seu conforto em todas as estações.,Lagos
conserto-ar-portatil-lagos,Conserto de ar portátil em Lagos,Oferecemos serviços de conserto rápidos e eficientes para o seu ar condicionado portátil.,Lagos
conserto-compressor-ar-condicionado-lagos,Conserto de compressor de ar condicionado em Lagos,"Oferecemos serviços de conserto de compressors de ar condicionado para residências e empresas, garantindo o funcionamento eficaz do seu sistema.",Lagos
conserto-compressor-de-ar-condicionado-lagos,Conserto de compressor de ar condicionado em Lagos,Oferecemos serviços de conserto profissional de compressores de ar condicionado para garantir o funcionamento eficiente do seu sistema de climatização.,Lagos
conserto-de-ar-condicionado-24-horas-lagos,Conserto de ar condicionado 24 horas em Lagos,Oferecemos serviços de conserto de ar condicionado 24 horas para garantir o conforto da sua casa ou empresa.,Lagos
conserto-de-ar-condicionado-de-parede-lagos,Conserto de ar condicionado de parede em Lagos,Oferecemos serviços de conserto de ar condicionado de parede para garantir o seu conforto em casa ou no escritório.,Lagos
conserto-de-ar-condicionado-inverter-lagos,Conserto de ar condicionado inverter em Lagos,"Oferecemos serviços de conserto de ar condicionado inverter, garantindo o conforto da sua casa ou empresa.",Lagos
conserto-de-ar-condicionado-janela-lagos,Conserto de ar condicionado de janela em Lagos,Oferecemos serviços de conserto de ar condicionado de janela para residências e empresas em Lagos. Mantenha seu ambiente fresco e confortável.,Lagos
conserto-de-ar-condicionado-samsung-lagos,Conserto de ar condicionado Samsung em Lagos,Oferecemos serviços de conserto de ar condicionado Samsung para residências e empresas em Lagos. A nossa equipa especializada garante um atendimento rápido e eficiente.,Lagos
conserto-de-ar-condicionado-springer-lagos,Conserto de ar condicionado Springer em Lagos,Oferecemos serviços de conserto de ar condicionado Springer para garantir o conforto da sua casa ou empresa em Lagos.,Lagos
conserto-de-ar-refrigerado-lagos,Conserto de ar refrigerado em Lagos,Oferecemos serviços de conserto de ar refrigerado para residências e empresas em Lagos. Entre em contato conosco para garantir o funcionamento ideal do seu equipamento.,Lagos
conserto-de-central-de-ar-lagos,Conserto de central de ar em Lagos,"Oferecemos serviços de conserto de centrais de ar, garantindo eficiência e conforto em sua casa ou empresa.",Lagos
conserto-de-compressor-de-ar-condicionado-lagos,Conserto de compressor de ar condicionado em Lagos,"Oferecemos serviços de conserto para compressores de ar condicionado, garantindo o funcionamento eficiente do seu sistema em Lagos.",Lagos
conserto-de-compressor-de-ar-condicionado-split-lagos,Conserto de compressor de ar condicionado split em Lagos,"Oferecemos serviços de conserto de compressors para ar condicionado split, garantindo que seu sistema funcione de forma eficiente e confiável.",Lagos
conserto-de-condicionador-de-ar-lagos,Conserto de condicionador de ar em Lagos,"Oferecemos serviços de conserto para todos os tipos de condicionadores de ar, garantindo conforto em sua casa ou empresa.",Lagos
conserto-de-placa-ar-condicionado-lagos,Conserto de placa de ar condicionado em Lagos,Oferecemos serviços de conserto de placas de ar condicionado para garantir o funcionamento eficiente do seu equipamento.,Lagos
conserto-de-placa-de-ar-condicionado-split-lagos,Conserto de placa de ar condicionado split em Lagos,"Oferecemos serviços de reparação de placas de ar condicionado split, garantindo que seu equipamento funcione perfeitamente em qualquer ambiente.",Lagos
conserto-de-placa-eletronica-de-ar-condicionado-lagos,Conserto de placa eletrônica de ar condicionado em Lagos,"Realizamos consertos especializados de placas eletrônicas de ar condicionado, garantindo o funcionamento eficaz do seu sistema de climatização.",Lagos
conserto-do-ar-lagos,Conserto do ar em Lagos,Oferecemos serviços de reparação de ar condicionado para residências e empresas. Garantimos um atendimento rápido e eficaz para que você possa voltar a desfrutar do conforto em seu espaço.,Lagos
conserto-do-ar-condicionado-lagos,Conserto do ar condicionado em Lagos,"Oferecemos serviços de conserto de ar condicionado para residências e empresas, garantindo o funcionamento eficiente do seu equipamento.",Lagos
conserto-do-compressor-de-ar-condicionado-lagos,Conserto do compressor de ar condicionado em Lagos,"Oferecemos serviços de conserto e manutenção para todos os tipos de ar condicionado, garantindo o seu conforto e a eficiência do seu sistema.",Lagos
conserto-e-instalacao-de-ar-condicionado-lagos,Conserto e instalação de ar condicionado em Lagos,Oferecemos serviços de instalação e conserto de ar condicionado para residências e empresas em Lagos. A nossa equipe de profissionais está pronta para garantir o seu conforto com as melhores marcas do mercado.,Lagos
conserto-em-ar-condicionado-lagos,Conserto em ar condicionado em Lagos,"Oferecemos serviços de conserto de ar condicionado para residências e empresas em Lagos. A nossa equipa é especializada em reparar todos os tipos de unidades, garantindo um conforto adequado em qualquer ambiente.",Lagos
conserto-placa-split-lagos,Conserto de placa split em Lagos,"Oferecemos serviços de conserto de placas para sistemas de ar condicionado split, garantindo o funcionamento eficiente do seu equipamento.",Lagos
empresa-que-arruma-ar-condicionado-lagos,Empresa de ar condicionado em Lagos,Oferecemos serviços de reparação e manutenção de ar condicionado para residências e empresas em Lagos.,Lagos
empresa-que-conserta-ar-condicionado-lagos,Empresa de ar condicionado em Lagos,"Oferecemos serviços de reparação e manutenção de ar condicionado para clientes residenciais e comerciais. A nossa equipa é especializada em consertos de todas as principais marcas, como LG, Daikin e Samsung.",Lagos
empresas-que-consertam-ar-condicionado-lagos,Empresa de ar condicionado em Lagos,Oferecemos serviços de reparação e manutenção de ar condicionado para residências e empresas em Lagos.,Lagos
hitachi-assistencia-tecnica-ar-condicionado-lagos,Assistência técnica de ar condicionado Hitachi em Lagos,"Oferecemos serviços de reparação e manutenção de unidades Hitachi, garantindo conforto e eficiência para sua casa ou empresa.",Lagos
instalacao-e-conserto-de-ar-condicionado-lagos,Instalação e conserto de ar condicionado em Lagos,"Oferecemos serviços de instalação e reparação de ar condicionado, tanto para residências como para empresas, garantindo conforto e qualidade no seu espaço.",Lagos
manutencao-e-conserto-de-ar-condicionado-lagos,Manutenção e conserto de ar condicionado em Lagos,"Oferecemos serviços de manutenção e conserto de ar condicionado para residências e empresas, garantindo o seu conforto e a eficiência do sistema.",Lagos
reparo-de-ar-condicionado-split-lagos,Reparo de ar condicionado split em Lagos,Oferecemos serviços de reparo de ar condicionado split em Lagos. Contamos com técnicos especializados para garantir o funcionamento ideal do seu sistema de climatização.,Lagos
reparo-em-ar-condicionado-lagos,Reparo em ar condicionado em Lagos,"Oferecemos serviços de reparo para todos os tipos de ar condicionado, garantindo conforto e eficiência na sua casa ou empresa.",Lagos
samsung-assistencia-ar-condicionado-lagos,Assistência de ar condicionado Samsung em Lagos,"Oferecemos apoio especializado para todos os modelos de ar condicionado Samsung, garantindo reparações e manutenção de qualidade para sua casa ou empresa.",Lagos
reparacao-ar-condicionado-loule,Reparação de ar condicionado em Loulé,Oferecemos serviços de reparação de ar condicionado para residências e empresas em Loulé. A nossa equipa é especializada em diagnósticos e consertos de todas as marcas.,Loule
conserto-de-ar-condicionado-loule,Conserto de ar condicionado em Loulé,Oferecemos serviços de conserto de ar condicionado para residências e empresas em Loulé. A nossa equipa é especializada em reparar todas as marcas e modelos.,Loule
conserto-ar-condicionado-loule,Conserto de ar condicionado em Loulé,"Oferecemos serviços de conserto de ar condicionado para residências e empresas, garantindo que o seu sistema funcione perfeitamente.",Loule
assistencia-tecnica-ar-condicionado-loule,Assistência técnica de ar condicionado em Loulé,"Oferecemos assistência técnica especializada em ar condicionado para residências e empresas, garantindo o conforto e a eficiência do seu sistema.",Loule
ar-condicionado-conserto-loule,Conserto de ar condicionado em Loulé,Oferecemos serviços de conserto de ar condicionado para residências e empresas em Loulé. A nossa equipe qualificada está pronta para garantir o funcionamento eficiente do seu sistema de climatização.,Loule
conserto-de-ar-condicionado-residencial-loule,Conserto de ar condicionado residencial em Loulé,"Oferecemos serviços de conserto para sistemas de ar condicionado residenciais, garantindo o seu conforto e bem-estar.",Loule
assistencia-ar-condicionado-loule,Assistência de ar condicionado em Loulé,"Oferecemos serviços de assistência técnica para ar condicionado, garantindo manutenção e reparação para residências e empresas.",Loule
reparacao-de-ar-condicionado-loule,Reparação de ar condicionado em Loulé,"Oferecemos serviços de reparação de ar condicionado de alta qualidade para residências e empresas em Loulé, com técnicos especializados prontos para resolver qualquer problema.",Loule
conserto-de-ar-condicionado-split-loule,Conserto de ar condicionado split em Loulé,Oferecemos serviços de conserto de ar condicionado split para assegurar o conforto da sua casa ou empresa em Loulé.,Loule
conserto-de-ar-condicionado-perto-de-mim-loule,Conserto de ar condicionado perto de mim em Loulé,Oferecemos serviços de conserto de ar condicionado para residências e empresas em Loulé.,Loule
conserto-ar-condicionado-residencial-loule,Conserto de ar condicionado residencial em Loulé,"Oferecemos serviços de reparação e manutenção para o seu ar condicionado residencial, garantindo o conforto da sua casa.",Loule
conserto-ar-condicionado-split-loule,Conserto de ar condicionado split em Loulé,Oferecemos serviços de conserto de ar condicionado split para residências e empresas em Loulé. Entre em contato para assistência rápida e eficiente.,Loule
arrumar-ar-condicionado-loule,Arranjo de ar condicionado em Loulé,Oferecemos serviços de reparação e manutenção de ar condicionado para sua casa ou empresa em Loulé.,Loule
reparo-ar-condicionado-loule,Reparo de ar condicionado em Loulé,"Oferecemos serviços de reparo de ar condicionado para residências e empresas em Loulé, garantindo o conforto e a eficiência do seu sistema de climatização.",Loule
conserto-de-ar-condicionado-de-janela-loule,Conserto de ar condicionado de janela em Loulé,"Oferecemos serviços profissionais de conserto de ar condicionado de janela para sua casa ou empresa, garantindo conforto e satisfação.",Loule
ar-condicionado-reparacao-loule,Reparação de ar condicionado em Loulé,"Oferecemos serviços de reparação rápida e eficaz para o seu ar condicionado, assegurando um ambiente fresco e confortável.",Loule
conserto-ar-condicionado-janela-loule,Conserto de ar condicionado de janela em Loulé,"Oferecemos serviços de conserto para ar condicionado de janela, garantindo um funcionamento eficiente e duradouro em sua casa ou empresa.",Loule
arranjar-ar-condicionado-loule,Reparação de ar condicionado em Loulé,"Se o seu ar condicionado não está a funcionar corretamente, nós oferecemos serviços de reparação rápidos e eficientes para garantir o seu conforto.",Loule
conserto-de-ar-condicionado-portatil-loule,Conserto de ar condicionado portátil em Loulé,Oferecemos serviços de conserto de ar condicionado portátil para residências e empresas em Loulé. Entre em contato conosco para uma avaliação rápida e eficaz.,Loule
conserto-ar-condicionado-portatil-loule,Conserto de ar condicionado portátil em Loulé,"Oferecemos serviços de conserto para ar condicionado portátil, garantindo conforto e eficiência na sua casa ou empresa.",Loule
reparo-de-ar-condicionado-loule,Reparo de ar condicionado em Loulé,"Oferecemos serviços de reparo de ar condicionado para residências e empresas em Loulé, garantindo o conforto que você precisa.",Loule
conserto-de-placa-de-ar-condicionado-loule,Conserto de placa de ar condicionado em Loulé,Oferecemos serviços de conserto de placas de ar condicionado para garantir o funcionamento eficiente do seu equipamento em sua casa ou empresa.,Loule
assistencia-tecnica-ar-condicionado-split-loule,Assistência técnica de ar condicionado split em Loulé,"Oferecemos serviços completos de assistência técnica para a instalação, reparação e manutenção de sistemas de ar condicionado split em Loulé. Entre em contato conosco para garantir o conforto da sua casa ou empresa.",Loule
assistencia-tecnica-de-ar-condicionado-loule,Assistência técnica de ar condicionado em Loulé,Oferecemos serviços de reparação e manutenção de sistemas de ar condicionado para residências e empresas.,Loule
conserto-de-ar-condicionado-automotivo-perto-de-mim-loule,Conserto de ar condicionado automotivo em Loulé,Oferecemos serviços de conserto de ar condicionado automotivo em Loulé para garantir que seu veículo esteja sempre confortável. Entre em contato conosco para mais informações.,Loule
conserto-de-ar-condicionado-mais-proximo-loule,Conserto de ar condicionado mais próximo em Loulé,"Oferecemos serviços de conserto de ar condicionado em Loulé para residências e empresas, garantindo um ambiente confortável em todos os momentos.",Loule
reparacao-ar-condicionado-daikin-loule,Reparação de ar condicionado Daikin em Loulé,"Oferecemos serviços de reparação de ar condicionado Daikin, garantindo o conforto e a eficiência do seu sistema. Entre em contacto connosco para mais informações.",Loule
conserto-de-split-loule,Conserto de ar condicionado split em Loulé,Oferecemos serviços de conserto de ar condicionado split para residências e empresas em Loulé. A nossa equipa está pronta para resolver o seu problema rapidamente.,Loule
conserto-de-ar-loule,Conserto de ar em Loulé,"Oferecemos serviços de conserto de ar condicionado para residências e empresas, garantindo conforto e eficiência.",Loule
conserto-e-manutencao-de-ar-condicionado-loule,Conserto e manutenção de ar condicionado em Loulé,"Oferecemos serviços de conserto e manutenção de ar condicionado para residências e empresas, garantindo o funcionamento adequado e eficiente do seu sistema de climatização.",Loule
empresa-de-conserto-de-ar-condicionado-loule,Empresa de conserto de ar condicionado em Loulé,"Oferecemos serviços de conserto e manutenção para todos os tipos de ar condicionado em Loulé, garantindo conforto e qualidade para sua casa ou empresa.",Loule
assistencia-tecnica-de-ar-condicionado-portatil-loule,Assistência técnica de ar condicionado portátil em Loulé,"Oferecemos serviços especializados de assistência técnica para ar condicionado portátil, garantindo o melhor funcionamento e manutenção do seu equipamento.",Loule
assistencia-tecnica-para-ar-condicionado-loule,Assistência técnica para ar condicionado em Loulé,"Oferecemos serviços de assistência técnica para ar condicionado, garantindo que o seu sistema funcione perfeitamente. Estamos disponíveis para reparações e manutenção, tanto para residências como para empresas.",Loule
reparo-ar-condicionado-residencial-loule,Reparo de ar condicionado residencial em Loulé,"Oferecemos serviços de reparo especializados em ar condicionado residencial, garantindo conforto e eficiência em sua casa.",Loule
conserto-placa-ar-condicionado-loule,Conserto de placa de ar condicionado em Loulé,Oferecemos serviços de conserto de placas de ar condicionado para garantir que seu sistema funcione perfeitamente.,Loule
reparo-ar-condicionado-split-loule,Reparo de ar condicionado split em Loulé,Realizamos reparos e manutenção em sistemas de ar condicionado split para garantir o seu conforto em casa ou no trabalho.,Loule
conserto-split-loule,Conserto de ar condicionado split em Loulé,"Oferecemos serviços de conserto profissional para ar condicionado split, garantindo o conforto da sua casa ou empresa em Loulé.",Loule
conserto-de-ar-split-loule,Conserto de ar condicionado split em Loulé,Oferecemos serviços de conserto e manutenção de ar condicionado split para residências e empresas em Loulé.,Loule
assistencia-tecnica-ar-condicionado-daikin-loule,Assistência técnica de ar condicionado Daikin em Loulé,"Oferecemos serviços de reparação e manutenção para sistemas de ar condicionado Daikin, garantindo conforto e eficiência em sua casa ou empresa.",Loule
ar-condicionado-de-janela-conserto-loule,Conserto de ar condicionado de janela em Loulé,"Oferecemos serviços de conserto para ar condicionado de janela em Loulé, garantindo que seu equipamento funcione de forma eficiente e eficaz.",Loule
ar-condicionado-reparacao-loule,Reparação de ar condicionado em Loulé,"Oferecemos serviços de reparação de ar condicionado para residências e empresas em Loulé, garantindo um funcionamento eficiente e confortável.",Loule
ar-condicionado-split-conserto-loule,Conserto de ar condicionado split em Loulé,"Oferecemos serviços de conserto profissionais para sistemas de ar condicionado split, garantindo conforto e eficiência na sua casa ou empresa em Loulé.",Loule
assistencia-ar-condicionado-gree-loule,Assistência de ar condicionado Gree em Loulé,"Oferecemos serviços de assistência técnica para sistemas de ar condicionado da marca Gree, garantindo que seu equipamento esteja sempre em perfeito funcionamento.",Loule
assistencia-ar-condicionado-samsung-loule,Assistência de ar condicionado Samsung em Loulé,"Oferecemos serviços de instalação, reparação e manutenção para sistemas de ar condicionado Samsung e de todas as principais marcas.",Loule
assistencia-ar-condicionado-springer-loule,Assistência de ar condicionado Springer em Loulé,"Oferecemos serviços de reparação e manutenção para ar condicionado Springer, garantindo o melhor desempenho do seu equipamento em Loulé.",Loule
assistencia-de-ar-condicionado-samsung-loule,Assistência de ar condicionado Samsung em Loulé,"Oferecemos serviços de assistência técnica especializada para o seu ar condicionado Samsung, assegurando um funcionamento eficiente e prolongado.",Loule
assistencia-tecnica-ar-condicionado-24-horas-loule,Assistência técnica de ar condicionado 24 horas em Loulé,"Oferecemos serviços de assistência técnica para todos os tipos de ar condicionado a qualquer hora, garantindo o conforto da sua casa ou empresa.",Loule
assistencia-tecnica-ar-condicionado-springer-loule,Assistência técnica de ar condicionado Springer em Loulé,"Oferecemos serviços completos de assistência técnica para ar condicionado Springer, garantindo que seu sistema funcione perfeitamente. Atendimento para residências e empresas.",Loule
assistencia-tecnica-ar-portatil-loule,Assistência técnica de ar portátil em Loulé,"Oferecemos serviços de reparação e manutenção para unidades de ar condicionado portátil, atendendo tanto a residências quanto a empresas.",Loule
assistencia-tecnica-de-ar-condicionado-samsung-loule,Assistência técnica de ar condicionado Samsung em Loulé,"Oferecemos serviços de assistência técnica especializada para o seu ar condicionado Samsung, garantindo que o seu aparelho funcione de forma eficiente e duradoura.",Loule
consertar-o-ar-condicionado-loule,Consertar o ar condicionado em Loulé,"Estamos aqui para ajudar com a reparação do seu ar condicionado, garantindo um ambiente fresco e confortável.",Loule
consertar-placa-de-ar-condicionado-loule,Consertar placa de ar condicionado em Loulé,Oferecemos serviços de reparação de placas de ar condicionado para garantir o funcionamento eficiente do seu equipamento.,Loule
conserto-ar-loule,Conserto de ar condicionado em Loulé,"Oferecemos serviços de conserto de ar condicionado para residências e empresas em Loulé, garantindo um ambiente confortável para todos.",Loule
conserto-ar-condicionado-de-janela-loule,Conserto de ar condicionado de janela em Loulé,Oferecemos serviços de conserto de ar condicionado de janela para residências e empresas em Loulé. A nossa equipe está pronta para ajudar com todos os tipos de reparações e manutenção.,Loule
conserto-ar-condicionado-samsung-loule,Conserto de ar condicionado Samsung em Loulé,Oferecemos serviços de reparação de ar condicionado Samsung com atenção especial para residências e empresas. Entre em contato para assistência rápida e eficaz.,Loule
conserto-ar-condicionado-springer-loule,Conserto de ar condicionado Springer em Loulé,Oferecemos serviços de conserto e manutenção de ar condicionado Springer para garantir o seu conforto em todas as estações.,Loule
conserto-ar-portatil-loule,Conserto de ar portátil em Loulé,Oferecemos serviços de conserto rápidos e eficientes para o seu ar condicionado portátil.,Loule
conserto-compressor-ar-condicionado-loule,Conserto de compressor de ar condicionado em Loulé,"Oferecemos serviços de conserto de compressors de ar condicionado para residências e empresas, garantindo o funcionamento eficaz do seu sistema.",Loule
conserto-compressor-de-ar-condicionado-loule,Conserto de compressor de ar condicionado em Loulé,Oferecemos serviços de conserto profissional de compressores de ar condicionado para garantir o funcionamento eficiente do seu sistema de climatização.,Loule
conserto-de-ar-condicionado-24-horas-loule,Conserto de ar condicionado 24 horas em Loulé,Oferecemos serviços de conserto de ar condicionado 24 horas para garantir o conforto da sua casa ou empresa.,Loule
conserto-de-ar-condicionado-de-parede-loule,Conserto de ar condicionado de parede em Loulé,Oferecemos serviços de conserto de ar condicionado de parede para garantir o seu conforto em casa ou no escritório.,Loule
conserto-de-ar-condicionado-inverter-loule,Conserto de ar condicionado inverter em Loulé,"Oferecemos serviços de conserto de ar condicionado inverter, garantindo o conforto da sua casa ou empresa.",Loule
conserto-de-ar-condicionado-janela-loule,Conserto de ar condicionado de janela em Loulé,Oferecemos serviços de conserto de ar condicionado de janela para residências e empresas em Loulé. Mantenha seu ambiente fresco e confortável.,Loule
conserto-de-ar-condicionado-samsung-loule,Conserto de ar condicionado Samsung em Loulé,Oferecemos serviços de conserto de ar condicionado Samsung para residências e empresas em Loulé. A nossa equipa especializada garante um atendimento rápido e eficiente.,Loule
conserto-de-ar-condicionado-springer-loule,Conserto de ar condicionado Springer em Loulé,Oferecemos serviços de conserto de ar condicionado Springer para garantir o conforto da sua casa ou empresa em Loulé.,Loule
conserto-de-ar-refrigerado-loule,Conserto de ar refrigerado em Loulé,Oferecemos serviços de conserto de ar refrigerado para residências e empresas em Loulé. Entre em contato conosco para garantir o funcionamento ideal do seu equipamento.,Loule
conserto-de-central-de-ar-loule,Conserto de central de ar em Loulé,"Oferecemos serviços de conserto de centrais de ar, garantindo eficiência e conforto em sua casa ou empresa.",Loule
conserto-de-compressor-de-ar-condicionado-loule,Conserto de compressor de ar condicionado em Loulé,"Oferecemos serviços de conserto para compressores de ar condicionado, garantindo o funcionamento eficiente do seu sistema em Loulé.",Loule
conserto-de-compressor-de-ar-condicionado-split-loule,Conserto de compressor de ar condicionado split em Loulé,"Oferecemos serviços de conserto de compressors para ar condicionado split, garantindo que seu sistema funcione de forma eficiente e confiável.",Loule
conserto-de-condicionador-de-ar-loule,Conserto de condicionador de ar em Loulé,"Oferecemos serviços de conserto para todos os tipos de condicionadores de ar, garantindo conforto em sua casa ou empresa.",Loule
conserto-de-placa-ar-condicionado-loule,Conserto de placa de ar condicionado em Loulé,Oferecemos serviços de conserto de placas de ar condicionado para garantir o funcionamento eficiente do seu equipamento.,Loule
conserto-de-placa-de-ar-condicionado-split-loule,Conserto de placa de ar condicionado split em Loulé,"Oferecemos serviços de reparação de placas de ar condicionado split, garantindo que seu equipamento funcione perfeitamente em qualquer ambiente.",Loule
conserto-de-placa-eletronica-de-ar-condicionado-loule,Conserto de placa eletrônica de ar condicionado em Loulé,"Realizamos consertos especializados de placas eletrônicas de ar condicionado, garantindo o funcionamento eficaz do seu sistema de climatização.",Loule
conserto-do-ar-loule,Conserto do ar em Loulé,Oferecemos serviços de reparação de ar condicionado para residências e empresas. Garantimos um atendimento rápido e eficaz para que você possa voltar a desfrutar do conforto em seu espaço.,Loule
conserto-do-ar-condicionado-loule,Conserto do ar condicionado em Loulé,"Oferecemos serviços de conserto de ar condicionado para residências e empresas, garantindo o funcionamento eficiente do seu equipamento.",Loule
conserto-do-compressor-de-ar-condicionado-loule,Conserto do compressor de ar condicionado em Loulé,"Oferecemos serviços de conserto e manutenção para todos os tipos de ar condicionado, garantindo o seu conforto e a eficiência do seu sistema.",Loule
conserto-e-instalacao-de-ar-condicionado-loule,Conserto e instalação de ar condicionado em Loulé,Oferecemos serviços de instalação e conserto de ar condicionado para residências e empresas em Loulé. A nossa equipe de profissionais está pronta para garantir o seu conforto com as melhores marcas do mercado.,Loule
conserto-em-ar-condicionado-loule,Conserto em ar condicionado em Loulé,"Oferecemos serviços de conserto de ar condicionado para residências e empresas em Loulé. A nossa equipa é especializada em reparar todos os tipos de unidades, garantindo um conforto adequado em qualquer ambiente.",Loule
conserto-placa-split-loule,Conserto de placa split em Loulé,"Oferecemos serviços de conserto de placas para sistemas de ar condicionado split, garantindo o funcionamento eficiente do seu equipamento.",Loule
empresa-que-arruma-ar-condicionado-loule,Empresa de ar condicionado em Loulé,Oferecemos serviços de reparação e manutenção de ar condicionado para residências e empresas em Loulé.,Loule
empresa-que-conserta-ar-condicionado-loule,Empresa de ar condicionado em Loulé,"Oferecemos serviços de reparação e manutenção de ar condicionado para clientes residenciais e comerciais. A nossa equipa é especializada em consertos de todas as principais marcas, como LG, Daikin e Samsung.",Loule
empresas-que-consertam-ar-condicionado-loule,Empresa de ar condicionado em Loulé,Oferecemos serviços de reparação e manutenção de ar condicionado para residências e empresas em Loulé.,Loule
hitachi-assistencia-tecnica-ar-condicionado-loule,Assistência técnica de ar condicionado Hitachi em Loulé,"Oferecemos serviços de reparação e manutenção de unidades Hitachi, garantindo conforto e eficiência para sua casa ou empresa.",Loule
instalacao-e-conserto-de-ar-condicionado-loule,Instalação e conserto de ar condicionado em Loulé,"Oferecemos serviços de instalação e reparação de ar condicionado, tanto para residências como para empresas, garantindo conforto e qualidade no seu espaço.",Loule
manutencao-e-conserto-de-ar-condicionado-loule,Manutenção e conserto de ar condicionado em Loulé,"Oferecemos serviços de manutenção e conserto de ar condicionado para residências e empresas, garantindo o seu conforto e a eficiência do sistema.",Loule
reparo-de-ar-condicionado-split-loule,Reparo de ar condicionado split em Loulé,Oferecemos serviços de reparo de ar condicionado split em Loulé. Contamos com técnicos especializados para garantir o funcionamento ideal do seu sistema de climatização.,Loule
reparo-em-ar-condicionado-loule,Reparo em ar condicionado em Loulé,"Oferecemos serviços de reparo para todos os tipos de ar condicionado, garantindo conforto e eficiência na sua casa ou empresa.",Loule
samsung-assistencia-ar-condicionado-loule,Assistência de ar condicionado Samsung em Loulé,"Oferecemos apoio especializado para todos os modelos de ar condicionado Samsung, garantindo reparações e manutenção de qualidade para sua casa ou empresa.",Loule
reparacao-ar-condicionado-carvoeiro,Reparação de ar condicionado em Carvoeiro,Oferecemos serviços de reparação de ar condicionado para residências e empresas em Carvoeiro. A nossa equipa é especializada em diagnósticos e consertos de todas as marcas.,Carvoeiro
conserto-de-ar-condicionado-carvoeiro,Conserto de ar condicionado em Carvoeiro,Oferecemos serviços de conserto de ar condicionado para residências e empresas em Carvoeiro. A nossa equipa é especializada em reparar todas as marcas e modelos.,Carvoeiro
conserto-ar-condicionado-carvoeiro,Conserto de ar condicionado em Carvoeiro,"Oferecemos serviços de conserto de ar condicionado para residências e empresas, garantindo que o seu sistema funcione perfeitamente.",Carvoeiro
assistencia-tecnica-ar-condicionado-carvoeiro,Assistência técnica de ar condicionado em Carvoeiro,"Oferecemos assistência técnica especializada em ar condicionado para residências e empresas, garantindo o conforto e a eficiência do seu sistema.",Carvoeiro
ar-condicionado-conserto-carvoeiro,Conserto de ar condicionado em Carvoeiro,Oferecemos serviços de conserto de ar condicionado para residências e empresas em Carvoeiro. A nossa equipe qualificada está pronta para garantir o funcionamento eficiente do seu sistema de climatização.,Carvoeiro
conserto-de-ar-condicionado-residencial-carvoeiro,Conserto de ar condicionado residencial em Carvoeiro,"Oferecemos serviços de conserto para sistemas de ar condicionado residenciais, garantindo o seu conforto e bem-estar.",Carvoeiro
assistencia-ar-condicionado-carvoeiro,Assistência de ar condicionado em Carvoeiro,"Oferecemos serviços de assistência técnica para ar condicionado, garantindo manutenção e reparação para residências e empresas.",Carvoeiro
reparacao-de-ar-condicionado-carvoeiro,Reparação de ar condicionado em Carvoeiro,"Oferecemos serviços de reparação de ar condicionado de alta qualidade para residências e empresas em Carvoeiro, com técnicos especializados prontos para resolver qualquer problema.",Carvoeiro
conserto-de-ar-condicionado-split-carvoeiro,Conserto de ar condicionado split em Carvoeiro,Oferecemos serviços de conserto de ar condicionado split para assegurar o conforto da sua casa ou empresa em Carvoeiro.,Carvoeiro
conserto-de-ar-condicionado-perto-de-mim-carvoeiro,Conserto de ar condicionado perto de mim em Carvoeiro,Oferecemos serviços de conserto de ar condicionado para residências e empresas em Carvoeiro.,Carvoeiro
conserto-ar-condicionado-residencial-carvoeiro,Conserto de ar condicionado residencial em Carvoeiro,"Oferecemos serviços de reparação e manutenção para o seu ar condicionado residencial, garantindo o conforto da sua casa.",Carvoeiro
conserto-ar-condicionado-split-carvoeiro,Conserto de ar condicionado split em Carvoeiro,Oferecemos serviços de conserto de ar condicionado split para residências e empresas em Carvoeiro. Entre em contato para assistência rápida e eficiente.,Carvoeiro
arrumar-ar-condicionado-carvoeiro,Arranjo de ar condicionado em Carvoeiro,Oferecemos serviços de reparação e manutenção de ar condicionado para sua casa ou empresa em Carvoeiro.,Carvoeiro
reparo-ar-condicionado-carvoeiro,Reparo de ar condicionado em Carvoeiro,"Oferecemos serviços de reparo de ar condicionado para residências e empresas em Carvoeiro, garantindo o conforto e a eficiência do seu sistema de climatização.",Carvoeiro
conserto-de-ar-condicionado-de-janela-carvoeiro,Conserto de ar condicionado de janela em Carvoeiro,"Oferecemos serviços profissionais de conserto de ar condicionado de janela para sua casa ou empresa, garantindo conforto e satisfação.",Carvoeiro
ar-condicionado-reparacao-carvoeiro,Reparação de ar condicionado em Carvoeiro,"Oferecemos serviços de reparação rápida e eficaz para o seu ar condicionado, assegurando um ambiente fresco e confortável.",Carvoeiro
conserto-ar-condicionado-janela-carvoeiro,Conserto de ar condicionado de janela em Carvoeiro,"Oferecemos serviços de conserto para ar condicionado de janela, garantindo um funcionamento eficiente e duradouro em sua casa ou empresa.",Carvoeiro
arranjar-ar-condicionado-carvoeiro,Reparação de ar condicionado em Carvoeiro,"Se o seu ar condicionado não está a funcionar corretamente, nós oferecemos serviços de reparação rápidos e eficientes para garantir o seu conforto.",Carvoeiro
conserto-de-ar-condicionado-portatil-carvoeiro,Conserto de ar condicionado portátil em Carvoeiro,Oferecemos serviços de conserto de ar condicionado portátil para residências e empresas em Carvoeiro. Entre em contato conosco para uma avaliação rápida e eficaz.,Carvoeiro
conserto-ar-condicionado-portatil-carvoeiro,Conserto de ar condicionado portátil em Carvoeiro,"Oferecemos serviços de conserto para ar condicionado portátil, garantindo conforto e eficiência na sua casa ou empresa.",Carvoeiro
reparo-de-ar-condicionado-carvoeiro,Reparo de ar condicionado em Carvoeiro,"Oferecemos serviços de reparo de ar condicionado para residências e empresas em Carvoeiro, garantindo o conforto que você precisa.",Carvoeiro
conserto-de-placa-de-ar-condicionado-carvoeiro,Conserto de placa de ar condicionado em Carvoeiro,Oferecemos serviços de conserto de placas de ar condicionado para garantir o funcionamento eficiente do seu equipamento em sua casa ou empresa.,Carvoeiro
assistencia-tecnica-ar-condicionado-split-carvoeiro,Assistência técnica de ar condicionado split em Carvoeiro,"Oferecemos serviços completos de assistência técnica para a instalação, reparação e manutenção de sistemas de ar condicionado split em Carvoeiro. Entre em contato conosco para garantir o conforto da sua casa ou empresa.",Carvoeiro
assistencia-tecnica-de-ar-condicionado-carvoeiro,Assistência técnica de ar condicionado em Carvoeiro,Oferecemos serviços de reparação e manutenção de sistemas de ar condicionado para residências e empresas.,Carvoeiro
conserto-de-ar-condicionado-automotivo-perto-de-mim-carvoeiro,Conserto de ar condicionado automotivo em Carvoeiro,Oferecemos serviços de conserto de ar condicionado automotivo em Carvoeiro para garantir que seu veículo esteja sempre confortável. Entre em contato conosco para mais informações.,Carvoeiro
conserto-de-ar-condicionado-mais-proximo-carvoeiro,Conserto de ar condicionado mais próximo em Carvoeiro,"Oferecemos serviços de conserto de ar condicionado em Carvoeiro para residências e empresas, garantindo um ambiente confortável em todos os momentos.",Carvoeiro
reparacao-ar-condicionado-daikin-carvoeiro,Reparação de ar condicionado Daikin em Carvoeiro,"Oferecemos serviços de reparação de ar condicionado Daikin, garantindo o conforto e a eficiência do seu sistema. Entre em contacto connosco para mais informações.",Carvoeiro
conserto-de-split-carvoeiro,Conserto de ar condicionado split em Carvoeiro,Oferecemos serviços de conserto de ar condicionado split para residências e empresas em Carvoeiro. A nossa equipa está pronta para resolver o seu problema rapidamente.,Carvoeiro
conserto-de-ar-carvoeiro,Conserto de ar em Carvoeiro,"Oferecemos serviços de conserto de ar condicionado para residências e empresas, garantindo conforto e eficiência.",Carvoeiro
conserto-e-manutencao-de-ar-condicionado-carvoeiro,Conserto e manutenção de ar condicionado em Carvoeiro,"Oferecemos serviços de conserto e manutenção de ar condicionado para residências e empresas, garantindo o funcionamento adequado e eficiente do seu sistema de climatização.",Carvoeiro
empresa-de-conserto-de-ar-condicionado-carvoeiro,Empresa de conserto de ar condicionado em Carvoeiro,"Oferecemos serviços de conserto e manutenção para todos os tipos de ar condicionado em Carvoeiro, garantindo conforto e qualidade para sua casa ou empresa.",Carvoeiro
assistencia-tecnica-de-ar-condicionado-portatil-carvoeiro,Assistência técnica de ar condicionado portátil em Carvoeiro,"Oferecemos serviços especializados de assistência técnica para ar condicionado portátil, garantindo o melhor funcionamento e manutenção do seu equipamento.",Carvoeiro
assistencia-tecnica-para-ar-condicionado-carvoeiro,Assistência técnica para ar condicionado em Carvoeiro,"Oferecemos serviços de assistência técnica para ar condicionado, garantindo que o seu sistema funcione perfeitamente. Estamos disponíveis para reparações e manutenção, tanto para residências como para empresas.",Carvoeiro
reparo-ar-condicionado-residencial-carvoeiro,Reparo de ar condicionado residencial em Carvoeiro,"Oferecemos serviços de reparo especializados em ar condicionado residencial, garantindo conforto e eficiência em sua casa.",Carvoeiro
conserto-placa-ar-condicionado-carvoeiro,Conserto de placa de ar condicionado em Carvoeiro,Oferecemos serviços de conserto de placas de ar condicionado para garantir que seu sistema funcione perfeitamente.,Carvoeiro
reparo-ar-condicionado-split-carvoeiro,Reparo de ar condicionado split em Carvoeiro,Realizamos reparos e manutenção em sistemas de ar condicionado split para garantir o seu conforto em casa ou no trabalho.,Carvoeiro
conserto-split-carvoeiro,Conserto de ar condicionado split em Carvoeiro,"Oferecemos serviços de conserto profissional para ar condicionado split, garantindo o conforto da sua casa ou empresa em Carvoeiro.",Carvoeiro
conserto-de-ar-split-carvoeiro,Conserto de ar condicionado split em Carvoeiro,Oferecemos serviços de conserto e manutenção de ar condicionado split para residências e empresas em Carvoeiro.,Carvoeiro
assistencia-tecnica-ar-condicionado-daikin-carvoeiro,Assistência técnica de ar condicionado Daikin em Carvoeiro,"Oferecemos serviços de reparação e manutenção para sistemas de ar condicionado Daikin, garantindo conforto e eficiência em sua casa ou empresa.",Carvoeiro
ar-condicionado-de-janela-conserto-carvoeiro,Conserto de ar condicionado de janela em Carvoeiro,"Oferecemos serviços de conserto para ar condicionado de janela em Carvoeiro, garantindo que seu equipamento funcione de forma eficiente e eficaz.",Carvoeiro
ar-condicionado-reparacao-carvoeiro,Reparação de ar condicionado em Carvoeiro,"Oferecemos serviços de reparação de ar condicionado para residências e empresas em Carvoeiro, garantindo um funcionamento eficiente e confortável.",Carvoeiro
ar-condicionado-split-conserto-carvoeiro,Conserto de ar condicionado split em Carvoeiro,"Oferecemos serviços de conserto profissionais para sistemas de ar condicionado split, garantindo conforto e eficiência na sua casa ou empresa em Carvoeiro.",Carvoeiro
assistencia-ar-condicionado-gree-carvoeiro,Assistência de ar condicionado Gree em Carvoeiro,"Oferecemos serviços de assistência técnica para sistemas de ar condicionado da marca Gree, garantindo que seu equipamento esteja sempre em perfeito funcionamento.",Carvoeiro
assistencia-ar-condicionado-samsung-carvoeiro,Assistência de ar condicionado Samsung em Carvoeiro,"Oferecemos serviços de instalação, reparação e manutenção para sistemas de ar condicionado Samsung e de todas as principais marcas.",Carvoeiro
assistencia-ar-condicionado-springer-carvoeiro,Assistência de ar condicionado Springer em Carvoeiro,"Oferecemos serviços de reparação e manutenção para ar condicionado Springer, garantindo o melhor desempenho do seu equipamento em Carvoeiro.",Carvoeiro
assistencia-de-ar-condicionado-samsung-carvoeiro,Assistência de ar condicionado Samsung em Carvoeiro,"Oferecemos serviços de assistência técnica especializada para o seu ar condicionado Samsung, assegurando um funcionamento eficiente e prolongado.",Carvoeiro
assistencia-tecnica-ar-condicionado-24-horas-carvoeiro,Assistência técnica de ar condicionado 24 horas em Carvoeiro,"Oferecemos serviços de assistência técnica para todos os tipos de ar condicionado a qualquer hora, garantindo o conforto da sua casa ou empresa.",Carvoeiro
assistencia-tecnica-ar-condicionado-springer-carvoeiro,Assistência técnica de ar condicionado Springer em Carvoeiro,"Oferecemos serviços completos de assistência técnica para ar condicionado Springer, garantindo que seu sistema funcione perfeitamente. Atendimento para residências e empresas.",Carvoeiro
assistencia-tecnica-ar-portatil-carvoeiro,Assistência técnica de ar portátil em Carvoeiro,"Oferecemos serviços de reparação e manutenção para unidades de ar condicionado portátil, atendendo tanto a residências quanto a empresas.",Carvoeiro
assistencia-tecnica-de-ar-condicionado-samsung-carvoeiro,Assistência técnica de ar condicionado Samsung em Carvoeiro,"Oferecemos serviços de assistência técnica especializada para o seu ar condicionado Samsung, garantindo que o seu aparelho funcione de forma eficiente e duradoura.",Carvoeiro
consertar-o-ar-condicionado-carvoeiro,Consertar o ar condicionado em Carvoeiro,"Estamos aqui para ajudar com a reparação do seu ar condicionado, garantindo um ambiente fresco e confortável.",Carvoeiro
consertar-placa-de-ar-condicionado-carvoeiro,Consertar placa de ar condicionado em Carvoeiro,Oferecemos serviços de reparação de placas de ar condicionado para garantir o funcionamento eficiente do seu equipamento.,Carvoeiro
conserto-ar-carvoeiro,Conserto de ar condicionado em Carvoeiro,"Oferecemos serviços de conserto de ar condicionado para residências e empresas em Carvoeiro, garantindo um ambiente confortável para todos.",Carvoeiro
conserto-ar-condicionado-de-janela-carvoeiro,Conserto de ar condicionado de janela em Carvoeiro,Oferecemos serviços de conserto de ar condicionado de janela para residências e empresas em Carvoeiro. A nossa equipe está pronta para ajudar com todos os tipos de reparações e manutenção.,Carvoeiro
conserto-ar-condicionado-samsung-carvoeiro,Conserto de ar condicionado Samsung em Carvoeiro,Oferecemos serviços de reparação de ar condicionado Samsung com atenção especial para residências e empresas. Entre em contato para assistência rápida e eficaz.,Carvoeiro
conserto-ar-condicionado-springer-carvoeiro,Conserto de ar condicionado Springer em Carvoeiro,Oferecemos serviços de conserto e manutenção de ar condicionado Springer para garantir o seu conforto em todas as estações.,Carvoeiro
conserto-ar-portatil-carvoeiro,Conserto de ar portátil em Carvoeiro,Oferecemos serviços de conserto rápidos e eficientes para o seu ar condicionado portátil.,Carvoeiro
conserto-compressor-ar-condicionado-carvoeiro,Conserto de compressor de ar condicionado em Carvoeiro,"Oferecemos serviços de conserto de compressors de ar condicionado para residências e empresas, garantindo o funcionamento eficaz do seu sistema.",Carvoeiro
conserto-compressor-de-ar-condicionado-carvoeiro,Conserto de compressor de ar condicionado em Carvoeiro,Oferecemos serviços de conserto profissional de compressores de ar condicionado para garantir o funcionamento eficiente do seu sistema de climatização.,Carvoeiro
conserto-de-ar-condicionado-24-horas-carvoeiro,Conserto de ar condicionado 24 horas em Carvoeiro,Oferecemos serviços de conserto de ar condicionado 24 horas para garantir o conforto da sua casa ou empresa.,Carvoeiro
conserto-de-ar-condicionado-de-parede-carvoeiro,Conserto de ar condicionado de parede em Carvoeiro,Oferecemos serviços de conserto de ar condicionado de parede para garantir o seu conforto em casa ou no escritório.,Carvoeiro
conserto-de-ar-condicionado-inverter-carvoeiro,Conserto de ar condicionado inverter em Carvoeiro,"Oferecemos serviços de conserto de ar condicionado inverter, garantindo o conforto da sua casa ou empresa.",Carvoeiro
conserto-de-ar-condicionado-janela-carvoeiro,Conserto de ar condicionado de janela em Carvoeiro,Oferecemos serviços de conserto de ar condicionado de janela para residências e empresas em Carvoeiro. Mantenha seu ambiente fresco e confortável.,Carvoeiro
conserto-de-ar-condicionado-samsung-carvoeiro,Conserto de ar condicionado Samsung em Carvoeiro,Oferecemos serviços de conserto de ar condicionado Samsung para residências e empresas em Carvoeiro. A nossa equipa especializada garante um atendimento rápido e eficiente.,Carvoeiro
conserto-de-ar-condicionado-springer-carvoeiro,Conserto de ar condicionado Springer em Carvoeiro,Oferecemos serviços de conserto de ar condicionado Springer para garantir o conforto da sua casa ou empresa em Carvoeiro.,Carvoeiro
conserto-de-ar-refrigerado-carvoeiro,Conserto de ar refrigerado em Carvoeiro,Oferecemos serviços de conserto de ar refrigerado para residências e empresas em Carvoeiro. Entre em contato conosco para garantir o funcionamento ideal do seu equipamento.,Carvoeiro
conserto-de-central-de-ar-carvoeiro,Conserto de central de ar em Carvoeiro,"Oferecemos serviços de conserto de centrais de ar, garantindo eficiência e conforto em sua casa ou empresa.",Carvoeiro
conserto-de-compressor-de-ar-condicionado-carvoeiro,Conserto de compressor de ar condicionado em Carvoeiro,"Oferecemos serviços de conserto para compressores de ar condicionado, garantindo o funcionamento eficiente do seu sistema em Carvoeiro.",Carvoeiro
conserto-de-compressor-de-ar-condicionado-split-carvoeiro,Conserto de compressor de ar condicionado split em Carvoeiro,"Oferecemos serviços de conserto de compressors para ar condicionado split, garantindo que seu sistema funcione de forma eficiente e confiável.",Carvoeiro
conserto-de-condicionador-de-ar-carvoeiro,Conserto de condicionador de ar em Carvoeiro,"Oferecemos serviços de conserto para todos os tipos de condicionadores de ar, garantindo conforto em sua casa ou empresa.",Carvoeiro
conserto-de-placa-ar-condicionado-carvoeiro,Conserto de placa de ar condicionado em Carvoeiro,Oferecemos serviços de conserto de placas de ar condicionado para garantir o funcionamento eficiente do seu equipamento.,Carvoeiro
conserto-de-placa-de-ar-condicionado-split-carvoeiro,Conserto de placa de ar condicionado split em Carvoeiro,"Oferecemos serviços de reparação de placas de ar condicionado split, garantindo que seu equipamento funcione perfeitamente em qualquer ambiente.",Carvoeiro
conserto-de-placa-eletronica-de-ar-condicionado-carvoeiro,Conserto de placa eletrônica de ar condicionado em Carvoeiro,"Realizamos consertos especializados de placas eletrônicas de ar condicionado, garantindo o funcionamento eficaz do seu sistema de climatização.",Carvoeiro
conserto-do-ar-carvoeiro,Conserto do ar em Carvoeiro,Oferecemos serviços de reparação de ar condicionado para residências e empresas. Garantimos um atendimento rápido e eficaz para que você possa voltar a desfrutar do conforto em seu espaço.,Carvoeiro
conserto-do-ar-condicionado-carvoeiro,Conserto do ar condicionado em Carvoeiro,"Oferecemos serviços de conserto de ar condicionado para residências e empresas, garantindo o funcionamento eficiente do seu equipamento.",Carvoeiro
conserto-do-compressor-de-ar-condicionado-carvoeiro,Conserto do compressor de ar condicionado em Carvoeiro,"Oferecemos serviços de conserto e manutenção para todos os tipos de ar condicionado, garantindo o seu conforto e a eficiência do seu sistema.",Carvoeiro
conserto-e-instalacao-de-ar-condicionado-carvoeiro,Conserto e instalação de ar condicionado em Carvoeiro,Oferecemos serviços de instalação e conserto de ar condicionado para residências e empresas em Carvoeiro. A nossa equipe de profissionais está pronta para garantir o seu conforto com as melhores marcas do mercado.,Carvoeiro
conserto-em-ar-condicionado-carvoeiro,Conserto em ar condicionado em Carvoeiro,"Oferecemos serviços de conserto de ar condicionado para residências e empresas em Carvoeiro. A nossa equipa é especializada em reparar todos os tipos de unidades, garantindo um conforto adequado em qualquer ambiente.",Carvoeiro
conserto-placa-split-carvoeiro,Conserto de placa split em Carvoeiro,"Oferecemos serviços de conserto de placas para sistemas de ar condicionado split, garantindo o funcionamento eficiente do seu equipamento.",Carvoeiro
empresa-que-arruma-ar-condicionado-carvoeiro,Empresa de ar condicionado em Carvoeiro,Oferecemos serviços de reparação e manutenção de ar condicionado para residências e empresas em Carvoeiro.,Carvoeiro
empresa-que-conserta-ar-condicionado-carvoeiro,Empresa de ar condicionado em Carvoeiro,"Oferecemos serviços de reparação e manutenção de ar condicionado para clientes residenciais e comerciais. A nossa equipa é especializada em consertos de todas as principais marcas, como LG, Daikin e Samsung.",Carvoeiro
empresas-que-consertam-ar-condicionado-carvoeiro,Empresa de ar condicionado em Carvoeiro,Oferecemos serviços de reparação e manutenção de ar condicionado para residências e empresas em Carvoeiro.,Carvoeiro
hitachi-assistencia-tecnica-ar-condicionado-carvoeiro,Assistência técnica de ar condicionado Hitachi em Carvoeiro,"Oferecemos serviços de reparação e manutenção de unidades Hitachi, garantindo conforto e eficiência para sua casa ou empresa.",Carvoeiro
instalacao-e-conserto-de-ar-condicionado-carvoeiro,Instalação e conserto de ar condicionado em Carvoeiro,"Oferecemos serviços de instalação e reparação de ar condicionado, tanto para residências como para empresas, garantindo conforto e qualidade no seu espaço.",Carvoeiro
manutencao-e-conserto-de-ar-condicionado-carvoeiro,Manutenção e conserto de ar condicionado em Carvoeiro,"Oferecemos serviços de manutenção e conserto de ar condicionado para residências e empresas, garantindo o seu conforto e a eficiência do sistema.",Carvoeiro
reparo-de-ar-condicionado-split-carvoeiro,Reparo de ar condicionado split em Carvoeiro,Oferecemos serviços de reparo de ar condicionado split em Carvoeiro. Contamos com técnicos especializados para garantir o funcionamento ideal do seu sistema de climatização.,Carvoeiro
reparo-em-ar-condicionado-carvoeiro,Reparo em ar condicionado em Carvoeiro,"Oferecemos serviços de reparo para todos os tipos de ar condicionado, garantindo conforto e eficiência na sua casa ou empresa.",Carvoeiro
samsung-assistencia-ar-condicionado-carvoeiro,Assistência de ar condicionado Samsung em Carvoeiro,"Oferecemos apoio especializado para todos os modelos de ar condicionado Samsung, garantindo reparações e manutenção de qualidade para sua casa ou empresa.",Carvoeiro
reparacao-ar-condicionado-vilamoura,Reparação de ar condicionado em Vilamoura,Oferecemos serviços de reparação de ar condicionado para residências e empresas em Vilamoura. A nossa equipa é especializada em diagnósticos e consertos de todas as marcas.,Vilamoura
conserto-de-ar-condicionado-vilamoura,Conserto de ar condicionado em Vilamoura,Oferecemos serviços de conserto de ar condicionado para residências e empresas em Vilamoura. A nossa equipa é especializada em reparar todas as marcas e modelos.,Vilamoura
conserto-ar-condicionado-vilamoura,Conserto de ar condicionado em Vilamoura,"Oferecemos serviços de conserto de ar condicionado para residências e empresas, garantindo que o seu sistema funcione perfeitamente.",Vilamoura
assistencia-tecnica-ar-condicionado-vilamoura,Assistência técnica de ar condicionado em Vilamoura,"Oferecemos assistência técnica especializada em ar condicionado para residências e empresas, garantindo o conforto e a eficiência do seu sistema.",Vilamoura
ar-condicionado-conserto-vilamoura,Conserto de ar condicionado em Vilamoura,Oferecemos serviços de conserto de ar condicionado para residências e empresas em Vilamoura. A nossa equipe qualificada está pronta para garantir o funcionamento eficiente do seu sistema de climatização.,Vilamoura
conserto-de-ar-condicionado-residencial-vilamoura,Conserto de ar condicionado residencial em Vilamoura,"Oferecemos serviços de conserto para sistemas de ar condicionado residenciais, garantindo o seu conforto e bem-estar.",Vilamoura
assistencia-ar-condicionado-vilamoura,Assistência de ar condicionado em Vilamoura,"Oferecemos serviços de assistência técnica para ar condicionado, garantindo manutenção e reparação para residências e empresas.",Vilamoura
reparacao-de-ar-condicionado-vilamoura,Reparação de ar condicionado em Vilamoura,"Oferecemos serviços de reparação de ar condicionado de alta qualidade para residências e empresas em Vilamoura, com técnicos especializados prontos para resolver qualquer problema.",Vilamoura
conserto-de-ar-condicionado-split-vilamoura,Conserto de ar condicionado split em Vilamoura,Oferecemos serviços de conserto de ar condicionado split para assegurar o conforto da sua casa ou empresa em Vilamoura.,Vilamoura
conserto-de-ar-condicionado-perto-de-mim-vilamoura,Conserto de ar condicionado perto de mim em Vilamoura,Oferecemos serviços de conserto de ar condicionado para residências e empresas em Vilamoura.,Vilamoura
conserto-ar-condicionado-residencial-vilamoura,Conserto de ar condicionado residencial em Vilamoura,"Oferecemos serviços de reparação e manutenção para o seu ar condicionado residencial, garantindo o conforto da sua casa.",Vilamoura
conserto-ar-condicionado-split-vilamoura,Conserto de ar condicionado split em Vilamoura,Oferecemos serviços de conserto de ar condicionado split para residências e empresas em Vilamoura. Entre em contato para assistência rápida e eficiente.,Vilamoura
arrumar-ar-condicionado-vilamoura,Arranjo de ar condicionado em Vilamoura,Oferecemos serviços de reparação e manutenção de ar condicionado para sua casa ou empresa em Vilamoura.,Vilamoura
reparo-ar-condicionado-vilamoura,Reparo de ar condicionado em Vilamoura,"Oferecemos serviços de reparo de ar condicionado para residências e empresas em Vilamoura, garantindo o conforto e a eficiência do seu sistema de climatização.",Vilamoura
conserto-de-ar-condicionado-de-janela-vilamoura,Conserto de ar condicionado de janela em Vilamoura,"Oferecemos serviços profissionais de conserto de ar condicionado de janela para sua casa ou empresa, garantindo conforto e satisfação.",Vilamoura
ar-condicionado-reparacao-vilamoura,Reparação de ar condicionado em Vilamoura,"Oferecemos serviços de reparação rápida e eficaz para o seu ar condicionado, assegurando um ambiente fresco e confortável.",Vilamoura
conserto-ar-condicionado-janela-vilamoura,Conserto de ar condicionado de janela em Vilamoura,"Oferecemos serviços de conserto para ar condicionado de janela, garantindo um funcionamento eficiente e duradouro em sua casa ou empresa.",Vilamoura
arranjar-ar-condicionado-vilamoura,Reparação de ar condicionado em Vilamoura,"Se o seu ar condicionado não está a funcionar corretamente, nós oferecemos serviços de reparação rápidos e eficientes para garantir o seu conforto.",Vilamoura
conserto-de-ar-condicionado-portatil-vilamoura,Conserto de ar condicionado portátil em Vilamoura,Oferecemos serviços de conserto de ar condicionado portátil para residências e empresas em Vilamoura. Entre em contato conosco para uma avaliação rápida e eficaz.,Vilamoura
conserto-ar-condicionado-portatil-vilamoura,Conserto de ar condicionado portátil em Vilamoura,"Oferecemos serviços de conserto para ar condicionado portátil, garantindo conforto e eficiência na sua casa ou empresa.",Vilamoura
reparo-de-ar-condicionado-vilamoura,Reparo de ar condicionado em Vilamoura,"Oferecemos serviços de reparo de ar condicionado para residências e empresas em Vilamoura, garantindo o conforto que você precisa.",Vilamoura
conserto-de-placa-de-ar-condicionado-vilamoura,Conserto de placa de ar condicionado em Vilamoura,Oferecemos serviços de conserto de placas de ar condicionado para garantir o funcionamento eficiente do seu equipamento em sua casa ou empresa.,Vilamoura
assistencia-tecnica-ar-condicionado-split-vilamoura,Assistência técnica de ar condicionado split em Vilamoura,"Oferecemos serviços completos de assistência técnica para a instalação, reparação e manutenção de sistemas de ar condicionado split em Vilamoura. Entre em contato conosco para garantir o conforto da sua casa ou empresa.",Vilamoura
assistencia-tecnica-de-ar-condicionado-vilamoura,Assistência técnica de ar condicionado em Vilamoura,Oferecemos serviços de reparação e manutenção de sistemas de ar condicionado para residências e empresas.,Vilamoura
conserto-de-ar-condicionado-automotivo-perto-de-mim-vilamoura,Conserto de ar condicionado automotivo em Vilamoura,Oferecemos serviços de conserto de ar condicionado automotivo em Vilamoura para garantir que seu veículo esteja sempre confortável. Entre em contato conosco para mais informações.,Vilamoura
conserto-de-ar-condicionado-mais-proximo-vilamoura,Conserto de ar condicionado mais próximo em Vilamoura,"Oferecemos serviços de conserto de ar condicionado em Vilamoura para residências e empresas, garantindo um ambiente confortável em todos os momentos.",Vilamoura
reparacao-ar-condicionado-daikin-vilamoura,Reparação de ar condicionado Daikin em Vilamoura,"Oferecemos serviços de reparação de ar condicionado Daikin, garantindo o conforto e a eficiência do seu sistema. Entre em contacto connosco para mais informações.",Vilamoura
conserto-de-split-vilamoura,Conserto de ar condicionado split em Vilamoura,Oferecemos serviços de conserto de ar condicionado split para residências e empresas em Vilamoura. A nossa equipa está pronta para resolver o seu problema rapidamente.,Vilamoura
conserto-de-ar-vilamoura,Conserto de ar em Vilamoura,"Oferecemos serviços de conserto de ar condicionado para residências e empresas, garantindo conforto e eficiência.",Vilamoura
conserto-e-manutencao-de-ar-condicionado-vilamoura,Conserto e manutenção de ar condicionado em Vilamoura,"Oferecemos serviços de conserto e manutenção de ar condicionado para residências e empresas, garantindo o funcionamento adequado e eficiente do seu sistema de climatização.",Vilamoura
empresa-de-conserto-de-ar-condicionado-vilamoura,Empresa de conserto de ar condicionado em Vilamoura,"Oferecemos serviços de conserto e manutenção para todos os tipos de ar condicionado em Vilamoura, garantindo conforto e qualidade para sua casa ou empresa.",Vilamoura
assistencia-tecnica-de-ar-condicionado-portatil-vilamoura,Assistência técnica de ar condicionado portátil em Vilamoura,"Oferecemos serviços especializados de assistência técnica para ar condicionado portátil, garantindo o melhor funcionamento e manutenção do seu equipamento.",Vilamoura
assistencia-tecnica-para-ar-condicionado-vilamoura,Assistência técnica para ar condicionado em Vilamoura,"Oferecemos serviços de assistência técnica para ar condicionado, garantindo que o seu sistema funcione perfeitamente. Estamos disponíveis para reparações e manutenção, tanto para residências como para empresas.",Vilamoura
reparo-ar-condicionado-residencial-vilamoura,Reparo de ar condicionado residencial em Vilamoura,"Oferecemos serviços de reparo especializados em ar condicionado residencial, garantindo conforto e eficiência em sua casa.",Vilamoura
conserto-placa-ar-condicionado-vilamoura,Conserto de placa de ar condicionado em Vilamoura,Oferecemos serviços de conserto de placas de ar condicionado para garantir que seu sistema funcione perfeitamente.,Vilamoura
reparo-ar-condicionado-split-vilamoura,Reparo de ar condicionado split em Vilamoura,Realizamos reparos e manutenção em sistemas de ar condicionado split para garantir o seu conforto em casa ou no trabalho.,Vilamoura
conserto-split-vilamoura,Conserto de ar condicionado split em Vilamoura,"Oferecemos serviços de conserto profissional para ar condicionado split, garantindo o conforto da sua casa ou empresa em Vilamoura.",Vilamoura
conserto-de-ar-split-vilamoura,Conserto de ar condicionado split em Vilamoura,Oferecemos serviços de conserto e manutenção de ar condicionado split para residências e empresas em Vilamoura.,Vilamoura
assistencia-tecnica-ar-condicionado-daikin-vilamoura,Assistência técnica de ar condicionado Daikin em Vilamoura,"Oferecemos serviços de reparação e manutenção para sistemas de ar condicionado Daikin, garantindo conforto e eficiência em sua casa ou empresa.",Vilamoura
ar-condicionado-de-janela-conserto-vilamoura,Conserto de ar condicionado de janela em Vilamoura,"Oferecemos serviços de conserto para ar condicionado de janela em Vilamoura, garantindo que seu equipamento funcione de forma eficiente e eficaz.",Vilamoura
ar-condicionado-reparacao-vilamoura,Reparação de ar condicionado em Vilamoura,"Oferecemos serviços de reparação de ar condicionado para residências e empresas em Vilamoura, garantindo um funcionamento eficiente e confortável.",Vilamoura
ar-condicionado-split-conserto-vilamoura,Conserto de ar condicionado split em Vilamoura,"Oferecemos serviços de conserto profissionais para sistemas de ar condicionado split, garantindo conforto e eficiência na sua casa ou empresa em Vilamoura.",Vilamoura
assistencia-ar-condicionado-gree-vilamoura,Assistência de ar condicionado Gree em Vilamoura,"Oferecemos serviços de assistência técnica para sistemas de ar condicionado da marca Gree, garantindo que seu equipamento esteja sempre em perfeito funcionamento.",Vilamoura
assistencia-ar-condicionado-samsung-vilamoura,Assistência de ar condicionado Samsung em Vilamoura,"Oferecemos serviços de instalação, reparação e manutenção para sistemas de ar condicionado Samsung e de todas as principais marcas.",Vilamoura
assistencia-ar-condicionado-springer-vilamoura,Assistência de ar condicionado Springer em Vilamoura,"Oferecemos serviços de reparação e manutenção para ar condicionado Springer, garantindo o melhor desempenho do seu equipamento em Vilamoura.",Vilamoura
assistencia-de-ar-condicionado-samsung-vilamoura,Assistência de ar condicionado Samsung em Vilamoura,"Oferecemos serviços de assistência técnica especializada para o seu ar condicionado Samsung, assegurando um funcionamento eficiente e prolongado.",Vilamoura
assistencia-tecnica-ar-condicionado-24-horas-vilamoura,Assistência técnica de ar condicionado 24 horas em Vilamoura,"Oferecemos serviços de assistência técnica para todos os tipos de ar condicionado a qualquer hora, garantindo o conforto da sua casa ou empresa.",Vilamoura
assistencia-tecnica-ar-condicionado-springer-vilamoura,Assistência técnica de ar condicionado Springer em Vilamoura,"Oferecemos serviços completos de assistência técnica para ar condicionado Springer, garantindo que seu sistema funcione perfeitamente. Atendimento para residências e empresas.",Vilamoura
assistencia-tecnica-ar-portatil-vilamoura,Assistência técnica de ar portátil em Vilamoura,"Oferecemos serviços de reparação e manutenção para unidades de ar condicionado portátil, atendendo tanto a residências quanto a empresas.",Vilamoura
assistencia-tecnica-de-ar-condicionado-samsung-vilamoura,Assistência técnica de ar condicionado Samsung em Vilamoura,"Oferecemos serviços de assistência técnica especializada para o seu ar condicionado Samsung, garantindo que o seu aparelho funcione de forma eficiente e duradoura.",Vilamoura
consertar-o-ar-condicionado-vilamoura,Consertar o ar condicionado em Vilamoura,"Estamos aqui para ajudar com a reparação do seu ar condicionado, garantindo um ambiente fresco e confortável.",Vilamoura
consertar-placa-de-ar-condicionado-vilamoura,Consertar placa de ar condicionado em Vilamoura,Oferecemos serviços de reparação de placas de ar condicionado para garantir o funcionamento eficiente do seu equipamento.,Vilamoura
conserto-ar-vilamoura,Conserto de ar condicionado em Vilamoura,"Oferecemos serviços de conserto de ar condicionado para residências e empresas em Vilamoura, garantindo um ambiente confortável para todos.",Vilamoura
conserto-ar-condicionado-de-janela-vilamoura,Conserto de ar condicionado de janela em Vilamoura,Oferecemos serviços de conserto de ar condicionado de janela para residências e empresas em Vilamoura. A nossa equipe está pronta para ajudar com todos os tipos de reparações e manutenção.,Vilamoura
conserto-ar-condicionado-samsung-vilamoura,Conserto de ar condicionado Samsung em Vilamoura,Oferecemos serviços de reparação de ar condicionado Samsung com atenção especial para residências e empresas. Entre em contato para assistência rápida e eficaz.,Vilamoura
conserto-ar-condicionado-springer-vilamoura,Conserto de ar condicionado Springer em Vilamoura,Oferecemos serviços de conserto e manutenção de ar condicionado Springer para garantir o seu conforto em todas as estações.,Vilamoura
conserto-ar-portatil-vilamoura,Conserto de ar portátil em Vilamoura,Oferecemos serviços de conserto rápidos e eficientes para o seu ar condicionado portátil.,Vilamoura
conserto-compressor-ar-condicionado-vilamoura,Conserto de compressor de ar condicionado em Vilamoura,"Oferecemos serviços de conserto de compressors de ar condicionado para residências e empresas, garantindo o funcionamento eficaz do seu sistema.",Vilamoura
conserto-compressor-de-ar-condicionado-vilamoura,Conserto de compressor de ar condicionado em Vilamoura,Oferecemos serviços de conserto profissional de compressores de ar condicionado para garantir o funcionamento eficiente do seu sistema de climatização.,Vilamoura
conserto-de-ar-condicionado-24-horas-vilamoura,Conserto de ar condicionado 24 horas em Vilamoura,Oferecemos serviços de conserto de ar condicionado 24 horas para garantir o conforto da sua casa ou empresa.,Vilamoura
conserto-de-ar-condicionado-de-parede-vilamoura,Conserto de ar condicionado de parede em Vilamoura,Oferecemos serviços de conserto de ar condicionado de parede para garantir o seu conforto em casa ou no escritório.,Vilamoura
conserto-de-ar-condicionado-inverter-vilamoura,Conserto de ar condicionado inverter em Vilamoura,"Oferecemos serviços de conserto de ar condicionado inverter, garantindo o conforto da sua casa ou empresa.",Vilamoura
conserto-de-ar-condicionado-janela-vilamoura,Conserto de ar condicionado de janela em Vilamoura,Oferecemos serviços de conserto de ar condicionado de janela para residências e empresas em Vilamoura. Mantenha seu ambiente fresco e confortável.,Vilamoura
conserto-de-ar-condicionado-samsung-vilamoura,Conserto de ar condicionado Samsung em Vilamoura,Oferecemos serviços de conserto de ar condicionado Samsung para residências e empresas em Vilamoura. A nossa equipa especializada garante um atendimento rápido e eficiente.,Vilamoura
conserto-de-ar-condicionado-springer-vilamoura,Conserto de ar condicionado Springer em Vilamoura,Oferecemos serviços de conserto de ar condicionado Springer para garantir o conforto da sua casa ou empresa em Vilamoura.,Vilamoura
conserto-de-ar-refrigerado-vilamoura,Conserto de ar refrigerado em Vilamoura,Oferecemos serviços de conserto de ar refrigerado para residências e empresas em Vilamoura. Entre em contato conosco para garantir o funcionamento ideal do seu equipamento.,Vilamoura
conserto-de-central-de-ar-vilamoura,Conserto de central de ar em Vilamoura,"Oferecemos serviços de conserto de centrais de ar, garantindo eficiência e conforto em sua casa ou empresa.",Vilamoura
conserto-de-compressor-de-ar-condicionado-vilamoura,Conserto de compressor de ar condicionado em Vilamoura,"Oferecemos serviços de conserto para compressores de ar condicionado, garantindo o funcionamento eficiente do seu sistema em Vilamoura.",Vilamoura
conserto-de-compressor-de-ar-condicionado-split-vilamoura,Conserto de compressor de ar condicionado split em Vilamoura,"Oferecemos serviços de conserto de compressors para ar condicionado split, garantindo que seu sistema funcione de forma eficiente e confiável.",Vilamoura
conserto-de-condicionador-de-ar-vilamoura,Conserto de condicionador de ar em Vilamoura,"Oferecemos serviços de conserto para todos os tipos de condicionadores de ar, garantindo conforto em sua casa ou empresa.",Vilamoura
conserto-de-placa-ar-condicionado-vilamoura,Conserto de placa de ar condicionado em Vilamoura,Oferecemos serviços de conserto de placas de ar condicionado para garantir o funcionamento eficiente do seu equipamento.,Vilamoura
conserto-de-placa-de-ar-condicionado-split-vilamoura,Conserto de placa de ar condicionado split em Vilamoura,"Oferecemos serviços de reparação de placas de ar condicionado split, garantindo que seu equipamento funcione perfeitamente em qualquer ambiente.",Vilamoura
conserto-de-placa-eletronica-de-ar-condicionado-vilamoura,Conserto de placa eletrônica de ar condicionado em Vilamoura,"Realizamos consertos especializados de placas eletrônicas de ar condicionado, garantindo o funcionamento eficaz do seu sistema de climatização.",Vilamoura
conserto-do-ar-vilamoura,Conserto do ar em Vilamoura,Oferecemos serviços de reparação de ar condicionado para residências e empresas. Garantimos um atendimento rápido e eficaz para que você possa voltar a desfrutar do conforto em seu espaço.,Vilamoura
conserto-do-ar-condicionado-vilamoura,Conserto do ar condicionado em Vilamoura,"Oferecemos serviços de conserto de ar condicionado para residências e empresas, garantindo o funcionamento eficiente do seu equipamento.",Vilamoura
conserto-do-compressor-de-ar-condicionado-vilamoura,Conserto do compressor de ar condicionado em Vilamoura,"Oferecemos serviços de conserto e manutenção para todos os tipos de ar condicionado, garantindo o seu conforto e a eficiência do seu sistema.",Vilamoura
conserto-e-instalacao-de-ar-condicionado-vilamoura,Conserto e instalação de ar condicionado em Vilamoura,Oferecemos serviços de instalação e conserto de ar condicionado para residências e empresas em Vilamoura. A nossa equipe de profissionais está pronta para garantir o seu conforto com as melhores marcas do mercado.,Vilamoura
conserto-em-ar-condicionado-vilamoura,Conserto em ar condicionado em Vilamoura,"Oferecemos serviços de conserto de ar condicionado para residências e empresas em Vilamoura. A nossa equipa é especializada em reparar todos os tipos de unidades, garantindo um conforto adequado em qualquer ambiente.",Vilamoura
conserto-placa-split-vilamoura,Conserto de placa split em Vilamoura,"Oferecemos serviços de conserto de placas para sistemas de ar condicionado split, garantindo o funcionamento eficiente do seu equipamento.",Vilamoura
empresa-que-arruma-ar-condicionado-vilamoura,Empresa de ar condicionado em Vilamoura,Oferecemos serviços de reparação e manutenção de ar condicionado para residências e empresas em Vilamoura.,Vilamoura
empresa-que-conserta-ar-condicionado-vilamoura,Empresa de ar condicionado em Vilamoura,"Oferecemos serviços de reparação e manutenção de ar condicionado para clientes residenciais e comerciais. A nossa equipa é especializada em consertos de todas as principais marcas, como LG, Daikin e Samsung.",Vilamoura
empresas-que-consertam-ar-condicionado-vilamoura,Empresa de ar condicionado em Vilamoura,Oferecemos serviços de reparação e manutenção de ar condicionado para residências e empresas em Vilamoura.,Vilamoura
hitachi-assistencia-tecnica-ar-condicionado-vilamoura,Assistência técnica de ar condicionado Hitachi em Vilamoura,"Oferecemos serviços de reparação e manutenção de unidades Hitachi, garantindo conforto e eficiência para sua casa ou empresa.",Vilamoura
instalacao-e-conserto-de-ar-condicionado-vilamoura,Instalação e conserto de ar condicionado em Vilamoura,"Oferecemos serviços de instalação e reparação de ar condicionado, tanto para residências como para empresas, garantindo conforto e qualidade no seu espaço.",Vilamoura
manutencao-e-conserto-de-ar-condicionado-vilamoura,Manutenção e conserto de ar condicionado em Vilamoura,"Oferecemos serviços de manutenção e conserto de ar condicionado para residências e empresas, garantindo o seu conforto e a eficiência do sistema.",Vilamoura
reparo-de-ar-condicionado-split-vilamoura,Reparo de ar condicionado split em Vilamoura,Oferecemos serviços de reparo de ar condicionado split em Vilamoura. Contamos com técnicos especializados para garantir o funcionamento ideal do seu sistema de climatização.,Vilamoura
reparo-em-ar-condicionado-vilamoura,Reparo em ar condicionado em Vilamoura,"Oferecemos serviços de reparo para todos os tipos de ar condicionado, garantindo conforto e eficiência na sua casa ou empresa.",Vilamoura
samsung-assistencia-ar-condicionado-vilamoura,Assistência de ar condicionado Samsung em Vilamoura,"Oferecemos apoio especializado para todos os modelos de ar condicionado Samsung, garantindo reparações e manutenção de qualidade para sua casa ou empresa.",Vilamoura
reparacao-ar-condicionado-guia,Reparação de ar condicionado em Guia,Oferecemos serviços de reparação de ar condicionado para residências e empresas em Guia. A nossa equipa é especializada em diagnósticos e consertos de todas as marcas.,Guia
conserto-de-ar-condicionado-guia,Conserto de ar condicionado em Guia,Oferecemos serviços de conserto de ar condicionado para residências e empresas em Guia. A nossa equipa é especializada em reparar todas as marcas e modelos.,Guia
conserto-ar-condicionado-guia,Conserto de ar condicionado em Guia,"Oferecemos serviços de conserto de ar condicionado para residências e empresas, garantindo que o seu sistema funcione perfeitamente.",Guia
assistencia-tecnica-ar-condicionado-guia,Assistência técnica de ar condicionado em Guia,"Oferecemos assistência técnica especializada em ar condicionado para residências e empresas, garantindo o conforto e a eficiência do seu sistema.",Guia
ar-condicionado-conserto-guia,Conserto de ar condicionado em Guia,Oferecemos serviços de conserto de ar condicionado para residências e empresas em Guia. A nossa equipe qualificada está pronta para garantir o funcionamento eficiente do seu sistema de climatização.,Guia
conserto-de-ar-condicionado-residencial-guia,Conserto de ar condicionado residencial em Guia,"Oferecemos serviços de conserto para sistemas de ar condicionado residenciais, garantindo o seu conforto e bem-estar.",Guia
assistencia-ar-condicionado-guia,Assistência de ar condicionado em Guia,"Oferecemos serviços de assistência técnica para ar condicionado, garantindo manutenção e reparação para residências e empresas.",Guia
reparacao-de-ar-condicionado-guia,Reparação de ar condicionado em Guia,"Oferecemos serviços de reparação de ar condicionado de alta qualidade para residências e empresas em Guia, com técnicos especializados prontos para resolver qualquer problema.",Guia
conserto-de-ar-condicionado-split-guia,Conserto de ar condicionado split em Guia,Oferecemos serviços de conserto de ar condicionado split para assegurar o conforto da sua casa ou empresa em Guia.,Guia
conserto-de-ar-condicionado-perto-de-mim-guia,Conserto de ar condicionado perto de mim em Guia,Oferecemos serviços de conserto de ar condicionado para residências e empresas em Guia.,Guia
conserto-ar-condicionado-residencial-guia,Conserto de ar condicionado residencial em Guia,"Oferecemos serviços de reparação e manutenção para o seu ar condicionado residencial, garantindo o conforto da sua casa.",Guia
conserto-ar-condicionado-split-guia,Conserto de ar condicionado split em Guia,Oferecemos serviços de conserto de ar condicionado split para residências e empresas em Guia. Entre em contato para assistência rápida e eficiente.,Guia
arrumar-ar-condicionado-guia,Arranjo de ar condicionado em Guia,Oferecemos serviços de reparação e manutenção de ar condicionado para sua casa ou empresa em Guia.,Guia
reparo-ar-condicionado-guia,Reparo de ar condicionado em Guia,"Oferecemos serviços de reparo de ar condicionado para residências e empresas em Guia, garantindo o conforto e a eficiência do seu sistema de climatização.",Guia
conserto-de-ar-condicionado-de-janela-guia,Conserto de ar condicionado de janela em Guia,"Oferecemos serviços profissionais de conserto de ar condicionado de janela para sua casa ou empresa, garantindo conforto e satisfação.",Guia
ar-condicionado-reparacao-guia,Reparação de ar condicionado em Guia,"Oferecemos serviços de reparação rápida e eficaz para o seu ar condicionado, assegurando um ambiente fresco e confortável.",Guia
conserto-ar-condicionado-janela-guia,Conserto de ar condicionado de janela em Guia,"Oferecemos serviços de conserto para ar condicionado de janela, garantindo um funcionamento eficiente e duradouro em sua casa ou empresa.",Guia
arranjar-ar-condicionado-guia,Reparação de ar condicionado em Guia,"Se o seu ar condicionado não está a funcionar corretamente, nós oferecemos serviços de reparação rápidos e eficientes para garantir o seu conforto.",Guia
conserto-de-ar-condicionado-portatil-guia,Conserto de ar condicionado portátil em Guia,Oferecemos serviços de conserto de ar condicionado portátil para residências e empresas em Guia. Entre em contato conosco para uma avaliação rápida e eficaz.,Guia
conserto-ar-condicionado-portatil-guia,Conserto de ar condicionado portátil em Guia,"Oferecemos serviços de conserto para ar condicionado portátil, garantindo conforto e eficiência na sua casa ou empresa.",Guia
reparo-de-ar-condicionado-guia,Reparo de ar condicionado em Guia,"Oferecemos serviços de reparo de ar condicionado para residências e empresas em Guia, garantindo o conforto que você precisa.",Guia
conserto-de-placa-de-ar-condicionado-guia,Conserto de placa de ar condicionado em Guia,Oferecemos serviços de conserto de placas de ar condicionado para garantir o funcionamento eficiente do seu equipamento em sua casa ou empresa.,Guia
assistencia-tecnica-ar-condicionado-split-guia,Assistência técnica de ar condicionado split em Guia,"Oferecemos serviços completos de assistência técnica para a instalação, reparação e manutenção de sistemas de ar condicionado split em Guia. Entre em contato conosco para garantir o conforto da sua casa ou empresa.",Guia
assistencia-tecnica-de-ar-condicionado-guia,Assistência técnica de ar condicionado em Guia,Oferecemos serviços de reparação e manutenção de sistemas de ar condicionado para residências e empresas.,Guia
conserto-de-ar-condicionado-automotivo-perto-de-mim-guia,Conserto de ar condicionado automotivo em Guia,Oferecemos serviços de conserto de ar condicionado automotivo em Guia para garantir que seu veículo esteja sempre confortável. Entre em contato conosco para mais informações.,Guia
conserto-de-ar-condicionado-mais-proximo-guia,Conserto de ar condicionado mais próximo em Guia,"Oferecemos serviços de conserto de ar condicionado em Guia para residências e empresas, garantindo um ambiente confortável em todos os momentos.",Guia
reparacao-ar-condicionado-daikin-guia,Reparação de ar condicionado Daikin em Guia,"Oferecemos serviços de reparação de ar condicionado Daikin, garantindo o conforto e a eficiência do seu sistema. Entre em contacto connosco para mais informações.",Guia
conserto-de-split-guia,Conserto de ar condicionado split em Guia,Oferecemos serviços de conserto de ar condicionado split para residências e empresas em Guia. A nossa equipa está pronta para resolver o seu problema rapidamente.,Guia
conserto-de-ar-guia,Conserto de ar em Guia,"Oferecemos serviços de conserto de ar condicionado para residências e empresas, garantindo conforto e eficiência.",Guia
conserto-e-manutencao-de-ar-condicionado-guia,Conserto e manutenção de ar condicionado em Guia,"Oferecemos serviços de conserto e manutenção de ar condicionado para residências e empresas, garantindo o funcionamento adequado e eficiente do seu sistema de climatização.",Guia
empresa-de-conserto-de-ar-condicionado-guia,Empresa de conserto de ar condicionado em Guia,"Oferecemos serviços de conserto e manutenção para todos os tipos de ar condicionado em Guia, garantindo conforto e qualidade para sua casa ou empresa.",Guia
assistencia-tecnica-de-ar-condicionado-portatil-guia,Assistência técnica de ar condicionado portátil em Guia,"Oferecemos serviços especializados de assistência técnica para ar condicionado portátil, garantindo o melhor funcionamento e manutenção do seu equipamento.",Guia
assistencia-tecnica-para-ar-condicionado-guia,Assistência técnica para ar condicionado em Guia,"Oferecemos serviços de assistência técnica para ar condicionado, garantindo que o seu sistema funcione perfeitamente. Estamos disponíveis para reparações e manutenção, tanto para residências como para empresas.",Guia
reparo-ar-condicionado-residencial-guia,Reparo de ar condicionado residencial em Guia,"Oferecemos serviços de reparo especializados em ar condicionado residencial, garantindo conforto e eficiência em sua casa.",Guia
conserto-placa-ar-condicionado-guia,Conserto de placa de ar condicionado em Guia,Oferecemos serviços de conserto de placas de ar condicionado para garantir que seu sistema funcione perfeitamente.,Guia
reparo-ar-condicionado-split-guia,Reparo de ar condicionado split em Guia,Realizamos reparos e manutenção em sistemas de ar condicionado split para garantir o seu conforto em casa ou no trabalho.,Guia
conserto-split-guia,Conserto de ar condicionado split em Guia,"Oferecemos serviços de conserto profissional para ar condicionado split, garantindo o conforto da sua casa ou empresa em Guia.",Guia
conserto-de-ar-split-guia,Conserto de ar condicionado split em Guia,Oferecemos serviços de conserto e manutenção de ar condicionado split para residências e empresas em Guia.,Guia
assistencia-tecnica-ar-condicionado-daikin-guia,Assistência técnica de ar condicionado Daikin em Guia,"Oferecemos serviços de reparação e manutenção para sistemas de ar condicionado Daikin, garantindo conforto e eficiência em sua casa ou empresa.",Guia
ar-condicionado-de-janela-conserto-guia,Conserto de ar condicionado de janela em Guia,"Oferecemos serviços de conserto para ar condicionado de janela em Guia, garantindo que seu equipamento funcione de forma eficiente e eficaz.",Guia
ar-condicionado-reparacao-guia,Reparação de ar condicionado em Guia,"Oferecemos serviços de reparação de ar condicionado para residências e empresas em Guia, garantindo um funcionamento eficiente e confortável.",Guia
ar-condicionado-split-conserto-guia,Conserto de ar condicionado split em Guia,"Oferecemos serviços de conserto profissionais para sistemas de ar condicionado split, garantindo conforto e eficiência na sua casa ou empresa em Guia.",Guia
assistencia-ar-condicionado-gree-guia,Assistência de ar condicionado Gree em Guia,"Oferecemos serviços de assistência técnica para sistemas de ar condicionado da marca Gree, garantindo que seu equipamento esteja sempre em perfeito funcionamento.",Guia
assistencia-ar-condicionado-samsung-guia,Assistência de ar condicionado Samsung em Guia,"Oferecemos serviços de instalação, reparação e manutenção para sistemas de ar condicionado Samsung e de todas as principais marcas.",Guia
assistencia-ar-condicionado-springer-guia,Assistência de ar condicionado Springer em Guia,"Oferecemos serviços de reparação e manutenção para ar condicionado Springer, garantindo o melhor desempenho do seu equipamento em Guia.",Guia
assistencia-de-ar-condicionado-samsung-guia,Assistência de ar condicionado Samsung em Guia,"Oferecemos serviços de assistência técnica especializada para o seu ar condicionado Samsung, assegurando um funcionamento eficiente e prolongado.",Guia
assistencia-tecnica-ar-condicionado-24-horas-guia,Assistência técnica de ar condicionado 24 horas em Guia,"Oferecemos serviços de assistência técnica para todos os tipos de ar condicionado a qualquer hora, garantindo o conforto da sua casa ou empresa.",Guia
assistencia-tecnica-ar-condicionado-springer-guia,Assistência técnica de ar condicionado Springer em Guia,"Oferecemos serviços completos de assistência técnica para ar condicionado Springer, garantindo que seu sistema funcione perfeitamente. Atendimento para residências e empresas.",Guia
assistencia-tecnica-ar-portatil-guia,Assistência técnica de ar portátil em Guia,"Oferecemos serviços de reparação e manutenção para unidades de ar condicionado portátil, atendendo tanto a residências quanto a empresas.",Guia
assistencia-tecnica-de-ar-condicionado-samsung-guia,Assistência técnica de ar condicionado Samsung em Guia,"Oferecemos serviços de assistência técnica especializada para o seu ar condicionado Samsung, garantindo que o seu aparelho funcione de forma eficiente e duradoura.",Guia
consertar-o-ar-condicionado-guia,Consertar o ar condicionado em Guia,"Estamos aqui para ajudar com a reparação do seu ar condicionado, garantindo um ambiente fresco e confortável.",Guia
consertar-placa-de-ar-condicionado-guia,Consertar placa de ar condicionado em Guia,Oferecemos serviços de reparação de placas de ar condicionado para garantir o funcionamento eficiente do seu equipamento.,Guia
conserto-ar-guia,Conserto de ar condicionado em Guia,"Oferecemos serviços de conserto de ar condicionado para residências e empresas em Guia, garantindo um ambiente confortável para todos.",Guia
conserto-ar-condicionado-de-janela-guia,Conserto de ar condicionado de janela em Guia,Oferecemos serviços de conserto de ar condicionado de janela para residências e empresas em Guia. A nossa equipe está pronta para ajudar com todos os tipos de reparações e manutenção.,Guia
conserto-ar-condicionado-samsung-guia,Conserto de ar condicionado Samsung em Guia,Oferecemos serviços de reparação de ar condicionado Samsung com atenção especial para residências e empresas. Entre em contato para assistência rápida e eficaz.,Guia
conserto-ar-condicionado-springer-guia,Conserto de ar condicionado Springer em Guia,Oferecemos serviços de conserto e manutenção de ar condicionado Springer para garantir o seu conforto em todas as estações.,Guia
conserto-ar-portatil-guia,Conserto de ar portátil em Guia,Oferecemos serviços de conserto rápidos e eficientes para o seu ar condicionado portátil.,Guia
conserto-compressor-ar-condicionado-guia,Conserto de compressor de ar condicionado em Guia,"Oferecemos serviços de conserto de compressors de ar condicionado para residências e empresas, garantindo o funcionamento eficaz do seu sistema.",Guia
conserto-compressor-de-ar-condicionado-guia,Conserto de compressor de ar condicionado em Guia,Oferecemos serviços de conserto profissional de compressores de ar condicionado para garantir o funcionamento eficiente do seu sistema de climatização.,Guia
conserto-de-ar-condicionado-24-horas-guia,Conserto de ar condicionado 24 horas em Guia,Oferecemos serviços de conserto de ar condicionado 24 horas para garantir o conforto da sua casa ou empresa.,Guia
conserto-de-ar-condicionado-de-parede-guia,Conserto de ar condicionado de parede em Guia,Oferecemos serviços de conserto de ar condicionado de parede para garantir o seu conforto em casa ou no escritório.,Guia
conserto-de-ar-condicionado-inverter-guia,Conserto de ar condicionado inverter em Guia,"Oferecemos serviços de conserto de ar condicionado inverter, garantindo o conforto da sua casa ou empresa.",Guia
conserto-de-ar-condicionado-janela-guia,Conserto de ar condicionado de janela em Guia,Oferecemos serviços de conserto de ar condicionado de janela para residências e empresas em Guia. Mantenha seu ambiente fresco e confortável.,Guia
conserto-de-ar-condicionado-samsung-guia,Conserto de ar condicionado Samsung em Guia,Oferecemos serviços de conserto de ar condicionado Samsung para residências e empresas em Guia. A nossa equipa especializada garante um atendimento rápido e eficiente.,Guia
conserto-de-ar-condicionado-springer-guia,Conserto de ar condicionado Springer em Guia,Oferecemos serviços de conserto de ar condicionado Springer para garantir o conforto da sua casa ou empresa em Guia.,Guia
conserto-de-ar-refrigerado-guia,Conserto de ar refrigerado em Guia,Oferecemos serviços de conserto de ar refrigerado para residências e empresas em Guia. Entre em contato conosco para garantir o funcionamento ideal do seu equipamento.,Guia
conserto-de-central-de-ar-guia,Conserto de central de ar em Guia,"Oferecemos serviços de conserto de centrais de ar, garantindo eficiência e conforto em sua casa ou empresa.",Guia
conserto-de-compressor-de-ar-condicionado-guia,Conserto de compressor de ar condicionado em Guia,"Oferecemos serviços de conserto para compressores de ar condicionado, garantindo o funcionamento eficiente do seu sistema em Guia.",Guia
conserto-de-compressor-de-ar-condicionado-split-guia,Conserto de compressor de ar condicionado split em Guia,"Oferecemos serviços de conserto de compressors para ar condicionado split, garantindo que seu sistema funcione de forma eficiente e confiável.",Guia
conserto-de-condicionador-de-ar-guia,Conserto de condicionador de ar em Guia,"Oferecemos serviços de conserto para todos os tipos de condicionadores de ar, garantindo conforto em sua casa ou empresa.",Guia
conserto-de-placa-ar-condicionado-guia,Conserto de placa de ar condicionado em Guia,Oferecemos serviços de conserto de placas de ar condicionado para garantir o funcionamento eficiente do seu equipamento.,Guia
conserto-de-placa-de-ar-condicionado-split-guia,Conserto de placa de ar condicionado split em Guia,"Oferecemos serviços de reparação de placas de ar condicionado split, garantindo que seu equipamento funcione perfeitamente em qualquer ambiente.",Guia
conserto-de-placa-eletronica-de-ar-condicionado-guia,Conserto de placa eletrônica de ar condicionado em Guia,"Realizamos consertos especializados de placas eletrônicas de ar condicionado, garantindo o funcionamento eficaz do seu sistema de climatização.",Guia
conserto-do-ar-guia,Conserto do ar em Guia,Oferecemos serviços de reparação de ar condicionado para residências e empresas. Garantimos um atendimento rápido e eficaz para que você possa voltar a desfrutar do conforto em seu espaço.,Guia
conserto-do-ar-condicionado-guia,Conserto do ar condicionado em Guia,"Oferecemos serviços de conserto de ar condicionado para residências e empresas, garantindo o funcionamento eficiente do seu equipamento.",Guia
conserto-do-compressor-de-ar-condicionado-guia,Conserto do compressor de ar condicionado em Guia,"Oferecemos serviços de conserto e manutenção para todos os tipos de ar condicionado, garantindo o seu conforto e a eficiência do seu sistema.",Guia
conserto-e-instalacao-de-ar-condicionado-guia,Conserto e instalação de ar condicionado em Guia,Oferecemos serviços de instalação e conserto de ar condicionado para residências e empresas em Guia. A nossa equipe de profissionais está pronta para garantir o seu conforto com as melhores marcas do mercado.,Guia
conserto-em-ar-condicionado-guia,Conserto em ar condicionado em Guia,"Oferecemos serviços de conserto de ar condicionado para residências e empresas em Guia. A nossa equipa é especializada em reparar todos os tipos de unidades, garantindo um conforto adequado em qualquer ambiente.",Guia
conserto-placa-split-guia,Conserto de placa split em Guia,"Oferecemos serviços de conserto de placas para sistemas de ar condicionado split, garantindo o funcionamento eficiente do seu equipamento.",Guia
empresa-que-arruma-ar-condicionado-guia,Empresa de ar condicionado em Guia,Oferecemos serviços de reparação e manutenção de ar condicionado para residências e empresas em Guia.,Guia
empresa-que-conserta-ar-condicionado-guia,Empresa de ar condicionado em Guia,"Oferecemos serviços de reparação e manutenção de ar condicionado para clientes residenciais e comerciais. A nossa equipa é especializada em consertos de todas as principais marcas, como LG, Daikin e Samsung.",Guia
empresas-que-consertam-ar-condicionado-guia,Empresa de ar condicionado em Guia,Oferecemos serviços de reparação e manutenção de ar condicionado para residências e empresas em Guia.,Guia
hitachi-assistencia-tecnica-ar-condicionado-guia,Assistência técnica de ar condicionado Hitachi em Guia,"Oferecemos serviços de reparação e manutenção de unidades Hitachi, garantindo conforto e eficiência para sua casa ou empresa.",Guia
instalacao-e-conserto-de-ar-condicionado-guia,Instalação e conserto de ar condicionado em Guia,"Oferecemos serviços de instalação e reparação de ar condicionado, tanto para residências como para empresas, garantindo conforto e qualidade no seu espaço.",Guia
manutencao-e-conserto-de-ar-condicionado-guia,Manutenção e conserto de ar condicionado em Guia,"Oferecemos serviços de manutenção e conserto de ar condicionado para residências e empresas, garantindo o seu conforto e a eficiência do sistema.",Guia
reparo-de-ar-condicionado-split-guia,Reparo de ar condicionado split em Guia,Oferecemos serviços de reparo de ar condicionado split em Guia. Contamos com técnicos especializados para garantir o funcionamento ideal do seu sistema de climatização.,Guia
reparo-em-ar-condicionado-guia,Reparo em ar condicionado em Guia,"Oferecemos serviços de reparo para todos os tipos de ar condicionado, garantindo conforto e eficiência na sua casa ou empresa.",Guia
samsung-assistencia-ar-condicionado-guia,Assistência de ar condicionado Samsung em Guia,"Oferecemos apoio especializado para todos os modelos de ar condicionado Samsung, garantindo reparações e manutenção de qualidade para sua casa ou empresa.",Guia
reparacao-ar-condicionado-alvor,Reparação de ar condicionado em Alvor,Oferecemos serviços de reparação de ar condicionado para residências e empresas em Alvor. A nossa equipa é especializada em diagnósticos e consertos de todas as marcas.,Alvor
conserto-de-ar-condicionado-alvor,Conserto de ar condicionado em Alvor,Oferecemos serviços de conserto de ar condicionado para residências e empresas em Alvor. A nossa equipa é especializada em reparar todas as marcas e modelos.,Alvor
conserto-ar-condicionado-alvor,Conserto de ar condicionado em Alvor,"Oferecemos serviços de conserto de ar condicionado para residências e empresas, garantindo que o seu sistema funcione perfeitamente.",Alvor
assistencia-tecnica-ar-condicionado-alvor,Assistência técnica de ar condicionado em Alvor,"Oferecemos assistência técnica especializada em ar condicionado para residências e empresas, garantindo o conforto e a eficiência do seu sistema.",Alvor
ar-condicionado-conserto-alvor,Conserto de ar condicionado em Alvor,Oferecemos serviços de conserto de ar condicionado para residências e empresas em Alvor. A nossa equipe qualificada está pronta para garantir o funcionamento eficiente do seu sistema de climatização.,Alvor
conserto-de-ar-condicionado-residencial-alvor,Conserto de ar condicionado residencial em Alvor,"Oferecemos serviços de conserto para sistemas de ar condicionado residenciais, garantindo o seu conforto e bem-estar.",Alvor
assistencia-ar-condicionado-alvor,Assistência de ar condicionado em Alvor,"Oferecemos serviços de assistência técnica para ar condicionado, garantindo manutenção e reparação para residências e empresas.",Alvor
reparacao-de-ar-condicionado-alvor,Reparação de ar condicionado em Alvor,"Oferecemos serviços de reparação de ar condicionado de alta qualidade para residências e empresas em Alvor, com técnicos especializados prontos para resolver qualquer problema.",Alvor
conserto-de-ar-condicionado-split-alvor,Conserto de ar condicionado split em Alvor,Oferecemos serviços de conserto de ar condicionado split para assegurar o conforto da sua casa ou empresa em Alvor.,Alvor
conserto-de-ar-condicionado-perto-de-mim-alvor,Conserto de ar condicionado perto de mim em Alvor,Oferecemos serviços de conserto de ar condicionado para residências e empresas em Alvor.,Alvor
conserto-ar-condicionado-residencial-alvor,Conserto de ar condicionado residencial em Alvor,"Oferecemos serviços de reparação e manutenção para o seu ar condicionado residencial, garantindo o conforto da sua casa.",Alvor
conserto-ar-condicionado-split-alvor,Conserto de ar condicionado split em Alvor,Oferecemos serviços de conserto de ar condicionado split para residências e empresas em Alvor. Entre em contato para assistência rápida e eficiente.,Alvor
arrumar-ar-condicionado-alvor,Arranjo de ar condicionado em Alvor,Oferecemos serviços de reparação e manutenção de ar condicionado para sua casa ou empresa em Alvor.,Alvor
reparo-ar-condicionado-alvor,Reparo de ar condicionado em Alvor,"Oferecemos serviços de reparo de ar condicionado para residências e empresas em Alvor, garantindo o conforto e a eficiência do seu sistema de climatização.",Alvor
conserto-de-ar-condicionado-de-janela-alvor,Conserto de ar condicionado de janela em Alvor,"Oferecemos serviços profissionais de conserto de ar condicionado de janela para sua casa ou empresa, garantindo conforto e satisfação.",Alvor
ar-condicionado-reparacao-alvor,Reparação de ar condicionado em Alvor,"Oferecemos serviços de reparação rápida e eficaz para o seu ar condicionado, assegurando um ambiente fresco e confortável.",Alvor
conserto-ar-condicionado-janela-alvor,Conserto de ar condicionado de janela em Alvor,"Oferecemos serviços de conserto para ar condicionado de janela, garantindo um funcionamento eficiente e duradouro em sua casa ou empresa.",Alvor
arranjar-ar-condicionado-alvor,Reparação de ar condicionado em Alvor,"Se o seu ar condicionado não está a funcionar corretamente, nós oferecemos serviços de reparação rápidos e eficientes para garantir o seu conforto.",Alvor
conserto-de-ar-condicionado-portatil-alvor,Conserto de ar condicionado portátil em Alvor,Oferecemos serviços de conserto de ar condicionado portátil para residências e empresas em Alvor. Entre em contato conosco para uma avaliação rápida e eficaz.,Alvor
conserto-ar-condicionado-portatil-alvor,Conserto de ar condicionado portátil em Alvor,"Oferecemos serviços de conserto para ar condicionado portátil, garantindo conforto e eficiência na sua casa ou empresa.",Alvor
reparo-de-ar-condicionado-alvor,Reparo de ar condicionado em Alvor,"Oferecemos serviços de reparo de ar condicionado para residências e empresas em Alvor, garantindo o conforto que você precisa.",Alvor
conserto-de-placa-de-ar-condicionado-alvor,Conserto de placa de ar condicionado em Alvor,Oferecemos serviços de conserto de placas de ar condicionado para garantir o funcionamento eficiente do seu equipamento em sua casa ou empresa.,Alvor
assistencia-tecnica-ar-condicionado-split-alvor,Assistência técnica de ar condicionado split em Alvor,"Oferecemos serviços completos de assistência técnica para a instalação, reparação e manutenção de sistemas de ar condicionado split em Alvor. Entre em contato conosco para garantir o conforto da sua casa ou empresa.",Alvor
assistencia-tecnica-de-ar-condicionado-alvor,Assistência técnica de ar condicionado em Alvor,Oferecemos serviços de reparação e manutenção de sistemas de ar condicionado para residências e empresas.,Alvor
conserto-de-ar-condicionado-automotivo-perto-de-mim-alvor,Conserto de ar condicionado automotivo em Alvor,Oferecemos serviços de conserto de ar condicionado automotivo em Alvor para garantir que seu veículo esteja sempre confortável. Entre em contato conosco para mais informações.,Alvor
conserto-de-ar-condicionado-mais-proximo-alvor,Conserto de ar condicionado mais próximo em Alvor,"Oferecemos serviços de conserto de ar condicionado em Alvor para residências e empresas, garantindo um ambiente confortável em todos os momentos.",Alvor
reparacao-ar-condicionado-daikin-alvor,Reparação de ar condicionado Daikin em Alvor,"Oferecemos serviços de reparação de ar condicionado Daikin, garantindo o conforto e a eficiência do seu sistema. Entre em contacto connosco para mais informações.",Alvor
conserto-de-split-alvor,Conserto de ar condicionado split em Alvor,Oferecemos serviços de conserto de ar condicionado split para residências e empresas em Alvor. A nossa equipa está pronta para resolver o seu problema rapidamente.,Alvor
conserto-de-ar-alvor,Conserto de ar em Alvor,"Oferecemos serviços de conserto de ar condicionado para residências e empresas, garantindo conforto e eficiência.",Alvor
conserto-e-manutencao-de-ar-condicionado-alvor,Conserto e manutenção de ar condicionado em Alvor,"Oferecemos serviços de conserto e manutenção de ar condicionado para residências e empresas, garantindo o funcionamento adequado e eficiente do seu sistema de climatização.",Alvor
empresa-de-conserto-de-ar-condicionado-alvor,Empresa de conserto de ar condicionado em Alvor,"Oferecemos serviços de conserto e manutenção para todos os tipos de ar condicionado em Alvor, garantindo conforto e qualidade para sua casa ou empresa.",Alvor
assistencia-tecnica-de-ar-condicionado-portatil-alvor,Assistência técnica de ar condicionado portátil em Alvor,"Oferecemos serviços especializados de assistência técnica para ar condicionado portátil, garantindo o melhor funcionamento e manutenção do seu equipamento.",Alvor
assistencia-tecnica-para-ar-condicionado-alvor,Assistência técnica para ar condicionado em Alvor,"Oferecemos serviços de assistência técnica para ar condicionado, garantindo que o seu sistema funcione perfeitamente. Estamos disponíveis para reparações e manutenção, tanto para residências como para empresas.",Alvor
reparo-ar-condicionado-residencial-alvor,Reparo de ar condicionado residencial em Alvor,"Oferecemos serviços de reparo especializados em ar condicionado residencial, garantindo conforto e eficiência em sua casa.",Alvor
conserto-placa-ar-condicionado-alvor,Conserto de placa de ar condicionado em Alvor,Oferecemos serviços de conserto de placas de ar condicionado para garantir que seu sistema funcione perfeitamente.,Alvor
reparo-ar-condicionado-split-alvor,Reparo de ar condicionado split em Alvor,Realizamos reparos e manutenção em sistemas de ar condicionado split para garantir o seu conforto em casa ou no trabalho.,Alvor
conserto-split-alvor,Conserto de ar condicionado split em Alvor,"Oferecemos serviços de conserto profissional para ar condicionado split, garantindo o conforto da sua casa ou empresa em Alvor.",Alvor
conserto-de-ar-split-alvor,Conserto de ar condicionado split em Alvor,Oferecemos serviços de conserto e manutenção de ar condicionado split para residências e empresas em Alvor.,Alvor
assistencia-tecnica-ar-condicionado-daikin-alvor,Assistência técnica de ar condicionado Daikin em Alvor,"Oferecemos serviços de reparação e manutenção para sistemas de ar condicionado Daikin, garantindo conforto e eficiência em sua casa ou empresa.",Alvor
ar-condicionado-de-janela-conserto-alvor,Conserto de ar condicionado de janela em Alvor,"Oferecemos serviços de conserto para ar condicionado de janela em Alvor, garantindo que seu equipamento funcione de forma eficiente e eficaz.",Alvor
ar-condicionado-reparacao-alvor,Reparação de ar condicionado em Alvor,"Oferecemos serviços de reparação de ar condicionado para residências e empresas em Alvor, garantindo um funcionamento eficiente e confortável.",Alvor
ar-condicionado-split-conserto-alvor,Conserto de ar condicionado split em Alvor,"Oferecemos serviços de conserto profissionais para sistemas de ar condicionado split, garantindo conforto e eficiência na sua casa ou empresa em Alvor.",Alvor
assistencia-ar-condicionado-gree-alvor,Assistência de ar condicionado Gree em Alvor,"Oferecemos serviços de assistência técnica para sistemas de ar condicionado da marca Gree, garantindo que seu equipamento esteja sempre em perfeito funcionamento.",Alvor
assistencia-ar-condicionado-samsung-alvor,Assistência de ar condicionado Samsung em Alvor,"Oferecemos serviços de instalação, reparação e manutenção para sistemas de ar condicionado Samsung e de todas as principais marcas.",Alvor
assistencia-ar-condicionado-springer-alvor,Assistência de ar condicionado Springer em Alvor,"Oferecemos serviços de reparação e manutenção para ar condicionado Springer, garantindo o melhor desempenho do seu equipamento em Alvor.",Alvor
assistencia-de-ar-condicionado-samsung-alvor,Assistência de ar condicionado Samsung em Alvor,"Oferecemos serviços de assistência técnica especializada para o seu ar condicionado Samsung, assegurando um funcionamento eficiente e prolongado.",Alvor
assistencia-tecnica-ar-condicionado-24-horas-alvor,Assistência técnica de ar condicionado 24 horas em Alvor,"Oferecemos serviços de assistência técnica para todos os tipos de ar condicionado a qualquer hora, garantindo o conforto da sua casa ou empresa.",Alvor
assistencia-tecnica-ar-condicionado-springer-alvor,Assistência técnica de ar condicionado Springer em Alvor,"Oferecemos serviços completos de assistência técnica para ar condicionado Springer, garantindo que seu sistema funcione perfeitamente. Atendimento para residências e empresas.",Alvor
assistencia-tecnica-ar-portatil-alvor,Assistência técnica de ar portátil em Alvor,"Oferecemos serviços de reparação e manutenção para unidades de ar condicionado portátil, atendendo tanto a residências quanto a empresas.",Alvor
assistencia-tecnica-de-ar-condicionado-samsung-alvor,Assistência técnica de ar condicionado Samsung em Alvor,"Oferecemos serviços de assistência técnica especializada para o seu ar condicionado Samsung, garantindo que o seu aparelho funcione de forma eficiente e duradoura.",Alvor
consertar-o-ar-condicionado-alvor,Consertar o ar condicionado em Alvor,"Estamos aqui para ajudar com a reparação do seu ar condicionado, garantindo um ambiente fresco e confortável.",Alvor
consertar-placa-de-ar-condicionado-alvor,Consertar placa de ar condicionado em Alvor,Oferecemos serviços de reparação de placas de ar condicionado para garantir o funcionamento eficiente do seu equipamento.,Alvor
conserto-ar-alvor,Conserto de ar condicionado em Alvor,"Oferecemos serviços de conserto de ar condicionado para residências e empresas em Alvor, garantindo um ambiente confortável para todos.",Alvor
conserto-ar-condicionado-de-janela-alvor,Conserto de ar condicionado de janela em Alvor,Oferecemos serviços de conserto de ar condicionado de janela para residências e empresas em Alvor. A nossa equipe está pronta para ajudar com todos os tipos de reparações e manutenção.,Alvor
conserto-ar-condicionado-samsung-alvor,Conserto de ar condicionado Samsung em Alvor,Oferecemos serviços de reparação de ar condicionado Samsung com atenção especial para residências e empresas. Entre em contato para assistência rápida e eficaz.,Alvor
conserto-ar-condicionado-springer-alvor,Conserto de ar condicionado Springer em Alvor,Oferecemos serviços de conserto e manutenção de ar condicionado Springer para garantir o seu conforto em todas as estações.,Alvor
conserto-ar-portatil-alvor,Conserto de ar portátil em Alvor,Oferecemos serviços de conserto rápidos e eficientes para o seu ar condicionado portátil.,Alvor
conserto-compressor-ar-condicionado-alvor,Conserto de compressor de ar condicionado em Alvor,"Oferecemos serviços de conserto de compressors de ar condicionado para residências e empresas, garantindo o funcionamento eficaz do seu sistema.",Alvor
conserto-compressor-de-ar-condicionado-alvor,Conserto de compressor de ar condicionado em Alvor,Oferecemos serviços de conserto profissional de compressores de ar condicionado para garantir o funcionamento eficiente do seu sistema de climatização.,Alvor
conserto-de-ar-condicionado-24-horas-alvor,Conserto de ar condicionado 24 horas em Alvor,Oferecemos serviços de conserto de ar condicionado 24 horas para garantir o conforto da sua casa ou empresa.,Alvor
conserto-de-ar-condicionado-de-parede-alvor,Conserto de ar condicionado de parede em Alvor,Oferecemos serviços de conserto de ar condicionado de parede para garantir o seu conforto em casa ou no escritório.,Alvor
conserto-de-ar-condicionado-inverter-alvor,Conserto de ar condicionado inverter em Alvor,"Oferecemos serviços de conserto de ar condicionado inverter, garantindo o conforto da sua casa ou empresa.",Alvor
conserto-de-ar-condicionado-janela-alvor,Conserto de ar condicionado de janela em Alvor,Oferecemos serviços de conserto de ar condicionado de janela para residências e empresas em Alvor. Mantenha seu ambiente fresco e confortável.,Alvor
conserto-de-ar-condicionado-samsung-alvor,Conserto de ar condicionado Samsung em Alvor,Oferecemos serviços de conserto de ar condicionado Samsung para residências e empresas em Alvor. A nossa equipa especializada garante um atendimento rápido e eficiente.,Alvor
conserto-de-ar-condicionado-springer-alvor,Conserto de ar condicionado Springer em Alvor,Oferecemos serviços de conserto de ar condicionado Springer para garantir o conforto da sua casa ou empresa em Alvor.,Alvor
conserto-de-ar-refrigerado-alvor,Conserto de ar refrigerado em Alvor,Oferecemos serviços de conserto de ar refrigerado para residências e empresas em Alvor. Entre em contato conosco para garantir o funcionamento ideal do seu equipamento.,Alvor
conserto-de-central-de-ar-alvor,Conserto de central de ar em Alvor,"Oferecemos serviços de conserto de centrais de ar, garantindo eficiência e conforto em sua casa ou empresa.",Alvor
conserto-de-compressor-de-ar-condicionado-alvor,Conserto de compressor de ar condicionado em Alvor,"Oferecemos serviços de conserto para compressores de ar condicionado, garantindo o funcionamento eficiente do seu sistema em Alvor.",Alvor
conserto-de-compressor-de-ar-condicionado-split-alvor,Conserto de compressor de ar condicionado split em Alvor,"Oferecemos serviços de conserto de compressors para ar condicionado split, garantindo que seu sistema funcione de forma eficiente e confiável.",Alvor
conserto-de-condicionador-de-ar-alvor,Conserto de condicionador de ar em Alvor,"Oferecemos serviços de conserto para todos os tipos de condicionadores de ar, garantindo conforto em sua casa ou empresa.",Alvor
conserto-de-placa-ar-condicionado-alvor,Conserto de placa de ar condicionado em Alvor,Oferecemos serviços de conserto de placas de ar condicionado para garantir o funcionamento eficiente do seu equipamento.,Alvor
conserto-de-placa-de-ar-condicionado-split-alvor,Conserto de placa de ar condicionado split em Alvor,"Oferecemos serviços de reparação de placas de ar condicionado split, garantindo que seu equipamento funcione perfeitamente em qualquer ambiente.",Alvor
conserto-de-placa-eletronica-de-ar-condicionado-alvor,Conserto de placa eletrônica de ar condicionado em Alvor,"Realizamos consertos especializados de placas eletrônicas de ar condicionado, garantindo o funcionamento eficaz do seu sistema de climatização.",Alvor
conserto-do-ar-alvor,Conserto do ar em Alvor,Oferecemos serviços de reparação de ar condicionado para residências e empresas. Garantimos um atendimento rápido e eficaz para que você possa voltar a desfrutar do conforto em seu espaço.,Alvor
conserto-do-ar-condicionado-alvor,Conserto do ar condicionado em Alvor,"Oferecemos serviços de conserto de ar condicionado para residências e empresas, garantindo o funcionamento eficiente do seu equipamento.",Alvor
conserto-do-compressor-de-ar-condicionado-alvor,Conserto do compressor de ar condicionado em Alvor,"Oferecemos serviços de conserto e manutenção para todos os tipos de ar condicionado, garantindo o seu conforto e a eficiência do seu sistema.",Alvor
conserto-e-instalacao-de-ar-condicionado-alvor,Conserto e instalação de ar condicionado em Alvor,Oferecemos serviços de instalação e conserto de ar condicionado para residências e empresas em Alvor. A nossa equipe de profissionais está pronta para garantir o seu conforto com as melhores marcas do mercado.,Alvor
conserto-em-ar-condicionado-alvor,Conserto em ar condicionado em Alvor,"Oferecemos serviços de conserto de ar condicionado para residências e empresas em Alvor. A nossa equipa é especializada em reparar todos os tipos de unidades, garantindo um conforto adequado em qualquer ambiente.",Alvor
conserto-placa-split-alvor,Conserto de placa split em Alvor,"Oferecemos serviços de conserto de placas para sistemas de ar condicionado split, garantindo o funcionamento eficiente do seu equipamento.",Alvor
empresa-que-arruma-ar-condicionado-alvor,Empresa de ar condicionado em Alvor,Oferecemos serviços de reparação e manutenção de ar condicionado para residências e empresas em Alvor.,Alvor
empresa-que-conserta-ar-condicionado-alvor,Empresa de ar condicionado em Alvor,"Oferecemos serviços de reparação e manutenção de ar condicionado para clientes residenciais e comerciais. A nossa equipa é especializada em consertos de todas as principais marcas, como LG, Daikin e Samsung.",Alvor
empresas-que-consertam-ar-condicionado-alvor,Empresa de ar condicionado em Alvor,Oferecemos serviços de reparação e manutenção de ar condicionado para residências e empresas em Alvor.,Alvor
hitachi-assistencia-tecnica-ar-condicionado-alvor,Assistência técnica de ar condicionado Hitachi em Alvor,"Oferecemos serviços de reparação e manutenção de unidades Hitachi, garantindo conforto e eficiência para sua casa ou empresa.",Alvor
instalacao-e-conserto-de-ar-condicionado-alvor,Instalação e conserto de ar condicionado em Alvor,"Oferecemos serviços de instalação e reparação de ar condicionado, tanto para residências como para empresas, garantindo conforto e qualidade no seu espaço.",Alvor
manutencao-e-conserto-de-ar-condicionado-alvor,Manutenção e conserto de ar condicionado em Alvor,"Oferecemos serviços de manutenção e conserto de ar condicionado para residências e empresas, garantindo o seu conforto e a eficiência do sistema.",Alvor
reparo-de-ar-condicionado-split-alvor,Reparo de ar condicionado split em Alvor,Oferecemos serviços de reparo de ar condicionado split em Alvor. Contamos com técnicos especializados para garantir o funcionamento ideal do seu sistema de climatização.,Alvor
reparo-em-ar-condicionado-alvor,Reparo em ar condicionado em Alvor,"Oferecemos serviços de reparo para todos os tipos de ar condicionado, garantindo conforto e eficiência na sua casa ou empresa.",Alvor
samsung-assistencia-ar-condicionado-alvor,Assistência de ar condicionado Samsung em Alvor,"Oferecemos apoio especializado para todos os modelos de ar condicionado Samsung, garantindo reparações e manutenção de qualidade para sua casa ou empresa.",Alvor
reparacao-ar-condicionado-quarteira,Reparação de ar condicionado em Quarteira,Oferecemos serviços de reparação de ar condicionado para residências e empresas em Quarteira. A nossa equipa é especializada em diagnósticos e consertos de todas as marcas.,Quarteira
conserto-de-ar-condicionado-quarteira,Conserto de ar condicionado em Quarteira,Oferecemos serviços de conserto de ar condicionado para residências e empresas em Quarteira. A nossa equipa é especializada em reparar todas as marcas e modelos.,Quarteira
conserto-ar-condicionado-quarteira,Conserto de ar condicionado em Quarteira,"Oferecemos serviços de conserto de ar condicionado para residências e empresas, garantindo que o seu sistema funcione perfeitamente.",Quarteira
assistencia-tecnica-ar-condicionado-quarteira,Assistência técnica de ar condicionado em Quarteira,"Oferecemos assistência técnica especializada em ar condicionado para residências e empresas, garantindo o conforto e a eficiência do seu sistema.",Quarteira
ar-condicionado-conserto-quarteira,Conserto de ar condicionado em Quarteira,Oferecemos serviços de conserto de ar condicionado para residências e empresas em Quarteira. A nossa equipe qualificada está pronta para garantir o funcionamento eficiente do seu sistema de climatização.,Quarteira
conserto-de-ar-condicionado-residencial-quarteira,Conserto de ar condicionado residencial em Quarteira,"Oferecemos serviços de conserto para sistemas de ar condicionado residenciais, garantindo o seu conforto e bem-estar.",Quarteira
assistencia-ar-condicionado-quarteira,Assistência de ar condicionado em Quarteira,"Oferecemos serviços de assistência técnica para ar condicionado, garantindo manutenção e reparação para residências e empresas.",Quarteira
reparacao-de-ar-condicionado-quarteira,Reparação de ar condicionado em Quarteira,"Oferecemos serviços de reparação de ar condicionado de alta qualidade para residências e empresas em Quarteira, com técnicos especializados prontos para resolver qualquer problema.",Quarteira
conserto-de-ar-condicionado-split-quarteira,Conserto de ar condicionado split em Quarteira,Oferecemos serviços de conserto de ar condicionado split para assegurar o conforto da sua casa ou empresa em Quarteira.,Quarteira
conserto-de-ar-condicionado-perto-de-mim-quarteira,Conserto de ar condicionado perto de mim em Quarteira,Oferecemos serviços de conserto de ar condicionado para residências e empresas em Quarteira.,Quarteira
conserto-ar-condicionado-residencial-quarteira,Conserto de ar condicionado residencial em Quarteira,"Oferecemos serviços de reparação e manutenção para o seu ar condicionado residencial, garantindo o conforto da sua casa.",Quarteira
conserto-ar-condicionado-split-quarteira,Conserto de ar condicionado split em Quarteira,Oferecemos serviços de conserto de ar condicionado split para residências e empresas em Quarteira. Entre em contato para assistência rápida e eficiente.,Quarteira
arrumar-ar-condicionado-quarteira,Arranjo de ar condicionado em Quarteira,Oferecemos serviços de reparação e manutenção de ar condicionado para sua casa ou empresa em Quarteira.,Quarteira
reparo-ar-condicionado-quarteira,Reparo de ar condicionado em Quarteira,"Oferecemos serviços de reparo de ar condicionado para residências e empresas em Quarteira, garantindo o conforto e a eficiência do seu sistema de climatização.",Quarteira
conserto-de-ar-condicionado-de-janela-quarteira,Conserto de ar condicionado de janela em Quarteira,"Oferecemos serviços profissionais de conserto de ar condicionado de janela para sua casa ou empresa, garantindo conforto e satisfação.",Quarteira
ar-condicionado-reparacao-quarteira,Reparação de ar condicionado em Quarteira,"Oferecemos serviços de reparação rápida e eficaz para o seu ar condicionado, assegurando um ambiente fresco e confortável.",Quarteira
conserto-ar-condicionado-janela-quarteira,Conserto de ar condicionado de janela em Quarteira,"Oferecemos serviços de conserto para ar condicionado de janela, garantindo um funcionamento eficiente e duradouro em sua casa ou empresa.",Quarteira
arranjar-ar-condicionado-quarteira,Reparação de ar condicionado em Quarteira,"Se o seu ar condicionado não está a funcionar corretamente, nós oferecemos serviços de reparação rápidos e eficientes para garantir o seu conforto.",Quarteira
conserto-de-ar-condicionado-portatil-quarteira,Conserto de ar condicionado portátil em Quarteira,Oferecemos serviços de conserto de ar condicionado portátil para residências e empresas em Quarteira. Entre em contato conosco para uma avaliação rápida e eficaz.,Quarteira
conserto-ar-condicionado-portatil-quarteira,Conserto de ar condicionado portátil em Quarteira,"Oferecemos serviços de conserto para ar condicionado portátil, garantindo conforto e eficiência na sua casa ou empresa.",Quarteira
reparo-de-ar-condicionado-quarteira,Reparo de ar condicionado em Quarteira,"Oferecemos serviços de reparo de ar condicionado para residências e empresas em Quarteira, garantindo o conforto que você precisa.",Quarteira
conserto-de-placa-de-ar-condicionado-quarteira,Conserto de placa de ar condicionado em Quarteira,Oferecemos serviços de conserto de placas de ar condicionado para garantir o funcionamento eficiente do seu equipamento em sua casa ou empresa.,Quarteira
assistencia-tecnica-ar-condicionado-split-quarteira,Assistência técnica de ar condicionado split em Quarteira,"Oferecemos serviços completos de assistência técnica para a instalação, reparação e manutenção de sistemas de ar condicionado split em Quarteira. Entre em contato conosco para garantir o conforto da sua casa ou empresa.",Quarteira
assistencia-tecnica-de-ar-condicionado-quarteira,Assistência técnica de ar condicionado em Quarteira,Oferecemos serviços de reparação e manutenção de sistemas de ar condicionado para residências e empresas.,Quarteira
conserto-de-ar-condicionado-automotivo-perto-de-mim-quarteira,Conserto de ar condicionado automotivo em Quarteira,Oferecemos serviços de conserto de ar condicionado automotivo em Quarteira para garantir que seu veículo esteja sempre confortável. Entre em contato conosco para mais informações.,Quarteira
conserto-de-ar-condicionado-mais-proximo-quarteira,Conserto de ar condicionado mais próximo em Quarteira,"Oferecemos serviços de conserto de ar condicionado em Quarteira para residências e empresas, garantindo um ambiente confortável em todos os momentos.",Quarteira
reparacao-ar-condicionado-daikin-quarteira,Reparação de ar condicionado Daikin em Quarteira,"Oferecemos serviços de reparação de ar condicionado Daikin, garantindo o conforto e a eficiência do seu sistema. Entre em contacto connosco para mais informações.",Quarteira
conserto-de-split-quarteira,Conserto de ar condicionado split em Quarteira,Oferecemos serviços de conserto de ar condicionado split para residências e empresas em Quarteira. A nossa equipa está pronta para resolver o seu problema rapidamente.,Quarteira
conserto-de-ar-quarteira,Conserto de ar em Quarteira,"Oferecemos serviços de conserto de ar condicionado para residências e empresas, garantindo conforto e eficiência.",Quarteira
conserto-e-manutencao-de-ar-condicionado-quarteira,Conserto e manutenção de ar condicionado em Quarteira,"Oferecemos serviços de conserto e manutenção de ar condicionado para residências e empresas, garantindo o funcionamento adequado e eficiente do seu sistema de climatização.",Quarteira
empresa-de-conserto-de-ar-condicionado-quarteira,Empresa de conserto de ar condicionado em Quarteira,"Oferecemos serviços de conserto e manutenção para todos os tipos de ar condicionado em Quarteira, garantindo conforto e qualidade para sua casa ou empresa.",Quarteira
assistencia-tecnica-de-ar-condicionado-portatil-quarteira,Assistência técnica de ar condicionado portátil em Quarteira,"Oferecemos serviços especializados de assistência técnica para ar condicionado portátil, garantindo o melhor funcionamento e manutenção do seu equipamento.",Quarteira
assistencia-tecnica-para-ar-condicionado-quarteira,Assistência técnica para ar condicionado em Quarteira,"Oferecemos serviços de assistência técnica para ar condicionado, garantindo que o seu sistema funcione perfeitamente. Estamos disponíveis para reparações e manutenção, tanto para residências como para empresas.",Quarteira
reparo-ar-condicionado-residencial-quarteira,Reparo de ar condicionado residencial em Quarteira,"Oferecemos serviços de reparo especializados em ar condicionado residencial, garantindo conforto e eficiência em sua casa.",Quarteira
conserto-placa-ar-condicionado-quarteira,Conserto de placa de ar condicionado em Quarteira,Oferecemos serviços de conserto de placas de ar condicionado para garantir que seu sistema funcione perfeitamente.,Quarteira
reparo-ar-condicionado-split-quarteira,Reparo de ar condicionado split em Quarteira,Realizamos reparos e manutenção em sistemas de ar condicionado split para garantir o seu conforto em casa ou no trabalho.,Quarteira
conserto-split-quarteira,Conserto de ar condicionado split em Quarteira,"Oferecemos serviços de conserto profissional para ar condicionado split, garantindo o conforto da sua casa ou empresa em Quarteira.",Quarteira
conserto-de-ar-split-quarteira,Conserto de ar condicionado split em Quarteira,Oferecemos serviços de conserto e manutenção de ar condicionado split para residências e empresas em Quarteira.,Quarteira
assistencia-tecnica-ar-condicionado-daikin-quarteira,Assistência técnica de ar condicionado Daikin em Quarteira,"Oferecemos serviços de reparação e manutenção para sistemas de ar condicionado Daikin, garantindo conforto e eficiência em sua casa ou empresa.",Quarteira
ar-condicionado-de-janela-conserto-quarteira,Conserto de ar condicionado de janela em Quarteira,"Oferecemos serviços de conserto para ar condicionado de janela em Quarteira, garantindo que seu equipamento funcione de forma eficiente e eficaz.",Quarteira
ar-condicionado-reparacao-quarteira,Reparação de ar condicionado em Quarteira,"Oferecemos serviços de reparação de ar condicionado para residências e empresas em Quarteira, garantindo um funcionamento eficiente e confortável.",Quarteira
ar-condicionado-split-conserto-quarteira,Conserto de ar condicionado split em Quarteira,"Oferecemos serviços de conserto profissionais para sistemas de ar condicionado split, garantindo conforto e eficiência na sua casa ou empresa em Quarteira.",Quarteira
assistencia-ar-condicionado-gree-quarteira,Assistência de ar condicionado Gree em Quarteira,"Oferecemos serviços de assistência técnica para sistemas de ar condicionado da marca Gree, garantindo que seu equipamento esteja sempre em perfeito funcionamento.",Quarteira
assistencia-ar-condicionado-samsung-quarteira,Assistência de ar condicionado Samsung em Quarteira,"Oferecemos serviços de instalação, reparação e manutenção para sistemas de ar condicionado Samsung e de todas as principais marcas.",Quarteira
assistencia-ar-condicionado-springer-quarteira,Assistência de ar condicionado Springer em Quarteira,"Oferecemos serviços de reparação e manutenção para ar condicionado Springer, garantindo o melhor desempenho do seu equipamento em Quarteira.",Quarteira
assistencia-de-ar-condicionado-samsung-quarteira,Assistência de ar condicionado Samsung em Quarteira,"Oferecemos serviços de assistência técnica especializada para o seu ar condicionado Samsung, assegurando um funcionamento eficiente e prolongado.",Quarteira
assistencia-tecnica-ar-condicionado-24-horas-quarteira,Assistência técnica de ar condicionado 24 horas em Quarteira,"Oferecemos serviços de assistência técnica para todos os tipos de ar condicionado a qualquer hora, garantindo o conforto da sua casa ou empresa.",Quarteira
assistencia-tecnica-ar-condicionado-springer-quarteira,Assistência técnica de ar condicionado Springer em Quarteira,"Oferecemos serviços completos de assistência técnica para ar condicionado Springer, garantindo que seu sistema funcione perfeitamente. Atendimento para residências e empresas.",Quarteira
assistencia-tecnica-ar-portatil-quarteira,Assistência técnica de ar portátil em Quarteira,"Oferecemos serviços de reparação e manutenção para unidades de ar condicionado portátil, atendendo tanto a residências quanto a empresas.",Quarteira
assistencia-tecnica-de-ar-condicionado-samsung-quarteira,Assistência técnica de ar condicionado Samsung em Quarteira,"Oferecemos serviços de assistência técnica especializada para o seu ar condicionado Samsung, garantindo que o seu aparelho funcione de forma eficiente e duradoura.",Quarteira
consertar-o-ar-condicionado-quarteira,Consertar o ar condicionado em Quarteira,"Estamos aqui para ajudar com a reparação do seu ar condicionado, garantindo um ambiente fresco e confortável.",Quarteira
consertar-placa-de-ar-condicionado-quarteira,Consertar placa de ar condicionado em Quarteira,Oferecemos serviços de reparação de placas de ar condicionado para garantir o funcionamento eficiente do seu equipamento.,Quarteira
conserto-ar-quarteira,Conserto de ar condicionado em Quarteira,"Oferecemos serviços de conserto de ar condicionado para residências e empresas em Quarteira, garantindo um ambiente confortável para todos.",Quarteira
conserto-ar-condicionado-de-janela-quarteira,Conserto de ar condicionado de janela em Quarteira,Oferecemos serviços de conserto de ar condicionado de janela para residências e empresas em Quarteira. A nossa equipe está pronta para ajudar com todos os tipos de reparações e manutenção.,Quarteira
conserto-ar-condicionado-samsung-quarteira,Conserto de ar condicionado Samsung em Quarteira,Oferecemos serviços de reparação de ar condicionado Samsung com atenção especial para residências e empresas. Entre em contato para assistência rápida e eficaz.,Quarteira
conserto-ar-condicionado-springer-quarteira,Conserto de ar condicionado Springer em Quarteira,Oferecemos serviços de conserto e manutenção de ar condicionado Springer para garantir o seu conforto em todas as estações.,Quarteira
conserto-ar-portatil-quarteira,Conserto de ar portátil em Quarteira,Oferecemos serviços de conserto rápidos e eficientes para o seu ar condicionado portátil.,Quarteira
conserto-compressor-ar-condicionado-quarteira,Conserto de compressor de ar condicionado em Quarteira,"Oferecemos serviços de conserto de compressors de ar condicionado para residências e empresas, garantindo o funcionamento eficaz do seu sistema.",Quarteira
conserto-compressor-de-ar-condicionado-quarteira,Conserto de compressor de ar condicionado em Quarteira,Oferecemos serviços de conserto profissional de compressores de ar condicionado para garantir o funcionamento eficiente do seu sistema de climatização.,Quarteira
conserto-de-ar-condicionado-24-horas-quarteira,Conserto de ar condicionado 24 horas em Quarteira,Oferecemos serviços de conserto de ar condicionado 24 horas para garantir o conforto da sua casa ou empresa.,Quarteira
conserto-de-ar-condicionado-de-parede-quarteira,Conserto de ar condicionado de parede em Quarteira,Oferecemos serviços de conserto de ar condicionado de parede para garantir o seu conforto em casa ou no escritório.,Quarteira
conserto-de-ar-condicionado-inverter-quarteira,Conserto de ar condicionado inverter em Quarteira,"Oferecemos serviços de conserto de ar condicionado inverter, garantindo o conforto da sua casa ou empresa.",Quarteira
conserto-de-ar-condicionado-janela-quarteira,Conserto de ar condicionado de janela em Quarteira,Oferecemos serviços de conserto de ar condicionado de janela para residências e empresas em Quarteira. Mantenha seu ambiente fresco e confortável.,Quarteira
conserto-de-ar-condicionado-samsung-quarteira,Conserto de ar condicionado Samsung em Quarteira,Oferecemos serviços de conserto de ar condicionado Samsung para residências e empresas em Quarteira. A nossa equipa especializada garante um atendimento rápido e eficiente.,Quarteira
conserto-de-ar-condicionado-springer-quarteira,Conserto de ar condicionado Springer em Quarteira,Oferecemos serviços de conserto de ar condicionado Springer para garantir o conforto da sua casa ou empresa em Quarteira.,Quarteira
conserto-de-ar-refrigerado-quarteira,Conserto de ar refrigerado em Quarteira,Oferecemos serviços de conserto de ar refrigerado para residências e empresas em Quarteira. Entre em contato conosco para garantir o funcionamento ideal do seu equipamento.,Quarteira
conserto-de-central-de-ar-quarteira,Conserto de central de ar em Quarteira,"Oferecemos serviços de conserto de centrais de ar, garantindo eficiência e conforto em sua casa ou empresa.",Quarteira
conserto-de-compressor-de-ar-condicionado-quarteira,Conserto de compressor de ar condicionado em Quarteira,"Oferecemos serviços de conserto para compressores de ar condicionado, garantindo o funcionamento eficiente do seu sistema em Quarteira.",Quarteira
conserto-de-compressor-de-ar-condicionado-split-quarteira,Conserto de compressor de ar condicionado split em Quarteira,"Oferecemos serviços de conserto de compressors para ar condicionado split, garantindo que seu sistema funcione de forma eficiente e confiável.",Quarteira
conserto-de-condicionador-de-ar-quarteira,Conserto de condicionador de ar em Quarteira,"Oferecemos serviços de conserto para todos os tipos de condicionadores de ar, garantindo conforto em sua casa ou empresa.",Quarteira
conserto-de-placa-ar-condicionado-quarteira,Conserto de placa de ar condicionado em Quarteira,Oferecemos serviços de conserto de placas de ar condicionado para garantir o funcionamento eficiente do seu equipamento.,Quarteira
conserto-de-placa-de-ar-condicionado-split-quarteira,Conserto de placa de ar condicionado split em Quarteira,"Oferecemos serviços de reparação de placas de ar condicionado split, garantindo que seu equipamento funcione perfeitamente em qualquer ambiente.",Quarteira
conserto-de-placa-eletronica-de-ar-condicionado-quarteira,Conserto de placa eletrônica de ar condicionado em Quarteira,"Realizamos consertos especializados de placas eletrônicas de ar condicionado, garantindo o funcionamento eficaz do seu sistema de climatização.",Quarteira
conserto-do-ar-quarteira,Conserto do ar em Quarteira,Oferecemos serviços de reparação de ar condicionado para residências e empresas. Garantimos um atendimento rápido e eficaz para que você possa voltar a desfrutar do conforto em seu espaço.,Quarteira
conserto-do-ar-condicionado-quarteira,Conserto do ar condicionado em Quarteira,"Oferecemos serviços de conserto de ar condicionado para residências e empresas, garantindo o funcionamento eficiente do seu equipamento.",Quarteira
conserto-do-compressor-de-ar-condicionado-quarteira,Conserto do compressor de ar condicionado em Quarteira,"Oferecemos serviços de conserto e manutenção para todos os tipos de ar condicionado, garantindo o seu conforto e a eficiência do seu sistema.",Quarteira
conserto-e-instalacao-de-ar-condicionado-quarteira,Conserto e instalação de ar condicionado em Quarteira,Oferecemos serviços de instalação e conserto de ar condicionado para residências e empresas em Quarteira. A nossa equipe de profissionais está pronta para garantir o seu conforto com as melhores marcas do mercado.,Quarteira
conserto-em-ar-condicionado-quarteira,Conserto em ar condicionado em Quarteira,"Oferecemos serviços de conserto de ar condicionado para residências e empresas em Quarteira. A nossa equipa é especializada em reparar todos os tipos de unidades, garantindo um conforto adequado em qualquer ambiente.",Quarteira
conserto-placa-split-quarteira,Conserto de placa split em Quarteira,"Oferecemos serviços de conserto de placas para sistemas de ar condicionado split, garantindo o funcionamento eficiente do seu equipamento.",Quarteira
empresa-que-arruma-ar-condicionado-quarteira,Empresa de ar condicionado em Quarteira,Oferecemos serviços de reparação e manutenção de ar condicionado para residências e empresas em Quarteira.,Quarteira
empresa-que-conserta-ar-condicionado-quarteira,Empresa de ar condicionado em Quarteira,"Oferecemos serviços de reparação e manutenção de ar condicionado para clientes residenciais e comerciais. A nossa equipa é especializada em consertos de todas as principais marcas, como LG, Daikin e Samsung.",Quarteira
empresas-que-consertam-ar-condicionado-quarteira,Empresa de ar condicionado em Quarteira,Oferecemos serviços de reparação e manutenção de ar condicionado para residências e empresas em Quarteira.,Quarteira
hitachi-assistencia-tecnica-ar-condicionado-quarteira,Assistência técnica de ar condicionado Hitachi em Quarteira,"Oferecemos serviços de reparação e manutenção de unidades Hitachi, garantindo conforto e eficiência para sua casa ou empresa.",Quarteira
instalacao-e-conserto-de-ar-condicionado-quarteira,Instalação e conserto de ar condicionado em Quarteira,"Oferecemos serviços de instalação e reparação de ar condicionado, tanto para residências como para empresas, garantindo conforto e qualidade no seu espaço.",Quarteira
manutencao-e-conserto-de-ar-condicionado-quarteira,Manutenção e conserto de ar condicionado em Quarteira,"Oferecemos serviços de manutenção e conserto de ar condicionado para residências e empresas, garantindo o seu conforto e a eficiência do sistema.",Quarteira
reparo-de-ar-condicionado-split-quarteira,Reparo de ar condicionado split em Quarteira,Oferecemos serviços de reparo de ar condicionado split em Quarteira. Contamos com técnicos especializados para garantir o funcionamento ideal do seu sistema de climatização.,Quarteira
reparo-em-ar-condicionado-quarteira,Reparo em ar condicionado em Quarteira,"Oferecemos serviços de reparo para todos os tipos de ar condicionado, garantindo conforto e eficiência na sua casa ou empresa.",Quarteira
samsung-assistencia-ar-condicionado-quarteira,Assistência de ar condicionado Samsung em Quarteira,"Oferecemos apoio especializado para todos os modelos de ar condicionado Samsung, garantindo reparações e manutenção de qualidade para sua casa ou empresa.",Quarteira
reparacao-ar-condicionado-algarve,Reparação de ar condicionado em Algarve,Oferecemos serviços de reparação de ar condicionado para residências e empresas em Algarve. A nossa equipa é especializada em diagnósticos e consertos de todas as marcas.,Algarve
conserto-de-ar-condicionado-algarve,Conserto de ar condicionado em Algarve,Oferecemos serviços de conserto de ar condicionado para residências e empresas em Algarve. A nossa equipa é especializada em reparar todas as marcas e modelos.,Algarve
conserto-ar-condicionado-algarve,Conserto de ar condicionado em Algarve,"Oferecemos serviços de conserto de ar condicionado para residências e empresas, garantindo que o seu sistema funcione perfeitamente.",Algarve
assistencia-tecnica-ar-condicionado-algarve,Assistência técnica de ar condicionado em Algarve,"Oferecemos assistência técnica especializada em ar condicionado para residências e empresas, garantindo o conforto e a eficiência do seu sistema.",Algarve
ar-condicionado-conserto-algarve,Conserto de ar condicionado em Algarve,Oferecemos serviços de conserto de ar condicionado para residências e empresas em Algarve. A nossa equipe qualificada está pronta para garantir o funcionamento eficiente do seu sistema de climatização.,Algarve
conserto-de-ar-condicionado-residencial-algarve,Conserto de ar condicionado residencial em Algarve,"Oferecemos serviços de conserto para sistemas de ar condicionado residenciais, garantindo o seu conforto e bem-estar.",Algarve
assistencia-ar-condicionado-algarve,Assistência de ar condicionado em Algarve,"Oferecemos serviços de assistência técnica para ar condicionado, garantindo manutenção e reparação para residências e empresas.",Algarve
reparacao-de-ar-condicionado-algarve,Reparação de ar condicionado em Algarve,"Oferecemos serviços de reparação de ar condicionado de alta qualidade para residências e empresas em Algarve, com técnicos especializados prontos para resolver qualquer problema.",Algarve
conserto-de-ar-condicionado-split-algarve,Conserto de ar condicionado split em Algarve,Oferecemos serviços de conserto de ar condicionado split para assegurar o conforto da sua casa ou empresa em Algarve.,Algarve
conserto-de-ar-condicionado-perto-de-mim-algarve,Conserto de ar condicionado perto de mim em Algarve,Oferecemos serviços de conserto de ar condicionado para residências e empresas em Algarve.,Algarve
conserto-ar-condicionado-residencial-algarve,Conserto de ar condicionado residencial em Algarve,"Oferecemos serviços de reparação e manutenção para o seu ar condicionado residencial, garantindo o conforto da sua casa.",Algarve
conserto-ar-condicionado-split-algarve,Conserto de ar condicionado split em Algarve,Oferecemos serviços de conserto de ar condicionado split para residências e empresas em Algarve. Entre em contato para assistência rápida e eficiente.,Algarve
arrumar-ar-condicionado-algarve,Arranjo de ar condicionado em Algarve,Oferecemos serviços de reparação e manutenção de ar condicionado para sua casa ou empresa em Algarve.,Algarve
reparo-ar-condicionado-algarve,Reparo de ar condicionado em Algarve,"Oferecemos serviços de reparo de ar condicionado para residências e empresas em Algarve, garantindo o conforto e a eficiência do seu sistema de climatização.",Algarve
conserto-de-ar-condicionado-de-janela-algarve,Conserto de ar condicionado de janela em Algarve,"Oferecemos serviços profissionais de conserto de ar condicionado de janela para sua casa ou empresa, garantindo conforto e satisfação.",Algarve
ar-condicionado-reparacao-algarve,Reparação de ar condicionado em Algarve,"Oferecemos serviços de reparação rápida e eficaz para o seu ar condicionado, assegurando um ambiente fresco e confortável.",Algarve
conserto-ar-condicionado-janela-algarve,Conserto de ar condicionado de janela em Algarve,"Oferecemos serviços de conserto para ar condicionado de janela, garantindo um funcionamento eficiente e duradouro em sua casa ou empresa.",Algarve
arranjar-ar-condicionado-algarve,Reparação de ar condicionado em Algarve,"Se o seu ar condicionado não está a funcionar corretamente, nós oferecemos serviços de reparação rápidos e eficientes para garantir o seu conforto.",Algarve
conserto-de-ar-condicionado-portatil-algarve,Conserto de ar condicionado portátil em Algarve,Oferecemos serviços de conserto de ar condicionado portátil para residências e empresas em Algarve. Entre em contato conosco para uma avaliação rápida e eficaz.,Algarve
conserto-ar-condicionado-portatil-algarve,Conserto de ar condicionado portátil em Algarve,"Oferecemos serviços de conserto para ar condicionado portátil, garantindo conforto e eficiência na sua casa ou empresa.",Algarve
reparo-de-ar-condicionado-algarve,Reparo de ar condicionado em Algarve,"Oferecemos serviços de reparo de ar condicionado para residências e empresas em Algarve, garantindo o conforto que você precisa.",Algarve
conserto-de-placa-de-ar-condicionado-algarve,Conserto de placa de ar condicionado em Algarve,Oferecemos serviços de conserto de placas de ar condicionado para garantir o funcionamento eficiente do seu equipamento em sua casa ou empresa.,Algarve
assistencia-tecnica-ar-condicionado-split-algarve,Assistência técnica de ar condicionado split em Algarve,"Oferecemos serviços completos de assistência técnica para a instalação, reparação e manutenção de sistemas de ar condicionado split em Algarve. Entre em contato conosco para garantir o conforto da sua casa ou empresa.",Algarve
assistencia-tecnica-de-ar-condicionado-algarve,Assistência técnica de ar condicionado em Algarve,Oferecemos serviços de reparação e manutenção de sistemas de ar condicionado para residências e empresas.,Algarve
conserto-de-ar-condicionado-automotivo-perto-de-mim-algarve,Conserto de ar condicionado automotivo em Algarve,Oferecemos serviços de conserto de ar condicionado automotivo em Algarve para garantir que seu veículo esteja sempre confortável. Entre em contato conosco para mais informações.,Algarve
conserto-de-ar-condicionado-mais-proximo-algarve,Conserto de ar condicionado mais próximo em Algarve,"Oferecemos serviços de conserto de ar condicionado em Algarve para residências e empresas, garantindo um ambiente confortável em todos os momentos.",Algarve
reparacao-ar-condicionado-daikin-algarve,Reparação de ar condicionado Daikin em Algarve,"Oferecemos serviços de reparação de ar condicionado Daikin, garantindo o conforto e a eficiência do seu sistema. Entre em contacto connosco para mais informações.",Algarve
conserto-de-split-algarve,Conserto de ar condicionado split em Algarve,Oferecemos serviços de conserto de ar condicionado split para residências e empresas em Algarve. A nossa equipa está pronta para resolver o seu problema rapidamente.,Algarve
conserto-de-ar-algarve,Conserto de ar em Algarve,"Oferecemos serviços de conserto de ar condicionado para residências e empresas, garantindo conforto e eficiência.",Algarve
conserto-e-manutencao-de-ar-condicionado-algarve,Conserto e manutenção de ar condicionado em Algarve,"Oferecemos serviços de conserto e manutenção de ar condicionado para residências e empresas, garantindo o funcionamento adequado e eficiente do seu sistema de climatização.",Algarve
empresa-de-conserto-de-ar-condicionado-algarve,Empresa de conserto de ar condicionado em Algarve,"Oferecemos serviços de conserto e manutenção para todos os tipos de ar condicionado em Algarve, garantindo conforto e qualidade para sua casa ou empresa.",Algarve
assistencia-tecnica-de-ar-condicionado-portatil-algarve,Assistência técnica de ar condicionado portátil em Algarve,"Oferecemos serviços especializados de assistência técnica para ar condicionado portátil, garantindo o melhor funcionamento e manutenção do seu equipamento.",Algarve
assistencia-tecnica-para-ar-condicionado-algarve,Assistência técnica para ar condicionado em Algarve,"Oferecemos serviços de assistência técnica para ar condicionado, garantindo que o seu sistema funcione perfeitamente. Estamos disponíveis para reparações e manutenção, tanto para residências como para empresas.",Algarve
reparo-ar-condicionado-residencial-algarve,Reparo de ar condicionado residencial em Algarve,"Oferecemos serviços de reparo especializados em ar condicionado residencial, garantindo conforto e eficiência em sua casa.",Algarve
conserto-placa-ar-condicionado-algarve,Conserto de placa de ar condicionado em Algarve,Oferecemos serviços de conserto de placas de ar condicionado para garantir que seu sistema funcione perfeitamente.,Algarve
reparo-ar-condicionado-split-algarve,Reparo de ar condicionado split em Algarve,Realizamos reparos e manutenção em sistemas de ar condicionado split para garantir o seu conforto em casa ou no trabalho.,Algarve
conserto-split-algarve,Conserto de ar condicionado split em Algarve,"Oferecemos serviços de conserto profissional para ar condicionado split, garantindo o conforto da sua casa ou empresa em Algarve.",Algarve
conserto-de-ar-split-algarve,Conserto de ar condicionado split em Algarve,Oferecemos serviços de conserto e manutenção de ar condicionado split para residências e empresas em Algarve.,Algarve
assistencia-tecnica-ar-condicionado-daikin-algarve,Assistência técnica de ar condicionado Daikin em Algarve,"Oferecemos serviços de reparação e manutenção para sistemas de ar condicionado Daikin, garantindo conforto e eficiência em sua casa ou empresa.",Algarve
ar-condicionado-de-janela-conserto-algarve,Conserto de ar condicionado de janela em Algarve,"Oferecemos serviços de conserto para ar condicionado de janela em Algarve, garantindo que seu equipamento funcione de forma eficiente e eficaz.",Algarve
ar-condicionado-reparacao-algarve,Reparação de ar condicionado em Algarve,"Oferecemos serviços de reparação de ar condicionado para residências e empresas em Algarve, garantindo um funcionamento eficiente e confortável.",Algarve
ar-condicionado-split-conserto-algarve,Conserto de ar condicionado split em Algarve,"Oferecemos serviços de conserto profissionais para sistemas de ar condicionado split, garantindo conforto e eficiência na sua casa ou empresa em Algarve.",Algarve
assistencia-ar-condicionado-gree-algarve,Assistência de ar condicionado Gree em Algarve,"Oferecemos serviços de assistência técnica para sistemas de ar condicionado da marca Gree, garantindo que seu equipamento esteja sempre em perfeito funcionamento.",Algarve
assistencia-ar-condicionado-samsung-algarve,Assistência de ar condicionado Samsung em Algarve,"Oferecemos serviços de instalação, reparação e manutenção para sistemas de ar condicionado Samsung e de todas as principais marcas.",Algarve
assistencia-ar-condicionado-springer-algarve,Assistência de ar condicionado Springer em Algarve,"Oferecemos serviços de reparação e manutenção para ar condicionado Springer, garantindo o melhor desempenho do seu equipamento em Algarve.",Algarve
assistencia-de-ar-condicionado-samsung-algarve,Assistência de ar condicionado Samsung em Algarve,"Oferecemos serviços de assistência técnica especializada para o seu ar condicionado Samsung, assegurando um funcionamento eficiente e prolongado.",Algarve
assistencia-tecnica-ar-condicionado-24-horas-algarve,Assistência técnica de ar condicionado 24 horas em Algarve,"Oferecemos serviços de assistência técnica para todos os tipos de ar condicionado a qualquer hora, garantindo o conforto da sua casa ou empresa.",Algarve
assistencia-tecnica-ar-condicionado-springer-algarve,Assistência técnica de ar condicionado Springer em Algarve,"Oferecemos serviços completos de assistência técnica para ar condicionado Springer, garantindo que seu sistema funcione perfeitamente. Atendimento para residências e empresas.",Algarve
assistencia-tecnica-ar-portatil-algarve,Assistência técnica de ar portátil em Algarve,"Oferecemos serviços de reparação e manutenção para unidades de ar condicionado portátil, atendendo tanto a residências quanto a empresas.",Algarve
assistencia-tecnica-de-ar-condicionado-samsung-algarve,Assistência técnica de ar condicionado Samsung em Algarve,"Oferecemos serviços de assistência técnica especializada para o seu ar condicionado Samsung, garantindo que o seu aparelho funcione de forma eficiente e duradoura.",Algarve
consertar-o-ar-condicionado-algarve,Consertar o ar condicionado em Algarve,"Estamos aqui para ajudar com a reparação do seu ar condicionado, garantindo um ambiente fresco e confortável.",Algarve
consertar-placa-de-ar-condicionado-algarve,Consertar placa de ar condicionado em Algarve,Oferecemos serviços de reparação de placas de ar condicionado para garantir o funcionamento eficiente do seu equipamento.,Algarve
conserto-ar-algarve,Conserto de ar condicionado em Algarve,"Oferecemos serviços de conserto de ar condicionado para residências e empresas em Algarve, garantindo um ambiente confortável para todos.",Algarve
conserto-ar-condicionado-de-janela-algarve,Conserto de ar condicionado de janela em Algarve,Oferecemos serviços de conserto de ar condicionado de janela para residências e empresas em Algarve. A nossa equipe está pronta para ajudar com todos os tipos de reparações e manutenção.,Algarve
conserto-ar-condicionado-samsung-algarve,Conserto de ar condicionado Samsung em Algarve,Oferecemos serviços de reparação de ar condicionado Samsung com atenção especial para residências e empresas. Entre em contato para assistência rápida e eficaz.,Algarve
conserto-ar-condicionado-springer-algarve,Conserto de ar condicionado Springer em Algarve,Oferecemos serviços de conserto e manutenção de ar condicionado Springer para garantir o seu conforto em todas as estações.,Algarve
conserto-ar-portatil-algarve,Conserto de ar portátil em Algarve,Oferecemos serviços de conserto rápidos e eficientes para o seu ar condicionado portátil.,Algarve
conserto-compressor-ar-condicionado-algarve,Conserto de compressor de ar condicionado em Algarve,"Oferecemos serviços de conserto de compressors de ar condicionado para residências e empresas, garantindo o funcionamento eficaz do seu sistema.",Algarve
conserto-compressor-de-ar-condicionado-algarve,Conserto de compressor de ar condicionado em Algarve,Oferecemos serviços de conserto profissional de compressores de ar condicionado para garantir o funcionamento eficiente do seu sistema de climatização.,Algarve
conserto-de-ar-condicionado-24-horas-algarve,Conserto de ar condicionado 24 horas em Algarve,Oferecemos serviços de conserto de ar condicionado 24 horas para garantir o conforto da sua casa ou empresa.,Algarve
conserto-de-ar-condicionado-de-parede-algarve,Conserto de ar condicionado de parede em Algarve,Oferecemos serviços de conserto de ar condicionado de parede para garantir o seu conforto em casa ou no escritório.,Algarve
conserto-de-ar-condicionado-inverter-algarve,Conserto de ar condicionado inverter em Algarve,"Oferecemos serviços de conserto de ar condicionado inverter, garantindo o conforto da sua casa ou empresa.",Algarve
conserto-de-ar-condicionado-janela-algarve,Conserto de ar condicionado de janela em Algarve,Oferecemos serviços de conserto de ar condicionado de janela para residências e empresas em Algarve. Mantenha seu ambiente fresco e confortável.,Algarve
conserto-de-ar-condicionado-samsung-algarve,Conserto de ar condicionado Samsung em Algarve,Oferecemos serviços de conserto de ar condicionado Samsung para residências e empresas em Algarve. A nossa equipa especializada garante um atendimento rápido e eficiente.,Algarve
conserto-de-ar-condicionado-springer-algarve,Conserto de ar condicionado Springer em Algarve,Oferecemos serviços de conserto de ar condicionado Springer para garantir o conforto da sua casa ou empresa em Algarve.,Algarve
conserto-de-ar-refrigerado-algarve,Conserto de ar refrigerado em Algarve,Oferecemos serviços de conserto de ar refrigerado para residências e empresas em Algarve. Entre em contato conosco para garantir o funcionamento ideal do seu equipamento.,Algarve
conserto-de-central-de-ar-algarve,Conserto de central de ar em Algarve,"Oferecemos serviços de conserto de centrais de ar, garantindo eficiência e conforto em sua casa ou empresa.",Algarve
conserto-de-compressor-de-ar-condicionado-algarve,Conserto de compressor de ar condicionado em Algarve,"Oferecemos serviços de conserto para compressores de ar condicionado, garantindo o funcionamento eficiente do seu sistema em Algarve.",Algarve
conserto-de-compressor-de-ar-condicionado-split-algarve,Conserto de compressor de ar condicionado split em Algarve,"Oferecemos serviços de conserto de compressors para ar condicionado split, garantindo que seu sistema funcione de forma eficiente e confiável.",Algarve
conserto-de-condicionador-de-ar-algarve,Conserto de condicionador de ar em Algarve,"Oferecemos serviços de conserto para todos os tipos de condicionadores de ar, garantindo conforto em sua casa ou empresa.",Algarve
conserto-de-placa-ar-condicionado-algarve,Conserto de placa de ar condicionado em Algarve,Oferecemos serviços de conserto de placas de ar condicionado para garantir o funcionamento eficiente do seu equipamento.,Algarve
conserto-de-placa-de-ar-condicionado-split-algarve,Conserto de placa de ar condicionado split em Algarve,"Oferecemos serviços de reparação de placas de ar condicionado split, garantindo que seu equipamento funcione perfeitamente em qualquer ambiente.",Algarve
conserto-de-placa-eletronica-de-ar-condicionado-algarve,Conserto de placa eletrônica de ar condicionado em Algarve,"Realizamos consertos especializados de placas eletrônicas de ar condicionado, garantindo o funcionamento eficaz do seu sistema de climatização.",Algarve
conserto-do-ar-algarve,Conserto do ar em Algarve,Oferecemos serviços de reparação de ar condicionado para residências e empresas. Garantimos um atendimento rápido e eficaz para que você possa voltar a desfrutar do conforto em seu espaço.,Algarve
conserto-do-ar-condicionado-algarve,Conserto do ar condicionado em Algarve,"Oferecemos serviços de conserto de ar condicionado para residências e empresas, garantindo o funcionamento eficiente do seu equipamento.",Algarve
conserto-do-compressor-de-ar-condicionado-algarve,Conserto do compressor de ar condicionado em Algarve,"Oferecemos serviços de conserto e manutenção para todos os tipos de ar condicionado, garantindo o seu conforto e a eficiência do seu sistema.",Algarve
conserto-e-instalacao-de-ar-condicionado-algarve,Conserto e instalação de ar condicionado em Algarve,Oferecemos serviços de instalação e conserto de ar condicionado para residências e empresas em Algarve. A nossa equipe de profissionais está pronta para garantir o seu conforto com as melhores marcas do mercado.,Algarve
conserto-em-ar-condicionado-algarve,Conserto em ar condicionado em Algarve,"Oferecemos serviços de conserto de ar condicionado para residências e empresas em Algarve. A nossa equipa é especializada em reparar todos os tipos de unidades, garantindo um conforto adequado em qualquer ambiente.",Algarve
conserto-placa-split-algarve,Conserto de placa split em Algarve,"Oferecemos serviços de conserto de placas para sistemas de ar condicionado split, garantindo o funcionamento eficiente do seu equipamento.",Algarve
empresa-que-arruma-ar-condicionado-algarve,Empresa de ar condicionado em Algarve,Oferecemos serviços de reparação e manutenção de ar condicionado para residências e empresas em Algarve.,Algarve
empresa-que-conserta-ar-condicionado-algarve,Empresa de ar condicionado em Algarve,"Oferecemos serviços de reparação e manutenção de ar condicionado para clientes residenciais e comerciais. A nossa equipa é especializada em consertos de todas as principais marcas, como LG, Daikin e Samsung.",Algarve
empresas-que-consertam-ar-condicionado-algarve,Empresa de ar condicionado em Algarve,Oferecemos serviços de reparação e manutenção de ar condicionado para residências e empresas em Algarve.,Algarve
hitachi-assistencia-tecnica-ar-condicionado-algarve,Assistência técnica de ar condicionado Hitachi em Algarve,"Oferecemos serviços de reparação e manutenção de unidades Hitachi, garantindo conforto e eficiência para sua casa ou empresa.",Algarve
instalacao-e-conserto-de-ar-condicionado-algarve,Instalação e conserto de ar condicionado em Algarve,"Oferecemos serviços de instalação e reparação de ar condicionado, tanto para residências como para empresas, garantindo conforto e qualidade no seu espaço.",Algarve
manutencao-e-conserto-de-ar-condicionado-algarve,Manutenção e conserto de ar condicionado em Algarve,"Oferecemos serviços de manutenção e conserto de ar condicionado para residências e empresas, garantindo o seu conforto e a eficiência do sistema.",Algarve
reparo-de-ar-condicionado-split-algarve,Reparo de ar condicionado split em Algarve,Oferecemos serviços de reparo de ar condicionado split em Algarve. Contamos com técnicos especializados para garantir o funcionamento ideal do seu sistema de climatização.,Algarve
reparo-em-ar-condicionado-algarve,Reparo em ar condicionado em Algarve,"Oferecemos serviços de reparo para todos os tipos de ar condicionado, garantindo conforto e eficiência na sua casa ou empresa.",Algarve
samsung-assistencia-ar-condicionado-algarve,Assistência de ar condicionado Samsung em Algarve,"Oferecemos apoio especializado para todos os modelos de ar condicionado Samsung, garantindo reparações e manutenção de qualidade para sua casa ou empresa.",Algarve